   _____      _                 _       _____           _        _
  / ____|    | |               | |     |  __ \         | |      | |
 | (___   ___| |__   ___   ___ | |___  | |__) |__  _ __| |_ __ _| |
  \___ \ / __| '_ \ / _ \ / _ \| / __| |  ___/ _ \| '__| __/ _` | |
  ____) | (__| | | | (_) | (_) | \__ \ | |  | (_) | |  | || (_| | |
 |_____/ \___|_| |_|\___/ \___/|_|___/ |_|   \___/|_|   \__\__,_|_|

schools-portal - 17.0.1
2026-08-21T13:57:41.594+01:00  INFO 12852 --- [schools-portal] [           main] u.c.c.i.s.p.ImpulseSchoolsPortal         : Starting ImpulseSchoolsPortal v17.0.1 using Java 21.0.12.1 with PID 12852 (D:\CACI\WebTier\Portals\pgTest01\impulse-schools-portal\impulse-schools-portal.war started by CYP-WEBTEST-01$ in D:\CACI\WebTier\Portals\pgTest01\impulse-schools-portal)
2026-08-21T13:57:41.612+01:00  INFO 12852 --- [schools-portal] [           main] u.c.c.i.s.p.ImpulseSchoolsPortal         : The following 2 profiles are active: "postgres", "onsite-pgTest01"
2026-08-21T13:57:49.389+01:00  INFO 12852 --- [schools-portal] [           main] o.s.c.c.s.GenericScope                   : BeanFactory id=9db2cc42-6285-36c4-922f-d5d3c94dc86a
2026-08-21T13:57:49.504+01:00  INFO 12852 --- [schools-portal] [           main] ptablePropertiesBeanFactoryPostProcessor : Post-processing PropertySource instances
2026-08-21T13:57:49.508+01:00  INFO 12852 --- [schools-portal] [           main] c.u.j.EncryptablePropertySourceConverter : Skipping PropertySource configurationProperties [class org.springframework.boot.context.properties.source.ConfigurationPropertySourcesPropertySource
2026-08-21T13:57:49.572+01:00  INFO 12852 --- [schools-portal] [           main] c.u.j.EncryptablePropertySourceConverter : Converting PropertySource commandLineArgs [org.springframework.core.env.SimpleCommandLinePropertySource] to EncryptableEnumerablePropertySourceWrapper
2026-08-21T13:57:49.572+01:00  INFO 12852 --- [schools-portal] [           main] c.u.j.EncryptablePropertySourceConverter : Skipping PropertySource servletConfigInitParams [class org.springframework.core.env.PropertySource$StubPropertySource
2026-08-21T13:57:49.572+01:00  INFO 12852 --- [schools-portal] [           main] c.u.j.EncryptablePropertySourceConverter : Skipping PropertySource servletContextInitParams [class org.springframework.core.env.PropertySource$StubPropertySource
2026-08-21T13:57:49.572+01:00  INFO 12852 --- [schools-portal] [           main] c.u.j.EncryptablePropertySourceConverter : Converting PropertySource systemProperties [org.springframework.core.env.PropertiesPropertySource] to EncryptableMapPropertySourceWrapper
2026-08-21T13:57:49.572+01:00  INFO 12852 --- [schools-portal] [           main] c.u.j.EncryptablePropertySourceConverter : Converting PropertySource systemEnvironment [org.springframework.boot.env.SystemEnvironmentPropertySourceEnvironmentPostProcessor$OriginAwareSystemEnvironmentPropertySource] to EncryptableSystemEnvironmentPropertySourceWrapper
2026-08-21T13:57:49.572+01:00  INFO 12852 --- [schools-portal] [           main] c.u.j.EncryptablePropertySourceConverter : Converting PropertySource random [org.springframework.boot.env.RandomValuePropertySource] to EncryptablePropertySourceWrapper
2026-08-21T13:57:49.617+01:00  INFO 12852 --- [schools-portal] [           main] c.u.j.EncryptablePropertySourceConverter : Converting PropertySource cachedrandom [org.springframework.cloud.util.random.CachedRandomPropertySource] to EncryptablePropertySourceWrapper
2026-08-21T13:57:49.619+01:00  INFO 12852 --- [schools-portal] [           main] c.u.j.EncryptablePropertySourceConverter : Converting PropertySource Config resource 'file [D:\CACI\WebTier\Config\Portals\pgTest01\application-postgres.yml]' via location 'file:///D:/CACI/WebTier/Config/Portals/pgTest01/' [org.springframework.boot.env.OriginTrackedMapPropertySource] to EncryptableMapPropertySourceWrapper
2026-08-21T13:57:49.625+01:00  INFO 12852 --- [schools-portal] [           main] c.u.j.EncryptablePropertySourceConverter : Converting PropertySource Config resource 'file [application-onsite-pgTest01.yml]' via location 'optional:file:./' [org.springframework.boot.env.OriginTrackedMapPropertySource] to EncryptableMapPropertySourceWrapper
2026-08-21T13:57:49.626+01:00  INFO 12852 --- [schools-portal] [           main] c.u.j.EncryptablePropertySourceConverter : Converting PropertySource Config resource 'class path resource [config/application.yml]' via location 'optional:classpath:/config/' [org.springframework.boot.env.OriginTrackedMapPropertySource] to EncryptableMapPropertySourceWrapper
2026-08-21T13:57:49.626+01:00  INFO 12852 --- [schools-portal] [           main] c.u.j.EncryptablePropertySourceConverter : Converting PropertySource springCloudClientHostInfo [org.springframework.core.env.MapPropertySource] to EncryptableMapPropertySourceWrapper
2026-08-21T13:57:49.627+01:00  INFO 12852 --- [schools-portal] [           main] c.u.j.EncryptablePropertySourceConverter : Converting PropertySource applicationInfo [org.springframework.boot.ApplicationInfoPropertySource] to EncryptableMapPropertySourceWrapper
2026-08-21T13:57:49.627+01:00  INFO 12852 --- [schools-portal] [           main] c.u.j.EncryptablePropertySourceConverter : Converting PropertySource defaultProperties [org.springframework.boot.DefaultPropertiesPropertySource] to EncryptableMapPropertySourceWrapper
2026-08-21T13:57:50.255+01:00  INFO 12852 --- [schools-portal] [           main] c.u.j.f.DefaultLazyPropertyFilter        : Property Filter custom Bean not found with name 'encryptablePropertyFilter'. Initializing Default Property Filter
2026-08-21T13:57:50.297+01:00  INFO 12852 --- [schools-portal] [           main] c.u.j.r.DefaultLazyPropertyResolver      : Property Resolver custom Bean not found with name 'encryptablePropertyResolver'. Initializing Default Property Resolver
2026-08-21T13:57:50.299+01:00  INFO 12852 --- [schools-portal] [           main] c.u.j.d.DefaultLazyPropertyDetector      : Property Detector custom Bean not found with name 'encryptablePropertyDetector'. Initializing Default Property Detector
2026-08-21T13:57:51.904+01:00  INFO 12852 --- [schools-portal] [           main] o.s.b.w.e.t.TomcatWebServer              : Tomcat initialized with port 8024 (http)
2026-08-21T13:57:53.227+01:00  INFO 12852 --- [schools-portal] [           main] w.s.c.ServletWebServerApplicationContext : Root WebApplicationContext: initialization completed in 11421 ms
2026-08-21T13:57:53.824+01:00  INFO 12852 --- [schools-portal] [           main] DiscoveryClientOptionalArgsConfiguration : Eureka HTTP Client uses RestTemplate.
2026-08-21T13:57:54.160+01:00  INFO 12852 --- [schools-portal] [           main] o.s.c.n.e.InstanceInfoFactory            : Setting initial instance status as: STARTING
2026-08-21T13:57:54.217+01:00  INFO 12852 --- [schools-portal] [           main] c.n.d.DiscoveryClient                    : Initializing Eureka in region us-east-1
2026-08-21T13:57:54.225+01:00  INFO 12852 --- [schools-portal] [           main] c.n.d.s.r.a.ConfigClusterResolver        : Resolving eureka endpoints via configuration
2026-08-21T13:57:54.247+01:00  INFO 12852 --- [schools-portal] [           main] c.n.d.DiscoveryClient                    : Disable delta property : false
2026-08-21T13:57:54.253+01:00  INFO 12852 --- [schools-portal] [           main] c.n.d.DiscoveryClient                    : Single vip registry refresh property : null
2026-08-21T13:57:54.255+01:00  INFO 12852 --- [schools-portal] [           main] c.n.d.DiscoveryClient                    : Force full registry fetch : false
2026-08-21T13:57:54.255+01:00  INFO 12852 --- [schools-portal] [           main] c.n.d.DiscoveryClient                    : Application is null : false
2026-08-21T13:57:54.256+01:00  INFO 12852 --- [schools-portal] [           main] c.n.d.DiscoveryClient                    : Registered Applications size is zero : true
2026-08-21T13:57:54.256+01:00  INFO 12852 --- [schools-portal] [           main] c.n.d.DiscoveryClient                    : Application version is -1: true
2026-08-21T13:57:54.256+01:00  INFO 12852 --- [schools-portal] [           main] c.n.d.DiscoveryClient                    : Getting all instance registry info from the eureka server
2026-08-21T13:57:56.443+01:00  INFO 12852 --- [schools-portal] [           main] c.n.d.s.t.d.RedirectingEurekaHttpClient  : Request execution error. endpoint=DefaultEndpoint{ serviceUrl='http://admin:admin@localhost:8761/eureka/}, exception=I/O error on GET request for "http://localhost:8761/eureka/apps/": Connect to http://localhost:8761 [localhost/127.0.0.1, localhost/0:0:0:0:0:0:0:1] failed: Connection refused: getsockopt stacktrace=org.springframework.web.client.ResourceAccessException: I/O error on GET request for "http://localhost:8761/eureka/apps/": Connect to http://localhost:8761 [localhost/127.0.0.1, localhost/0:0:0:0:0:0:0:1] failed: Connection refused: getsockopt
	at org.springframework.web.client.RestTemplate.createResourceAccessException(RestTemplate.java:926)
	at org.springframework.web.client.RestTemplate.doExecute(RestTemplate.java:906)
	at org.springframework.web.client.RestTemplate.execute(RestTemplate.java:841)
	at org.springframework.web.client.RestTemplate.exchange(RestTemplate.java:702)
	at org.springframework.cloud.netflix.eureka.http.RestTemplateEurekaHttpClient.getApplicationsInternal(RestTemplateEurekaHttpClient.java:174)
	at org.springframework.cloud.netflix.eureka.http.RestTemplateEurekaHttpClient.getApplications(RestTemplateEurekaHttpClient.java:162)
	at com.netflix.discovery.shared.transport.decorator.EurekaHttpClientDecorator$6.execute(EurekaHttpClientDecorator.java:137)
	at com.netflix.discovery.shared.transport.decorator.RedirectingEurekaHttpClient.executeOnNewServer(RedirectingEurekaHttpClient.java:121)
	at com.netflix.discovery.shared.transport.decorator.RedirectingEurekaHttpClient.execute(RedirectingEurekaHttpClient.java:80)
	at com.netflix.discovery.shared.transport.decorator.EurekaHttpClientDecorator.getApplications(EurekaHttpClientDecorator.java:134)
	at com.netflix.discovery.shared.transport.decorator.EurekaHttpClientDecorator$6.execute(EurekaHttpClientDecorator.java:137)
	at com.netflix.discovery.shared.transport.decorator.RetryableEurekaHttpClient.execute(RetryableEurekaHttpClient.java:120)
	at com.netflix.discovery.shared.transport.decorator.EurekaHttpClientDecorator.getApplications(EurekaHttpClientDecorator.java:134)
	at com.netflix.discovery.shared.transport.decorator.EurekaHttpClientDecorator$6.execute(EurekaHttpClientDecorator.java:137)
	at com.netflix.discovery.shared.transport.decorator.SessionedEurekaHttpClient.execute(SessionedEurekaHttpClient.java:76)
	at com.netflix.discovery.shared.transport.decorator.EurekaHttpClientDecorator.getApplications(EurekaHttpClientDecorator.java:134)
	at com.netflix.discovery.DiscoveryClient.getAndStoreFullRegistry(DiscoveryClient.java:1046)
	at com.netflix.discovery.DiscoveryClient.fetchRegistry(DiscoveryClient.java:961)
	at com.netflix.discovery.DiscoveryClient.<init>(DiscoveryClient.java:410)
	at com.netflix.discovery.DiscoveryClient.<init>(DiscoveryClient.java:245)
	at com.netflix.discovery.DiscoveryClient.<init>(DiscoveryClient.java:240)
	at org.springframework.cloud.netflix.eureka.CloudEurekaClient.<init>(CloudEurekaClient.java:68)
	at org.springframework.cloud.netflix.eureka.EurekaClientAutoConfiguration$RefreshableEurekaClientConfiguration.eurekaClient(EurekaClientAutoConfiguration.java:324)
	at java.base/jdk.internal.reflect.DirectMethodHandleAccessor.invoke(DirectMethodHandleAccessor.java:103)
	at java.base/java.lang.reflect.Method.invoke(Method.java:580)
	at org.springframework.beans.factory.support.SimpleInstantiationStrategy.lambda$instantiate$0(SimpleInstantiationStrategy.java:171)
	at org.springframework.beans.factory.support.SimpleInstantiationStrategy.instantiateWithFactoryMethod(SimpleInstantiationStrategy.java:88)
	at org.springframework.beans.factory.support.SimpleInstantiationStrategy.instantiate(SimpleInstantiationStrategy.java:168)
	at org.springframework.beans.factory.support.ConstructorResolver.instantiate(ConstructorResolver.java:653)
	at org.springframework.beans.factory.support.ConstructorResolver.instantiateUsingFactoryMethod(ConstructorResolver.java:645)
	at org.springframework.beans.factory.support.AbstractAutowireCapableBeanFactory.instantiateUsingFactoryMethod(AbstractAutowireCapableBeanFactory.java:1357)
	at org.springframework.beans.factory.support.AbstractAutowireCapableBeanFactory.createBeanInstance(AbstractAutowireCapableBeanFactory.java:1187)
	at org.springframework.beans.factory.support.AbstractAutowireCapableBeanFactory.doCreateBean(AbstractAutowireCapableBeanFactory.java:563)
	at org.springframework.beans.factory.support.AbstractAutowireCapableBeanFactory.createBean(AbstractAutowireCapableBeanFactory.java:523)
	at org.springframework.beans.factory.support.AbstractBeanFactory.lambda$doGetBean$1(AbstractBeanFactory.java:375)
	at org.springframework.cloud.context.scope.GenericScope$BeanLifecycleWrapper.getBean(GenericScope.java:375)
	at org.springframework.cloud.context.scope.GenericScope.get(GenericScope.java:179)
	at org.springframework.beans.factory.support.AbstractBeanFactory.doGetBean(AbstractBeanFactory.java:372)
	at org.springframework.beans.factory.support.AbstractBeanFactory.getBean(AbstractBeanFactory.java:199)
	at org.springframework.aop.target.SimpleBeanTargetSource.getTarget(SimpleBeanTargetSource.java:35)
	at org.springframework.aop.framework.JdkDynamicAopProxy.invoke(JdkDynamicAopProxy.java:203)
	at jdk.proxy2/jdk.proxy2.$Proxy72.getApplications(Unknown Source)
	at org.springframework.cloud.netflix.eureka.EurekaDiscoveryClient.getServices(EurekaDiscoveryClient.java:74)
	at org.springframework.cloud.client.discovery.composite.CompositeDiscoveryClient.getServices(CompositeDiscoveryClient.java:68)
	at uk.co.caci.impulse.schools.portal.RequestForwardingInterceptor.updateDiscoveredServices(RequestForwardingInterceptor.java:48)
	at uk.co.caci.impulse.schools.portal.RequestForwardingInterceptor.init(RequestForwardingInterceptor.java:64)
	at java.base/jdk.internal.reflect.DirectMethodHandleAccessor.invoke(DirectMethodHandleAccessor.java:103)
	at java.base/java.lang.reflect.Method.invoke(Method.java:580)
	at org.springframework.beans.factory.annotation.InitDestroyAnnotationBeanPostProcessor$LifecycleMethod.invoke(InitDestroyAnnotationBeanPostProcessor.java:457)
	at org.springframework.beans.factory.annotation.InitDestroyAnnotationBeanPostProcessor$LifecycleMetadata.invokeInitMethods(InitDestroyAnnotationBeanPostProcessor.java:401)
	at org.springframework.beans.factory.annotation.InitDestroyAnnotationBeanPostProcessor.postProcessBeforeInitialization(InitDestroyAnnotationBeanPostProcessor.java:219)
	at org.springframework.beans.factory.support.AbstractAutowireCapableBeanFactory.applyBeanPostProcessorsBeforeInitialization(AbstractAutowireCapableBeanFactory.java:423)
	at org.springframework.beans.factory.support.AbstractAutowireCapableBeanFactory.initializeBean(AbstractAutowireCapableBeanFactory.java:1800)
	at org.springframework.beans.factory.support.AbstractAutowireCapableBeanFactory.doCreateBean(AbstractAutowireCapableBeanFactory.java:601)
	at org.springframework.beans.factory.support.AbstractAutowireCapableBeanFactory.createBean(AbstractAutowireCapableBeanFactory.java:523)
	at org.springframework.beans.factory.support.AbstractBeanFactory.lambda$doGetBean$0(AbstractBeanFactory.java:336)
	at org.springframework.beans.factory.support.DefaultSingletonBeanRegistry.getSingleton(DefaultSingletonBeanRegistry.java:289)
	at org.springframework.beans.factory.support.AbstractBeanFactory.doGetBean(AbstractBeanFactory.java:334)
	at org.springframework.beans.factory.support.AbstractBeanFactory.getBean(AbstractBeanFactory.java:199)
	at org.springframework.beans.factory.support.DefaultListableBeanFactory.instantiateSingleton(DefaultListableBeanFactory.java:1122)
	at org.springframework.beans.factory.support.DefaultListableBeanFactory.preInstantiateSingleton(DefaultListableBeanFactory.java:1093)
	at org.springframework.beans.factory.support.DefaultListableBeanFactory.preInstantiateSingletons(DefaultListableBeanFactory.java:1030)
	at org.springframework.context.support.AbstractApplicationContext.finishBeanFactoryInitialization(AbstractApplicationContext.java:987)
	at org.springframework.context.support.AbstractApplicationContext.refresh(AbstractApplicationContext.java:627)
	at org.springframework.boot.web.servlet.context.ServletWebServerApplicationContext.refresh(ServletWebServerApplicationContext.java:146)
	at org.springframework.boot.SpringApplication.refresh(SpringApplication.java:752)
	at org.springframework.boot.SpringApplication.refreshContext(SpringApplication.java:439)
	at org.springframework.boot.SpringApplication.run(SpringApplication.java:318)
	at uk.co.caci.impulse.schools.portal.ImpulseSchoolsPortal.main(ImpulseSchoolsPortal.java:31)
	at java.base/jdk.internal.reflect.DirectMethodHandleAccessor.invoke(DirectMethodHandleAccessor.java:103)
	at java.base/java.lang.reflect.Method.invoke(Method.java:580)
	at org.springframework.boot.loader.launch.Launcher.launch(Launcher.java:106)
	at org.springframework.boot.loader.launch.Launcher.launch(Launcher.java:64)
	at org.springframework.boot.loader.launch.WarLauncher.main(WarLauncher.java:53)
Caused by: org.apache.hc.client5.http.HttpHostConnectException: Connect to http://localhost:8761 [localhost/127.0.0.1, localhost/0:0:0:0:0:0:0:1] failed: Connection refused: getsockopt
	at java.base/sun.nio.ch.Net.pollConnect(Native Method)
	at java.base/sun.nio.ch.Net.pollConnectNow(Net.java:694)
	at java.base/sun.nio.ch.NioSocketImpl.timedFinishConnect(NioSocketImpl.java:542)
	at java.base/sun.nio.ch.NioSocketImpl.connect(NioSocketImpl.java:592)
	at java.base/java.net.SocksSocketImpl.connect(SocksSocketImpl.java:327)
	at java.base/java.net.Socket.connect(Socket.java:751)
	at org.apache.hc.client5.http.impl.io.DefaultHttpClientConnectionOperator.connect(DefaultHttpClientConnectionOperator.java:216)
	at org.apache.hc.client5.http.impl.io.PoolingHttpClientConnectionManager.connect(PoolingHttpClientConnectionManager.java:490)
	at org.apache.hc.client5.http.impl.classic.InternalExecRuntime.connectEndpoint(InternalExecRuntime.java:164)
	at org.apache.hc.client5.http.impl.classic.InternalExecRuntime.connectEndpoint(InternalExecRuntime.java:174)
	at org.apache.hc.client5.http.impl.classic.ConnectExec.execute(ConnectExec.java:144)
	at org.apache.hc.client5.http.impl.classic.ExecChainElement.execute(ExecChainElement.java:51)
	at org.apache.hc.client5.http.impl.classic.ProtocolExec.execute(ProtocolExec.java:192)
	at org.apache.hc.client5.http.impl.classic.ExecChainElement.execute(ExecChainElement.java:51)
	at org.apache.hc.client5.http.impl.classic.ContentCompressionExec.execute(ContentCompressionExec.java:150)
	at org.apache.hc.client5.http.impl.classic.ExecChainElement.execute(ExecChainElement.java:51)
	at org.apache.hc.client5.http.impl.classic.HttpRequestRetryExec.execute(HttpRequestRetryExec.java:113)
	at org.apache.hc.client5.http.impl.classic.ExecChainElement.execute(ExecChainElement.java:51)
	at org.apache.hc.client5.http.impl.classic.RedirectExec.execute(RedirectExec.java:110)
	at org.apache.hc.client5.http.impl.classic.ExecChainElement.execute(ExecChainElement.java:51)
	at org.apache.hc.client5.http.impl.classic.InternalHttpClient.doExecute(InternalHttpClient.java:174)
	at org.apache.hc.client5.http.impl.classic.CloseableHttpClient.execute(CloseableHttpClient.java:87)
	at org.apache.hc.client5.http.impl.classic.CloseableHttpClient.execute(CloseableHttpClient.java:55)
	at org.apache.hc.client5.http.classic.HttpClient.executeOpen(HttpClient.java:183)
	at org.springframework.http.client.HttpComponentsClientHttpRequest.executeInternal(HttpComponentsClientHttpRequest.java:99)
	at org.springframework.http.client.AbstractStreamingClientHttpRequest.executeInternal(AbstractStreamingClientHttpRequest.java:71)
	at org.springframework.http.client.AbstractClientHttpRequest.execute(AbstractClientHttpRequest.java:81)
	at org.springframework.http.client.InterceptingClientHttpRequest$InterceptingRequestExecution.execute(InterceptingClientHttpRequest.java:117)
	at org.springframework.cloud.netflix.eureka.http.RestTemplateTransportClientFactory.lambda$restTemplate$3(RestTemplateTransportClientFactory.java:141)
	at org.springframework.http.client.InterceptingClientHttpRequest$InterceptingRequestExecution.execute(InterceptingClientHttpRequest.java:88)
	at org.springframework.http.client.support.BasicAuthenticationInterceptor.intercept(BasicAuthenticationInterceptor.java:79)
	at org.springframework.http.client.InterceptingClientHttpRequest$InterceptingRequestExecution.execute(InterceptingClientHttpRequest.java:88)
	at org.springframework.http.client.InterceptingClientHttpRequest.executeInternal(InterceptingClientHttpRequest.java:72)
	at org.springframework.http.client.AbstractBufferingClientHttpRequest.executeInternal(AbstractBufferingClientHttpRequest.java:48)
	at org.springframework.http.client.AbstractClientHttpRequest.execute(AbstractClientHttpRequest.java:81)
	at org.springframework.web.client.RestTemplate.doExecute(RestTemplate.java:900)
	... 72 more

2026-08-21T13:57:56.473+01:00  WARN 12852 --- [schools-portal] [           main] c.n.d.s.t.d.RetryableEurekaHttpClient    : Request execution failed with message: I/O error on GET request for "http://localhost:8761/eureka/apps/": Connect to http://localhost:8761 [localhost/127.0.0.1, localhost/0:0:0:0:0:0:0:1] failed: Connection refused: getsockopt
2026-08-21T13:57:56.526+01:00  INFO 12852 --- [schools-portal] [           main] c.n.d.DiscoveryClient                    : DiscoveryClient_SCHOOLS-PORTAL/CYP-WEBTEST-01.development.local:schools-portal:8024 - was unable to refresh its cache! This periodic background refresh will be retried in 30 seconds. status = Cannot execute request on any known server stacktrace = com.netflix.discovery.shared.transport.TransportException: Cannot execute request on any known server
	at com.netflix.discovery.shared.transport.decorator.RetryableEurekaHttpClient.execute(RetryableEurekaHttpClient.java:112)
	at com.netflix.discovery.shared.transport.decorator.EurekaHttpClientDecorator.getApplications(EurekaHttpClientDecorator.java:134)
	at com.netflix.discovery.shared.transport.decorator.EurekaHttpClientDecorator$6.execute(EurekaHttpClientDecorator.java:137)
	at com.netflix.discovery.shared.transport.decorator.SessionedEurekaHttpClient.execute(SessionedEurekaHttpClient.java:76)
	at com.netflix.discovery.shared.transport.decorator.EurekaHttpClientDecorator.getApplications(EurekaHttpClientDecorator.java:134)
	at com.netflix.discovery.DiscoveryClient.getAndStoreFullRegistry(DiscoveryClient.java:1046)
	at com.netflix.discovery.DiscoveryClient.fetchRegistry(DiscoveryClient.java:961)
	at com.netflix.discovery.DiscoveryClient.<init>(DiscoveryClient.java:410)
	at com.netflix.discovery.DiscoveryClient.<init>(DiscoveryClient.java:245)
	at com.netflix.discovery.DiscoveryClient.<init>(DiscoveryClient.java:240)
	at org.springframework.cloud.netflix.eureka.CloudEurekaClient.<init>(CloudEurekaClient.java:68)
	at org.springframework.cloud.netflix.eureka.EurekaClientAutoConfiguration$RefreshableEurekaClientConfiguration.eurekaClient(EurekaClientAutoConfiguration.java:324)
	at java.base/jdk.internal.reflect.DirectMethodHandleAccessor.invoke(DirectMethodHandleAccessor.java:103)
	at java.base/java.lang.reflect.Method.invoke(Method.java:580)
	at org.springframework.beans.factory.support.SimpleInstantiationStrategy.lambda$instantiate$0(SimpleInstantiationStrategy.java:171)
	at org.springframework.beans.factory.support.SimpleInstantiationStrategy.instantiateWithFactoryMethod(SimpleInstantiationStrategy.java:88)
	at org.springframework.beans.factory.support.SimpleInstantiationStrategy.instantiate(SimpleInstantiationStrategy.java:168)
	at org.springframework.beans.factory.support.ConstructorResolver.instantiate(ConstructorResolver.java:653)
	at org.springframework.beans.factory.support.ConstructorResolver.instantiateUsingFactoryMethod(ConstructorResolver.java:645)
	at org.springframework.beans.factory.support.AbstractAutowireCapableBeanFactory.instantiateUsingFactoryMethod(AbstractAutowireCapableBeanFactory.java:1357)
	at org.springframework.beans.factory.support.AbstractAutowireCapableBeanFactory.createBeanInstance(AbstractAutowireCapableBeanFactory.java:1187)
	at org.springframework.beans.factory.support.AbstractAutowireCapableBeanFactory.doCreateBean(AbstractAutowireCapableBeanFactory.java:563)
	at org.springframework.beans.factory.support.AbstractAutowireCapableBeanFactory.createBean(AbstractAutowireCapableBeanFactory.java:523)
	at org.springframework.beans.factory.support.AbstractBeanFactory.lambda$doGetBean$1(AbstractBeanFactory.java:375)
	at org.springframework.cloud.context.scope.GenericScope$BeanLifecycleWrapper.getBean(GenericScope.java:375)
	at org.springframework.cloud.context.scope.GenericScope.get(GenericScope.java:179)
	at org.springframework.beans.factory.support.AbstractBeanFactory.doGetBean(AbstractBeanFactory.java:372)
	at org.springframework.beans.factory.support.AbstractBeanFactory.getBean(AbstractBeanFactory.java:199)
	at org.springframework.aop.target.SimpleBeanTargetSource.getTarget(SimpleBeanTargetSource.java:35)
	at org.springframework.aop.framework.JdkDynamicAopProxy.invoke(JdkDynamicAopProxy.java:203)
	at jdk.proxy2/jdk.proxy2.$Proxy72.getApplications(Unknown Source)
	at org.springframework.cloud.netflix.eureka.EurekaDiscoveryClient.getServices(EurekaDiscoveryClient.java:74)
	at org.springframework.cloud.client.discovery.composite.CompositeDiscoveryClient.getServices(CompositeDiscoveryClient.java:68)
	at uk.co.caci.impulse.schools.portal.RequestForwardingInterceptor.updateDiscoveredServices(RequestForwardingInterceptor.java:48)
	at uk.co.caci.impulse.schools.portal.RequestForwardingInterceptor.init(RequestForwardingInterceptor.java:64)
	at java.base/jdk.internal.reflect.DirectMethodHandleAccessor.invoke(DirectMethodHandleAccessor.java:103)
	at java.base/java.lang.reflect.Method.invoke(Method.java:580)
	at org.springframework.beans.factory.annotation.InitDestroyAnnotationBeanPostProcessor$LifecycleMethod.invoke(InitDestroyAnnotationBeanPostProcessor.java:457)
	at org.springframework.beans.factory.annotation.InitDestroyAnnotationBeanPostProcessor$LifecycleMetadata.invokeInitMethods(InitDestroyAnnotationBeanPostProcessor.java:401)
	at org.springframework.beans.factory.annotation.InitDestroyAnnotationBeanPostProcessor.postProcessBeforeInitialization(InitDestroyAnnotationBeanPostProcessor.java:219)
	at org.springframework.beans.factory.support.AbstractAutowireCapableBeanFactory.applyBeanPostProcessorsBeforeInitialization(AbstractAutowireCapableBeanFactory.java:423)
	at org.springframework.beans.factory.support.AbstractAutowireCapableBeanFactory.initializeBean(AbstractAutowireCapableBeanFactory.java:1800)
	at org.springframework.beans.factory.support.AbstractAutowireCapableBeanFactory.doCreateBean(AbstractAutowireCapableBeanFactory.java:601)
	at org.springframework.beans.factory.support.AbstractAutowireCapableBeanFactory.createBean(AbstractAutowireCapableBeanFactory.java:523)
	at org.springframework.beans.factory.support.AbstractBeanFactory.lambda$doGetBean$0(AbstractBeanFactory.java:336)
	at org.springframework.beans.factory.support.DefaultSingletonBeanRegistry.getSingleton(DefaultSingletonBeanRegistry.java:289)
	at org.springframework.beans.factory.support.AbstractBeanFactory.doGetBean(AbstractBeanFactory.java:334)
	at org.springframework.beans.factory.support.AbstractBeanFactory.getBean(AbstractBeanFactory.java:199)
	at org.springframework.beans.factory.support.DefaultListableBeanFactory.instantiateSingleton(DefaultListableBeanFactory.java:1122)
	at org.springframework.beans.factory.support.DefaultListableBeanFactory.preInstantiateSingleton(DefaultListableBeanFactory.java:1093)
	at org.springframework.beans.factory.support.DefaultListableBeanFactory.preInstantiateSingletons(DefaultListableBeanFactory.java:1030)
	at org.springframework.context.support.AbstractApplicationContext.finishBeanFactoryInitialization(AbstractApplicationContext.java:987)
	at org.springframework.context.support.AbstractApplicationContext.refresh(AbstractApplicationContext.java:627)
	at org.springframework.boot.web.servlet.context.ServletWebServerApplicationContext.refresh(ServletWebServerApplicationContext.java:146)
	at org.springframework.boot.SpringApplication.refresh(SpringApplication.java:752)
	at org.springframework.boot.SpringApplication.refreshContext(SpringApplication.java:439)
	at org.springframework.boot.SpringApplication.run(SpringApplication.java:318)
	at uk.co.caci.impulse.schools.portal.ImpulseSchoolsPortal.main(ImpulseSchoolsPortal.java:31)
	at java.base/jdk.internal.reflect.DirectMethodHandleAccessor.invoke(DirectMethodHandleAccessor.java:103)
	at java.base/java.lang.reflect.Method.invoke(Method.java:580)
	at org.springframework.boot.loader.launch.Launcher.launch(Launcher.java:106)
	at org.springframework.boot.loader.launch.Launcher.launch(Launcher.java:64)
	at org.springframework.boot.loader.launch.WarLauncher.main(WarLauncher.java:53)

2026-08-21T13:57:56.529+01:00  INFO 12852 --- [schools-portal] [           main] c.n.d.DiscoveryClient                    : Initial registry fetch from primary servers failed
2026-08-21T13:57:56.529+01:00  WARN 12852 --- [schools-portal] [           main] c.n.d.DiscoveryClient                    : Using default backup registry implementation which does not do anything.
2026-08-21T13:57:56.529+01:00  INFO 12852 --- [schools-portal] [           main] c.n.d.DiscoveryClient                    : Initial registry fetch from backup servers failed
2026-08-21T13:57:56.530+01:00  INFO 12852 --- [schools-portal] [           main] c.n.d.DiscoveryClient                    : Starting heartbeat executor: renew interval is: 30
2026-08-21T13:57:56.540+01:00  INFO 12852 --- [schools-portal] [           main] c.n.d.InstanceInfoReplicator             : InstanceInfoReplicator onDemand update allowed rate per min is 4
2026-08-21T13:57:56.543+01:00  INFO 12852 --- [schools-portal] [           main] c.n.d.DiscoveryClient                    : Discovery Client initialized at timestamp 1787317076542 with initial instances count: 0
2026-08-21T13:57:56.895+01:00  INFO 12852 --- [schools-portal] [           main] o.s.b.a.w.s.WelcomePageHandlerMapping    : Adding welcome page: ServletContext resource [/index.html]
2026-08-21T13:57:57.697+01:00  WARN 12852 --- [schools-portal] [           main] iguration$LoadBalancerCaffeineWarnLogger : Spring Cloud LoadBalancer is currently working with the default cache. While this cache implementation is useful for development and tests, it's recommended to use Caffeine cache in production.You can switch to using Caffeine cache, by adding it and org.springframework.cache.caffeine.CaffeineCacheManager to the classpath.
2026-08-21T13:57:57.867+01:00  INFO 12852 --- [schools-portal] [           main] o.s.c.n.e.s.EurekaServiceRegistry        : Registering application SCHOOLS-PORTAL with eureka with status UP
2026-08-21T13:57:57.868+01:00  INFO 12852 --- [schools-portal] [           main] c.n.d.DiscoveryClient                    : Saw local status change event StatusChangeEvent [timestamp=1787317077868, current=UP, previous=STARTING]
2026-08-21T13:57:57.877+01:00  INFO 12852 --- [schools-portal] [foReplicator-%d] c.n.d.DiscoveryClient                    : DiscoveryClient_SCHOOLS-PORTAL/CYP-WEBTEST-01.development.local:schools-portal:8024: registering service...
2026-08-21T13:57:57.931+01:00  INFO 12852 --- [schools-portal] [           main] o.s.b.w.e.t.TomcatWebServer              : Tomcat started on port 8024 (http) with context path '/'
2026-08-21T13:57:57.933+01:00  INFO 12852 --- [schools-portal] [           main] .s.c.n.e.s.EurekaAutoServiceRegistration : Updating port to 8024
2026-08-21T13:57:57.933+01:00  INFO 12852 --- [schools-portal] [           main] u.j.c.RefreshScopeRefreshedEventListener : Refreshing cached encryptable property sources on ServletWebServerInitializedEvent
2026-08-21T13:57:57.934+01:00  INFO 12852 --- [schools-portal] [           main] CachingDelegateEncryptablePropertySource : Property Source commandLineArgs refreshed
2026-08-21T13:57:57.934+01:00  INFO 12852 --- [schools-portal] [           main] CachingDelegateEncryptablePropertySource : Property Source systemProperties refreshed
2026-08-21T13:57:57.934+01:00  INFO 12852 --- [schools-portal] [           main] CachingDelegateEncryptablePropertySource : Property Source systemEnvironment refreshed
2026-08-21T13:57:57.934+01:00  INFO 12852 --- [schools-portal] [           main] CachingDelegateEncryptablePropertySource : Property Source random refreshed
2026-08-21T13:57:57.934+01:00  INFO 12852 --- [schools-portal] [           main] CachingDelegateEncryptablePropertySource : Property Source cachedrandom refreshed
2026-08-21T13:57:57.935+01:00  INFO 12852 --- [schools-portal] [           main] CachingDelegateEncryptablePropertySource : Property Source Config resource 'file [D:\CACI\WebTier\Config\Portals\pgTest01\application-postgres.yml]' via location 'file:///D:/CACI/WebTier/Config/Portals/pgTest01/' refreshed
2026-08-21T13:57:57.935+01:00  INFO 12852 --- [schools-portal] [           main] CachingDelegateEncryptablePropertySource : Property Source Config resource 'file [application-onsite-pgTest01.yml]' via location 'optional:file:./' refreshed
2026-08-21T13:57:57.935+01:00  INFO 12852 --- [schools-portal] [           main] CachingDelegateEncryptablePropertySource : Property Source Config resource 'class path resource [config/application.yml]' via location 'optional:classpath:/config/' refreshed
2026-08-21T13:57:57.935+01:00  INFO 12852 --- [schools-portal] [           main] CachingDelegateEncryptablePropertySource : Property Source springCloudClientHostInfo refreshed
2026-08-21T13:57:57.935+01:00  INFO 12852 --- [schools-portal] [           main] CachingDelegateEncryptablePropertySource : Property Source applicationInfo refreshed
2026-08-21T13:57:57.935+01:00  INFO 12852 --- [schools-portal] [           main] CachingDelegateEncryptablePropertySource : Property Source defaultProperties refreshed
2026-08-21T13:57:57.935+01:00  INFO 12852 --- [schools-portal] [           main] c.u.j.EncryptablePropertySourceConverter : Skipping PropertySource configurationProperties [class org.springframework.boot.context.properties.source.ConfigurationPropertySourcesPropertySource
2026-08-21T13:57:57.936+01:00  INFO 12852 --- [schools-portal] [           main] c.u.j.EncryptablePropertySourceConverter : Skipping PropertySource servletConfigInitParams [class org.springframework.core.env.PropertySource$StubPropertySource
2026-08-21T13:57:57.936+01:00  INFO 12852 --- [schools-portal] [           main] c.u.j.EncryptablePropertySourceConverter : Converting PropertySource servletContextInitParams [org.springframework.web.context.support.ServletContextPropertySource] to EncryptableEnumerablePropertySourceWrapper
2026-08-21T13:57:57.979+01:00  INFO 12852 --- [schools-portal] [           main] u.c.c.i.s.p.ImpulseSchoolsPortal         : Started ImpulseSchoolsPortal in 20.929 seconds (process running for 25.671)
2026-08-21T13:57:57.991+01:00  INFO 12852 --- [schools-portal] [           main] u.c.c.i.s.p.ImpulseSchoolsPortal         : 
----------------------------------------------------------
	Application 'schools-portal' is running! Access URLs:
	Local: http://localhost:8024
	External: http://10.102.18.72:8024
	Profile(s): [postgres, onsite-pgTest01]
----------------------------------------------------------
2026-08-21T13:57:58.055+01:00  INFO 12852 --- [schools-portal] [foReplicator-%d] c.n.d.s.t.d.RedirectingEurekaHttpClient  : Request execution error. endpoint=DefaultEndpoint{ serviceUrl='http://admin:admin@localhost:8761/eureka/}, exception=I/O error on POST request for "http://localhost:8761/eureka/apps/SCHOOLS-PORTAL": Connect to http://localhost:8761 [localhost/127.0.0.1, localhost/0:0:0:0:0:0:0:1] failed: Connection refused: getsockopt stacktrace=org.springframework.web.client.ResourceAccessException: I/O error on POST request for "http://localhost:8761/eureka/apps/SCHOOLS-PORTAL": Connect to http://localhost:8761 [localhost/127.0.0.1, localhost/0:0:0:0:0:0:0:1] failed: Connection refused: getsockopt
	at org.springframework.web.client.RestTemplate.createResourceAccessException(RestTemplate.java:926)
	at org.springframework.web.client.RestTemplate.doExecute(RestTemplate.java:906)
	at org.springframework.web.client.RestTemplate.execute(RestTemplate.java:841)
	at org.springframework.web.client.RestTemplate.exchange(RestTemplate.java:702)
	at org.springframework.cloud.netflix.eureka.http.RestTemplateEurekaHttpClient.register(RestTemplateEurekaHttpClient.java:87)
	at com.netflix.discovery.shared.transport.decorator.EurekaHttpClientDecorator$1.execute(EurekaHttpClientDecorator.java:59)
	at com.netflix.discovery.shared.transport.decorator.RedirectingEurekaHttpClient.executeOnNewServer(RedirectingEurekaHttpClient.java:121)
	at com.netflix.discovery.shared.transport.decorator.RedirectingEurekaHttpClient.execute(RedirectingEurekaHttpClient.java:80)
	at com.netflix.discovery.shared.transport.decorator.EurekaHttpClientDecorator.register(EurekaHttpClientDecorator.java:56)
	at com.netflix.discovery.shared.transport.decorator.EurekaHttpClientDecorator$1.execute(EurekaHttpClientDecorator.java:59)
	at com.netflix.discovery.shared.transport.decorator.RetryableEurekaHttpClient.execute(RetryableEurekaHttpClient.java:120)
	at com.netflix.discovery.shared.transport.decorator.EurekaHttpClientDecorator.register(EurekaHttpClientDecorator.java:56)
	at com.netflix.discovery.shared.transport.decorator.EurekaHttpClientDecorator$1.execute(EurekaHttpClientDecorator.java:59)
	at com.netflix.discovery.shared.transport.decorator.SessionedEurekaHttpClient.execute(SessionedEurekaHttpClient.java:76)
	at com.netflix.discovery.shared.transport.decorator.EurekaHttpClientDecorator.register(EurekaHttpClientDecorator.java:56)
	at com.netflix.discovery.DiscoveryClient.register(DiscoveryClient.java:828)
	at com.netflix.discovery.InstanceInfoReplicator.run(InstanceInfoReplicator.java:125)
	at com.netflix.discovery.InstanceInfoReplicator$2.run(InstanceInfoReplicator.java:105)
	at java.base/java.util.concurrent.Executors$RunnableAdapter.call(Executors.java:572)
	at java.base/java.util.concurrent.FutureTask.run(FutureTask.java:317)
	at java.base/java.util.concurrent.ScheduledThreadPoolExecutor$ScheduledFutureTask.run(ScheduledThreadPoolExecutor.java:304)
	at java.base/java.util.concurrent.ThreadPoolExecutor.runWorker(ThreadPoolExecutor.java:1144)
	at java.base/java.util.concurrent.ThreadPoolExecutor$Worker.run(ThreadPoolExecutor.java:642)
	at java.base/java.lang.Thread.run(Thread.java:1583)
Caused by: org.apache.hc.client5.http.HttpHostConnectException: Connect to http://localhost:8761 [localhost/127.0.0.1, localhost/0:0:0:0:0:0:0:1] failed: Connection refused: getsockopt
	at java.base/sun.nio.ch.Net.pollConnect(Native Method)
	at java.base/sun.nio.ch.Net.pollConnectNow(Net.java:694)
	at java.base/sun.nio.ch.NioSocketImpl.timedFinishConnect(NioSocketImpl.java:542)
	at java.base/sun.nio.ch.NioSocketImpl.connect(NioSocketImpl.java:592)
	at java.base/java.net.SocksSocketImpl.connect(SocksSocketImpl.java:327)
	at java.base/java.net.Socket.connect(Socket.java:751)
	at org.apache.hc.client5.http.impl.io.DefaultHttpClientConnectionOperator.connect(DefaultHttpClientConnectionOperator.java:216)
	at org.apache.hc.client5.http.impl.io.PoolingHttpClientConnectionManager.connect(PoolingHttpClientConnectionManager.java:490)
	at org.apache.hc.client5.http.impl.classic.InternalExecRuntime.connectEndpoint(InternalExecRuntime.java:164)
	at org.apache.hc.client5.http.impl.classic.InternalExecRuntime.connectEndpoint(InternalExecRuntime.java:174)
	at org.apache.hc.client5.http.impl.classic.ConnectExec.execute(ConnectExec.java:144)
	at org.apache.hc.client5.http.impl.classic.ExecChainElement.execute(ExecChainElement.java:51)
	at org.apache.hc.client5.http.impl.classic.ProtocolExec.execute(ProtocolExec.java:192)
	at org.apache.hc.client5.http.impl.classic.ExecChainElement.execute(ExecChainElement.java:51)
	at org.apache.hc.client5.http.impl.classic.ContentCompressionExec.execute(ContentCompressionExec.java:150)
	at org.apache.hc.client5.http.impl.classic.ExecChainElement.execute(ExecChainElement.java:51)
	at org.apache.hc.client5.http.impl.classic.HttpRequestRetryExec.execute(HttpRequestRetryExec.java:113)
	at org.apache.hc.client5.http.impl.classic.ExecChainElement.execute(ExecChainElement.java:51)
	at org.apache.hc.client5.http.impl.classic.RedirectExec.execute(RedirectExec.java:110)
	at org.apache.hc.client5.http.impl.classic.ExecChainElement.execute(ExecChainElement.java:51)
	at org.apache.hc.client5.http.impl.classic.InternalHttpClient.doExecute(InternalHttpClient.java:174)
	at org.apache.hc.client5.http.impl.classic.CloseableHttpClient.execute(CloseableHttpClient.java:87)
	at org.apache.hc.client5.http.impl.classic.CloseableHttpClient.execute(CloseableHttpClient.java:55)
	at org.apache.hc.client5.http.classic.HttpClient.executeOpen(HttpClient.java:183)
	at org.springframework.http.client.HttpComponentsClientHttpRequest.executeInternal(HttpComponentsClientHttpRequest.java:99)
	at org.springframework.http.client.AbstractStreamingClientHttpRequest.executeInternal(AbstractStreamingClientHttpRequest.java:71)
	at org.springframework.http.client.AbstractClientHttpRequest.execute(AbstractClientHttpRequest.java:81)
	at org.springframework.http.client.InterceptingClientHttpRequest$InterceptingRequestExecution.execute(InterceptingClientHttpRequest.java:117)
	at org.springframework.cloud.netflix.eureka.http.RestTemplateTransportClientFactory.lambda$restTemplate$3(RestTemplateTransportClientFactory.java:141)
	at org.springframework.http.client.InterceptingClientHttpRequest$InterceptingRequestExecution.execute(InterceptingClientHttpRequest.java:88)
	at org.springframework.http.client.support.BasicAuthenticationInterceptor.intercept(BasicAuthenticationInterceptor.java:79)
	at org.springframework.http.client.InterceptingClientHttpRequest$InterceptingRequestExecution.execute(InterceptingClientHttpRequest.java:88)
	at org.springframework.http.client.InterceptingClientHttpRequest.executeInternal(InterceptingClientHttpRequest.java:72)
	at org.springframework.http.client.AbstractBufferingClientHttpRequest.executeInternal(AbstractBufferingClientHttpRequest.java:48)
	at org.springframework.http.client.AbstractClientHttpRequest.execute(AbstractClientHttpRequest.java:81)
	at org.springframework.web.client.RestTemplate.doExecute(RestTemplate.java:900)
	... 22 more

2026-08-21T13:57:58.056+01:00  WARN 12852 --- [schools-portal] [foReplicator-%d] c.n.d.s.t.d.RetryableEurekaHttpClient    : Request execution failed with message: I/O error on POST request for "http://localhost:8761/eureka/apps/SCHOOLS-PORTAL": Connect to http://localhost:8761 [localhost/127.0.0.1, localhost/0:0:0:0:0:0:0:1] failed: Connection refused: getsockopt
2026-08-21T13:57:58.056+01:00  WARN 12852 --- [schools-portal] [foReplicator-%d] c.n.d.DiscoveryClient                    : DiscoveryClient_SCHOOLS-PORTAL/CYP-WEBTEST-01.development.local:schools-portal:8024 - registration failed Cannot execute request on any known server

com.netflix.discovery.shared.transport.TransportException: Cannot execute request on any known server
	at com.netflix.discovery.shared.transport.decorator.RetryableEurekaHttpClient.execute(RetryableEurekaHttpClient.java:112) ~[eureka-client-2.0.4.jar!/:2.0.4]
	at com.netflix.discovery.shared.transport.decorator.EurekaHttpClientDecorator.register(EurekaHttpClientDecorator.java:56) ~[eureka-client-2.0.4.jar!/:2.0.4]
	at com.netflix.discovery.shared.transport.decorator.EurekaHttpClientDecorator$1.execute(EurekaHttpClientDecorator.java:59) ~[eureka-client-2.0.4.jar!/:2.0.4]
	at com.netflix.discovery.shared.transport.decorator.SessionedEurekaHttpClient.execute(SessionedEurekaHttpClient.java:76) ~[eureka-client-2.0.4.jar!/:2.0.4]
	at com.netflix.discovery.shared.transport.decorator.EurekaHttpClientDecorator.register(EurekaHttpClientDecorator.java:56) ~[eureka-client-2.0.4.jar!/:2.0.4]
	at com.netflix.discovery.DiscoveryClient.register(DiscoveryClient.java:828) ~[eureka-client-2.0.4.jar!/:2.0.4]
	at com.netflix.discovery.InstanceInfoReplicator.run(InstanceInfoReplicator.java:125) ~[eureka-client-2.0.4.jar!/:2.0.4]
	at com.netflix.discovery.InstanceInfoReplicator$2.run(InstanceInfoReplicator.java:105) ~[eureka-client-2.0.4.jar!/:2.0.4]
	at java.base/java.util.concurrent.Executors$RunnableAdapter.call(Executors.java:572) ~[?:?]
	at java.base/java.util.concurrent.FutureTask.run(FutureTask.java:317) ~[?:?]
	at java.base/java.util.concurrent.ScheduledThreadPoolExecutor$ScheduledFutureTask.run(ScheduledThreadPoolExecutor.java:304) ~[?:?]
	at java.base/java.util.concurrent.ThreadPoolExecutor.runWorker(ThreadPoolExecutor.java:1144) ~[?:?]
	at java.base/java.util.concurrent.ThreadPoolExecutor$Worker.run(ThreadPoolExecutor.java:642) ~[?:?]
	at java.base/java.lang.Thread.run(Thread.java:1583) [?:?]

2026-08-21T13:57:58.109+01:00  WARN 12852 --- [schools-portal] [foReplicator-%d] c.n.d.InstanceInfoReplicator             : There was a problem with the instance info replicator

com.netflix.discovery.shared.transport.TransportException: Cannot execute request on any known server
	at com.netflix.discovery.shared.transport.decorator.RetryableEurekaHttpClient.execute(RetryableEurekaHttpClient.java:112) ~[eureka-client-2.0.4.jar!/:2.0.4]
	at com.netflix.discovery.shared.transport.decorator.EurekaHttpClientDecorator.register(EurekaHttpClientDecorator.java:56) ~[eureka-client-2.0.4.jar!/:2.0.4]
	at com.netflix.discovery.shared.transport.decorator.EurekaHttpClientDecorator$1.execute(EurekaHttpClientDecorator.java:59) ~[eureka-client-2.0.4.jar!/:2.0.4]
	at com.netflix.discovery.shared.transport.decorator.SessionedEurekaHttpClient.execute(SessionedEurekaHttpClient.java:76) ~[eureka-client-2.0.4.jar!/:2.0.4]
	at com.netflix.discovery.shared.transport.decorator.EurekaHttpClientDecorator.register(EurekaHttpClientDecorator.java:56) ~[eureka-client-2.0.4.jar!/:2.0.4]
	at com.netflix.discovery.DiscoveryClient.register(DiscoveryClient.java:828) ~[eureka-client-2.0.4.jar!/:2.0.4]
	at com.netflix.discovery.InstanceInfoReplicator.run(InstanceInfoReplicator.java:125) ~[eureka-client-2.0.4.jar!/:2.0.4]
	at com.netflix.discovery.InstanceInfoReplicator$2.run(InstanceInfoReplicator.java:105) ~[eureka-client-2.0.4.jar!/:2.0.4]
	at java.base/java.util.concurrent.Executors$RunnableAdapter.call(Executors.java:572) ~[?:?]
	at java.base/java.util.concurrent.FutureTask.run(FutureTask.java:317) ~[?:?]
	at java.base/java.util.concurrent.ScheduledThreadPoolExecutor$ScheduledFutureTask.run(ScheduledThreadPoolExecutor.java:304) ~[?:?]
	at java.base/java.util.concurrent.ThreadPoolExecutor.runWorker(ThreadPoolExecutor.java:1144) ~[?:?]
	at java.base/java.util.concurrent.ThreadPoolExecutor$Worker.run(ThreadPoolExecutor.java:642) ~[?:?]
	at java.base/java.lang.Thread.run(Thread.java:1583) [?:?]

2026-08-21T13:58:26.542+01:00  INFO 12852 --- [schools-portal] [reshExecutor-%d] c.n.d.DiscoveryClient                    : Disable delta property : false
2026-08-21T13:58:26.544+01:00  INFO 12852 --- [schools-portal] [reshExecutor-%d] c.n.d.DiscoveryClient                    : Single vip registry refresh property : null
2026-08-21T13:58:26.544+01:00  INFO 12852 --- [schools-portal] [reshExecutor-%d] c.n.d.DiscoveryClient                    : Force full registry fetch : false
2026-08-21T13:58:26.544+01:00  INFO 12852 --- [schools-portal] [reshExecutor-%d] c.n.d.DiscoveryClient                    : Application is null : false
2026-08-21T13:58:26.544+01:00  INFO 12852 --- [schools-portal] [reshExecutor-%d] c.n.d.DiscoveryClient                    : Registered Applications size is zero : true
2026-08-21T13:58:26.544+01:00  INFO 12852 --- [schools-portal] [reshExecutor-%d] c.n.d.DiscoveryClient                    : Application version is -1: true
2026-08-21T13:58:26.544+01:00  INFO 12852 --- [schools-portal] [reshExecutor-%d] c.n.d.DiscoveryClient                    : Getting all instance registry info from the eureka server
2026-08-21T13:58:26.816+01:00  INFO 12852 --- [schools-portal] [reshExecutor-%d] c.n.d.DiscoveryClient                    : The response status is 200
2026-08-21T13:58:26.904+01:00  INFO 12852 --- [schools-portal] [beatExecutor-%d] c.n.d.DiscoveryClient                    : DiscoveryClient_SCHOOLS-PORTAL/CYP-WEBTEST-01.development.local:schools-portal:8024 - Re-registering apps/SCHOOLS-PORTAL
2026-08-21T13:58:26.904+01:00  INFO 12852 --- [schools-portal] [beatExecutor-%d] c.n.d.DiscoveryClient                    : DiscoveryClient_SCHOOLS-PORTAL/CYP-WEBTEST-01.development.local:schools-portal:8024: registering service...
2026-08-21T13:58:27.064+01:00  INFO 12852 --- [schools-portal] [beatExecutor-%d] c.n.d.DiscoveryClient                    : DiscoveryClient_SCHOOLS-PORTAL/CYP-WEBTEST-01.development.local:schools-portal:8024 - registration status: 204
2026-08-21T13:58:56.819+01:00  INFO 12852 --- [schools-portal] [reshExecutor-%d] c.n.d.DiscoveryClient                    : Disable delta property : false
2026-08-21T13:58:56.819+01:00  INFO 12852 --- [schools-portal] [reshExecutor-%d] c.n.d.DiscoveryClient                    : Single vip registry refresh property : null
2026-08-21T13:58:56.819+01:00  INFO 12852 --- [schools-portal] [reshExecutor-%d] c.n.d.DiscoveryClient                    : Force full registry fetch : false
2026-08-21T13:58:56.819+01:00  INFO 12852 --- [schools-portal] [reshExecutor-%d] c.n.d.DiscoveryClient                    : Application is null : false
2026-08-21T13:58:56.819+01:00  INFO 12852 --- [schools-portal] [reshExecutor-%d] c.n.d.DiscoveryClient                    : Registered Applications size is zero : true
2026-08-21T13:58:56.819+01:00  INFO 12852 --- [schools-portal] [reshExecutor-%d] c.n.d.DiscoveryClient                    : Application version is -1: false
2026-08-21T13:58:56.819+01:00  INFO 12852 --- [schools-portal] [reshExecutor-%d] c.n.d.DiscoveryClient                    : Getting all instance registry info from the eureka server
2026-08-21T13:58:56.941+01:00  INFO 12852 --- [schools-portal] [reshExecutor-%d] c.n.d.DiscoveryClient                    : The response status is 200
2026-08-21T14:02:16.195+01:00  INFO 12852 --- [schools-portal] [nio-8024-exec-1] o.s.w.s.DispatcherServlet                : Initializing Servlet 'dispatcherServlet'
2026-08-21T14:02:16.197+01:00  INFO 12852 --- [schools-portal] [nio-8024-exec-1] o.s.w.s.DispatcherServlet                : Completed initialization in 1 ms
2026-08-21T14:02:54.261+01:00  INFO 12852 --- [schools-portal] [rap-executor-%d] c.n.d.s.r.a.ConfigClusterResolver        : Resolving eureka endpoints via configuration
2026-08-21T14:07:54.265+01:00  INFO 12852 --- [schools-portal] [rap-executor-%d] c.n.d.s.r.a.ConfigClusterResolver        : Resolving eureka endpoints via configuration
2026-08-21T14:12:54.281+01:00  INFO 12852 --- [schools-portal] [rap-executor-%d] c.n.d.s.r.a.ConfigClusterResolver        : Resolving eureka endpoints via configuration
2026-08-21T14:15:16.650+01:00 ERROR 12852 --- [schools-portal] [nio-8024-exec-2] u.c.c.i.s.p.RequestForwardingInterceptor : A request has been failed to serve due to service is not ready: impulseservices/api/user/translations :  
2026-08-21T14:15:16.798+01:00 ERROR 12852 --- [schools-portal] [nio-8024-exec-6] u.c.c.i.s.p.RequestForwardingInterceptor : A request has been failed to serve due to service is not ready: impulseservices/api/impulse-config/SCH_PR_RES :  
2026-08-21T14:17:54.286+01:00  INFO 12852 --- [schools-portal] [rap-executor-%d] c.n.d.s.r.a.ConfigClusterResolver        : Resolving eureka endpoints via configuration
2026-08-21T14:22:54.289+01:00  INFO 12852 --- [schools-portal] [rap-executor-%d] c.n.d.s.r.a.ConfigClusterResolver        : Resolving eureka endpoints via configuration
2026-08-21T14:27:54.293+01:00  INFO 12852 --- [schools-portal] [rap-executor-%d] c.n.d.s.r.a.ConfigClusterResolver        : Resolving eureka endpoints via configuration
2026-08-21T14:32:54.297+01:00  INFO 12852 --- [schools-portal] [rap-executor-%d] c.n.d.s.r.a.ConfigClusterResolver        : Resolving eureka endpoints via configuration
2026-08-21T14:36:56.621+01:00 ERROR 12852 --- [schools-portal] [nio-8024-exec-4] u.c.c.i.s.p.RequestForwardingInterceptor : A request has been failed to serve due to service is not ready: impulseservices/api/user/translations :  
2026-08-21T14:36:56.623+01:00 ERROR 12852 --- [schools-portal] [nio-8024-exec-2] u.c.c.i.s.p.RequestForwardingInterceptor : A request has been failed to serve due to service is not ready: impulseservices/api/impulse-config/SCH_PR_RES :  
2026-08-21T14:37:25.402+01:00 ERROR 12852 --- [schools-portal] [nio-8024-exec-3] u.c.c.i.s.p.RequestForwardingInterceptor : A request has been failed from service: impulseservices/api/authenticateMFA : {"message":"Unable to authenticate with these details, please contact your administrator.","timestamp":"2026-08-21T14:37:25.3980588","status":500,"path":"/api/authenticateMFA"} 
2026-08-21T14:37:54.301+01:00  INFO 12852 --- [schools-portal] [rap-executor-%d] c.n.d.s.r.a.ConfigClusterResolver        : Resolving eureka endpoints via configuration
2026-08-21T14:42:26.439+01:00 ERROR 12852 --- [schools-portal] [nio-8024-exec-9] u.c.c.i.s.p.RequestForwardingInterceptor : A request has been failed to serve due to service is not ready: impulseservices/api/user/translations :  
2026-08-21T14:42:26.441+01:00 ERROR 12852 --- [schools-portal] [nio-8024-exec-6] u.c.c.i.s.p.RequestForwardingInterceptor : A request has been failed to serve due to service is not ready: impulseservices/api/impulse-config/SCH_PR_RES :  
2026-08-21T14:42:54.304+01:00  INFO 12852 --- [schools-portal] [rap-executor-%d] c.n.d.s.r.a.ConfigClusterResolver        : Resolving eureka endpoints via configuration
2026-08-21T14:44:06.619+01:00  INFO 12852 --- [schools-portal] [reshExecutor-%d] c.n.d.s.t.d.RedirectingEurekaHttpClient  : Request execution error. endpoint=DefaultEndpoint{ serviceUrl='http://admin:admin@localhost:8761/eureka/} exception=I/O error on GET request for "http://localhost:8761/eureka/apps/delta": Connect to http://localhost:8761 [localhost/127.0.0.1, localhost/0:0:0:0:0:0:0:1] failed: Connection refused: getsockopt stacktrace=org.springframework.web.client.ResourceAccessException: I/O error on GET request for "http://localhost:8761/eureka/apps/delta": Connect to http://localhost:8761 [localhost/127.0.0.1, localhost/0:0:0:0:0:0:0:1] failed: Connection refused: getsockopt
	at org.springframework.web.client.RestTemplate.createResourceAccessException(RestTemplate.java:926)
	at org.springframework.web.client.RestTemplate.doExecute(RestTemplate.java:906)
	at org.springframework.web.client.RestTemplate.execute(RestTemplate.java:841)
	at org.springframework.web.client.RestTemplate.exchange(RestTemplate.java:702)
	at org.springframework.cloud.netflix.eureka.http.RestTemplateEurekaHttpClient.getApplicationsInternal(RestTemplateEurekaHttpClient.java:174)
	at org.springframework.cloud.netflix.eureka.http.RestTemplateEurekaHttpClient.getDelta(RestTemplateEurekaHttpClient.java:186)
	at com.netflix.discovery.shared.transport.decorator.EurekaHttpClientDecorator$7.execute(EurekaHttpClientDecorator.java:152)
	at com.netflix.discovery.shared.transport.decorator.RedirectingEurekaHttpClient.execute(RedirectingEurekaHttpClient.java:91)
	at com.netflix.discovery.shared.transport.decorator.EurekaHttpClientDecorator.getDelta(EurekaHttpClientDecorator.java:149)
	at com.netflix.discovery.shared.transport.decorator.EurekaHttpClientDecorator$7.execute(EurekaHttpClientDecorator.java:152)
	at com.netflix.discovery.shared.transport.decorator.RetryableEurekaHttpClient.execute(RetryableEurekaHttpClient.java:120)
	at com.netflix.discovery.shared.transport.decorator.EurekaHttpClientDecorator.getDelta(EurekaHttpClientDecorator.java:149)
	at com.netflix.discovery.shared.transport.decorator.EurekaHttpClientDecorator$7.execute(EurekaHttpClientDecorator.java:152)
	at com.netflix.discovery.shared.transport.decorator.SessionedEurekaHttpClient.execute(SessionedEurekaHttpClient.java:76)
	at com.netflix.discovery.shared.transport.decorator.EurekaHttpClientDecorator.getDelta(EurekaHttpClientDecorator.java:149)
	at com.netflix.discovery.DiscoveryClient.getAndUpdateDelta(DiscoveryClient.java:1080)
	at com.netflix.discovery.DiscoveryClient.fetchRegistry(DiscoveryClient.java:963)
	at com.netflix.discovery.DiscoveryClient.refreshRegistry(DiscoveryClient.java:1473)
	at com.netflix.discovery.DiscoveryClient$CacheRefreshThread.run(DiscoveryClient.java:1441)
	at java.base/java.util.concurrent.Executors$RunnableAdapter.call(Executors.java:572)
	at java.base/java.util.concurrent.FutureTask.run(FutureTask.java:317)
	at java.base/java.util.concurrent.ThreadPoolExecutor.runWorker(ThreadPoolExecutor.java:1144)
	at java.base/java.util.concurrent.ThreadPoolExecutor$Worker.run(ThreadPoolExecutor.java:642)
	at java.base/java.lang.Thread.run(Thread.java:1583)
Caused by: org.apache.hc.client5.http.HttpHostConnectException: Connect to http://localhost:8761 [localhost/127.0.0.1, localhost/0:0:0:0:0:0:0:1] failed: Connection refused: getsockopt
	at java.base/sun.nio.ch.Net.pollConnect(Native Method)
	at java.base/sun.nio.ch.Net.pollConnectNow(Net.java:694)
	at java.base/sun.nio.ch.NioSocketImpl.timedFinishConnect(NioSocketImpl.java:542)
	at java.base/sun.nio.ch.NioSocketImpl.connect(NioSocketImpl.java:592)
	at java.base/java.net.SocksSocketImpl.connect(SocksSocketImpl.java:327)
	at java.base/java.net.Socket.connect(Socket.java:751)
	at org.apache.hc.client5.http.impl.io.DefaultHttpClientConnectionOperator.connect(DefaultHttpClientConnectionOperator.java:216)
	at org.apache.hc.client5.http.impl.io.PoolingHttpClientConnectionManager.connect(PoolingHttpClientConnectionManager.java:490)
	at org.apache.hc.client5.http.impl.classic.InternalExecRuntime.connectEndpoint(InternalExecRuntime.java:164)
	at org.apache.hc.client5.http.impl.classic.InternalExecRuntime.connectEndpoint(InternalExecRuntime.java:174)
	at org.apache.hc.client5.http.impl.classic.ConnectExec.execute(ConnectExec.java:144)
	at org.apache.hc.client5.http.impl.classic.ExecChainElement.execute(ExecChainElement.java:51)
	at org.apache.hc.client5.http.impl.classic.ProtocolExec.execute(ProtocolExec.java:192)
	at org.apache.hc.client5.http.impl.classic.ExecChainElement.execute(ExecChainElement.java:51)
	at org.apache.hc.client5.http.impl.classic.ContentCompressionExec.execute(ContentCompressionExec.java:150)
	at org.apache.hc.client5.http.impl.classic.ExecChainElement.execute(ExecChainElement.java:51)
	at org.apache.hc.client5.http.impl.classic.HttpRequestRetryExec.execute(HttpRequestRetryExec.java:113)
	at org.apache.hc.client5.http.impl.classic.ExecChainElement.execute(ExecChainElement.java:51)
	at org.apache.hc.client5.http.impl.classic.RedirectExec.execute(RedirectExec.java:110)
	at org.apache.hc.client5.http.impl.classic.ExecChainElement.execute(ExecChainElement.java:51)
	at org.apache.hc.client5.http.impl.classic.InternalHttpClient.doExecute(InternalHttpClient.java:174)
	at org.apache.hc.client5.http.impl.classic.CloseableHttpClient.execute(CloseableHttpClient.java:87)
	at org.apache.hc.client5.http.impl.classic.CloseableHttpClient.execute(CloseableHttpClient.java:55)
	at org.apache.hc.client5.http.classic.HttpClient.executeOpen(HttpClient.java:183)
	at org.springframework.http.client.HttpComponentsClientHttpRequest.executeInternal(HttpComponentsClientHttpRequest.java:99)
	at org.springframework.http.client.AbstractStreamingClientHttpRequest.executeInternal(AbstractStreamingClientHttpRequest.java:71)
	at org.springframework.http.client.AbstractClientHttpRequest.execute(AbstractClientHttpRequest.java:81)
	at org.springframework.http.client.InterceptingClientHttpRequest$InterceptingRequestExecution.execute(InterceptingClientHttpRequest.java:117)
	at org.springframework.cloud.netflix.eureka.http.RestTemplateTransportClientFactory.lambda$restTemplate$3(RestTemplateTransportClientFactory.java:141)
	at org.springframework.http.client.InterceptingClientHttpRequest$InterceptingRequestExecution.execute(InterceptingClientHttpRequest.java:88)
	at org.springframework.http.client.support.BasicAuthenticationInterceptor.intercept(BasicAuthenticationInterceptor.java:79)
	at org.springframework.http.client.InterceptingClientHttpRequest$InterceptingRequestExecution.execute(InterceptingClientHttpRequest.java:88)
	at org.springframework.http.client.InterceptingClientHttpRequest.executeInternal(InterceptingClientHttpRequest.java:72)
	at org.springframework.http.client.AbstractBufferingClientHttpRequest.executeInternal(AbstractBufferingClientHttpRequest.java:48)
	at org.springframework.http.client.AbstractClientHttpRequest.execute(AbstractClientHttpRequest.java:81)
	at org.springframework.web.client.RestTemplate.doExecute(RestTemplate.java:900)
	... 22 more

2026-08-21T14:44:06.619+01:00  WARN 12852 --- [schools-portal] [reshExecutor-%d] c.n.d.s.t.d.RetryableEurekaHttpClient    : Request execution failed with message: I/O error on GET request for "http://localhost:8761/eureka/apps/delta": Connect to http://localhost:8761 [localhost/127.0.0.1, localhost/0:0:0:0:0:0:0:1] failed: Connection refused: getsockopt
2026-08-21T14:44:06.633+01:00  INFO 12852 --- [schools-portal] [reshExecutor-%d] c.n.d.s.t.d.RedirectingEurekaHttpClient  : Request execution error. endpoint=DefaultEndpoint{ serviceUrl='http://admin:admin@localhost:8761/eureka/}, exception=I/O error on GET request for "http://localhost:8761/eureka/apps/delta": Connect to http://localhost:8761 [localhost/127.0.0.1, localhost/0:0:0:0:0:0:0:1] failed: Connection refused: getsockopt stacktrace=org.springframework.web.client.ResourceAccessException: I/O error on GET request for "http://localhost:8761/eureka/apps/delta": Connect to http://localhost:8761 [localhost/127.0.0.1, localhost/0:0:0:0:0:0:0:1] failed: Connection refused: getsockopt
	at org.springframework.web.client.RestTemplate.createResourceAccessException(RestTemplate.java:926)
	at org.springframework.web.client.RestTemplate.doExecute(RestTemplate.java:906)
	at org.springframework.web.client.RestTemplate.execute(RestTemplate.java:841)
	at org.springframework.web.client.RestTemplate.exchange(RestTemplate.java:702)
	at org.springframework.cloud.netflix.eureka.http.RestTemplateEurekaHttpClient.getApplicationsInternal(RestTemplateEurekaHttpClient.java:174)
	at org.springframework.cloud.netflix.eureka.http.RestTemplateEurekaHttpClient.getDelta(RestTemplateEurekaHttpClient.java:186)
	at com.netflix.discovery.shared.transport.decorator.EurekaHttpClientDecorator$7.execute(EurekaHttpClientDecorator.java:152)
	at com.netflix.discovery.shared.transport.decorator.RedirectingEurekaHttpClient.executeOnNewServer(RedirectingEurekaHttpClient.java:121)
	at com.netflix.discovery.shared.transport.decorator.RedirectingEurekaHttpClient.execute(RedirectingEurekaHttpClient.java:80)
	at com.netflix.discovery.shared.transport.decorator.EurekaHttpClientDecorator.getDelta(EurekaHttpClientDecorator.java:149)
	at com.netflix.discovery.shared.transport.decorator.EurekaHttpClientDecorator$7.execute(EurekaHttpClientDecorator.java:152)
	at com.netflix.discovery.shared.transport.decorator.RetryableEurekaHttpClient.execute(RetryableEurekaHttpClient.java:120)
	at com.netflix.discovery.shared.transport.decorator.EurekaHttpClientDecorator.getDelta(EurekaHttpClientDecorator.java:149)
	at com.netflix.discovery.shared.transport.decorator.EurekaHttpClientDecorator$7.execute(EurekaHttpClientDecorator.java:152)
	at com.netflix.discovery.shared.transport.decorator.SessionedEurekaHttpClient.execute(SessionedEurekaHttpClient.java:76)
	at com.netflix.discovery.shared.transport.decorator.EurekaHttpClientDecorator.getDelta(EurekaHttpClientDecorator.java:149)
	at com.netflix.discovery.DiscoveryClient.getAndUpdateDelta(DiscoveryClient.java:1080)
	at com.netflix.discovery.DiscoveryClient.fetchRegistry(DiscoveryClient.java:963)
	at com.netflix.discovery.DiscoveryClient.refreshRegistry(DiscoveryClient.java:1473)
	at com.netflix.discovery.DiscoveryClient$CacheRefreshThread.run(DiscoveryClient.java:1441)
	at java.base/java.util.concurrent.Executors$RunnableAdapter.call(Executors.java:572)
	at java.base/java.util.concurrent.FutureTask.run(FutureTask.java:317)
	at java.base/java.util.concurrent.ThreadPoolExecutor.runWorker(ThreadPoolExecutor.java:1144)
	at java.base/java.util.concurrent.ThreadPoolExecutor$Worker.run(ThreadPoolExecutor.java:642)
	at java.base/java.lang.Thread.run(Thread.java:1583)
Caused by: org.apache.hc.client5.http.HttpHostConnectException: Connect to http://localhost:8761 [localhost/127.0.0.1, localhost/0:0:0:0:0:0:0:1] failed: Connection refused: getsockopt
	at java.base/sun.nio.ch.Net.pollConnect(Native Method)
	at java.base/sun.nio.ch.Net.pollConnectNow(Net.java:694)
	at java.base/sun.nio.ch.NioSocketImpl.timedFinishConnect(NioSocketImpl.java:542)
	at java.base/sun.nio.ch.NioSocketImpl.connect(NioSocketImpl.java:592)
	at java.base/java.net.SocksSocketImpl.connect(SocksSocketImpl.java:327)
	at java.base/java.net.Socket.connect(Socket.java:751)
	at org.apache.hc.client5.http.impl.io.DefaultHttpClientConnectionOperator.connect(DefaultHttpClientConnectionOperator.java:216)
	at org.apache.hc.client5.http.impl.io.PoolingHttpClientConnectionManager.connect(PoolingHttpClientConnectionManager.java:490)
	at org.apache.hc.client5.http.impl.classic.InternalExecRuntime.connectEndpoint(InternalExecRuntime.java:164)
	at org.apache.hc.client5.http.impl.classic.InternalExecRuntime.connectEndpoint(InternalExecRuntime.java:174)
	at org.apache.hc.client5.http.impl.classic.ConnectExec.execute(ConnectExec.java:144)
	at org.apache.hc.client5.http.impl.classic.ExecChainElement.execute(ExecChainElement.java:51)
	at org.apache.hc.client5.http.impl.classic.ProtocolExec.execute(ProtocolExec.java:192)
	at org.apache.hc.client5.http.impl.classic.ExecChainElement.execute(ExecChainElement.java:51)
	at org.apache.hc.client5.http.impl.classic.ContentCompressionExec.execute(ContentCompressionExec.java:150)
	at org.apache.hc.client5.http.impl.classic.ExecChainElement.execute(ExecChainElement.java:51)
	at org.apache.hc.client5.http.impl.classic.HttpRequestRetryExec.execute(HttpRequestRetryExec.java:113)
	at org.apache.hc.client5.http.impl.classic.ExecChainElement.execute(ExecChainElement.java:51)
	at org.apache.hc.client5.http.impl.classic.RedirectExec.execute(RedirectExec.java:110)
	at org.apache.hc.client5.http.impl.classic.ExecChainElement.execute(ExecChainElement.java:51)
	at org.apache.hc.client5.http.impl.classic.InternalHttpClient.doExecute(InternalHttpClient.java:174)
	at org.apache.hc.client5.http.impl.classic.CloseableHttpClient.execute(CloseableHttpClient.java:87)
	at org.apache.hc.client5.http.impl.classic.CloseableHttpClient.execute(CloseableHttpClient.java:55)
	at org.apache.hc.client5.http.classic.HttpClient.executeOpen(HttpClient.java:183)
	at org.springframework.http.client.HttpComponentsClientHttpRequest.executeInternal(HttpComponentsClientHttpRequest.java:99)
	at org.springframework.http.client.AbstractStreamingClientHttpRequest.executeInternal(AbstractStreamingClientHttpRequest.java:71)
	at org.springframework.http.client.AbstractClientHttpRequest.execute(AbstractClientHttpRequest.java:81)
	at org.springframework.http.client.InterceptingClientHttpRequest$InterceptingRequestExecution.execute(InterceptingClientHttpRequest.java:117)
	at org.springframework.cloud.netflix.eureka.http.RestTemplateTransportClientFactory.lambda$restTemplate$3(RestTemplateTransportClientFactory.java:141)
	at org.springframework.http.client.InterceptingClientHttpRequest$InterceptingRequestExecution.execute(InterceptingClientHttpRequest.java:88)
	at org.springframework.http.client.support.BasicAuthenticationInterceptor.intercept(BasicAuthenticationInterceptor.java:79)
	at org.springframework.http.client.InterceptingClientHttpRequest$InterceptingRequestExecution.execute(InterceptingClientHttpRequest.java:88)
	at org.springframework.http.client.InterceptingClientHttpRequest.executeInternal(InterceptingClientHttpRequest.java:72)
	at org.springframework.http.client.AbstractBufferingClientHttpRequest.executeInternal(AbstractBufferingClientHttpRequest.java:48)
	at org.springframework.http.client.AbstractClientHttpRequest.execute(AbstractClientHttpRequest.java:81)
	at org.springframework.web.client.RestTemplate.doExecute(RestTemplate.java:900)
	... 23 more

2026-08-21T14:44:06.633+01:00  WARN 12852 --- [schools-portal] [reshExecutor-%d] c.n.d.s.t.d.RetryableEurekaHttpClient    : Request execution failed with message: I/O error on GET request for "http://localhost:8761/eureka/apps/delta": Connect to http://localhost:8761 [localhost/127.0.0.1, localhost/0:0:0:0:0:0:0:1] failed: Connection refused: getsockopt
2026-08-21T14:44:06.633+01:00  INFO 12852 --- [schools-portal] [reshExecutor-%d] c.n.d.DiscoveryClient                    : DiscoveryClient_SCHOOLS-PORTAL/CYP-WEBTEST-01.development.local:schools-portal:8024 - was unable to refresh its cache! This periodic background refresh will be retried in 30 seconds. status = Cannot execute request on any known server stacktrace = com.netflix.discovery.shared.transport.TransportException: Cannot execute request on any known server
	at com.netflix.discovery.shared.transport.decorator.RetryableEurekaHttpClient.execute(RetryableEurekaHttpClient.java:112)
	at com.netflix.discovery.shared.transport.decorator.EurekaHttpClientDecorator.getDelta(EurekaHttpClientDecorator.java:149)
	at com.netflix.discovery.shared.transport.decorator.EurekaHttpClientDecorator$7.execute(EurekaHttpClientDecorator.java:152)
	at com.netflix.discovery.shared.transport.decorator.SessionedEurekaHttpClient.execute(SessionedEurekaHttpClient.java:76)
	at com.netflix.discovery.shared.transport.decorator.EurekaHttpClientDecorator.getDelta(EurekaHttpClientDecorator.java:149)
	at com.netflix.discovery.DiscoveryClient.getAndUpdateDelta(DiscoveryClient.java:1080)
	at com.netflix.discovery.DiscoveryClient.fetchRegistry(DiscoveryClient.java:963)
	at com.netflix.discovery.DiscoveryClient.refreshRegistry(DiscoveryClient.java:1473)
	at com.netflix.discovery.DiscoveryClient$CacheRefreshThread.run(DiscoveryClient.java:1441)
	at java.base/java.util.concurrent.Executors$RunnableAdapter.call(Executors.java:572)
	at java.base/java.util.concurrent.FutureTask.run(FutureTask.java:317)
	at java.base/java.util.concurrent.ThreadPoolExecutor.runWorker(ThreadPoolExecutor.java:1144)
	at java.base/java.util.concurrent.ThreadPoolExecutor$Worker.run(ThreadPoolExecutor.java:642)
	at java.base/java.lang.Thread.run(Thread.java:1583)

2026-08-21T14:44:06.917+01:00  INFO 12852 --- [schools-portal] [beatExecutor-%d] c.n.d.s.t.d.RedirectingEurekaHttpClient  : Request execution error. endpoint=DefaultEndpoint{ serviceUrl='http://admin:admin@localhost:8761/eureka/} exception=I/O error on PUT request for "http://localhost:8761/eureka/apps/SCHOOLS-PORTAL/CYP-WEBTEST-01.development.local:schools-portal:8024": Connect to http://localhost:8761 [localhost/127.0.0.1, localhost/0:0:0:0:0:0:0:1] failed: Connection refused: getsockopt stacktrace=org.springframework.web.client.ResourceAccessException: I/O error on PUT request for "http://localhost:8761/eureka/apps/SCHOOLS-PORTAL/CYP-WEBTEST-01.development.local:schools-portal:8024": Connect to http://localhost:8761 [localhost/127.0.0.1, localhost/0:0:0:0:0:0:0:1] failed: Connection refused: getsockopt
	at org.springframework.web.client.RestTemplate.createResourceAccessException(RestTemplate.java:926)
	at org.springframework.web.client.RestTemplate.doExecute(RestTemplate.java:906)
	at org.springframework.web.client.RestTemplate.execute(RestTemplate.java:841)
	at org.springframework.web.client.RestTemplate.exchange(RestTemplate.java:702)
	at org.springframework.cloud.netflix.eureka.http.RestTemplateEurekaHttpClient.sendHeartBeat(RestTemplateEurekaHttpClient.java:119)
	at com.netflix.discovery.shared.transport.decorator.EurekaHttpClientDecorator$3.execute(EurekaHttpClientDecorator.java:92)
	at com.netflix.discovery.shared.transport.decorator.RedirectingEurekaHttpClient.execute(RedirectingEurekaHttpClient.java:91)
	at com.netflix.discovery.shared.transport.decorator.EurekaHttpClientDecorator.sendHeartBeat(EurekaHttpClientDecorator.java:89)
	at com.netflix.discovery.shared.transport.decorator.EurekaHttpClientDecorator$3.execute(EurekaHttpClientDecorator.java:92)
	at com.netflix.discovery.shared.transport.decorator.RetryableEurekaHttpClient.execute(RetryableEurekaHttpClient.java:120)
	at com.netflix.discovery.shared.transport.decorator.EurekaHttpClientDecorator.sendHeartBeat(EurekaHttpClientDecorator.java:89)
	at com.netflix.discovery.shared.transport.decorator.EurekaHttpClientDecorator$3.execute(EurekaHttpClientDecorator.java:92)
	at com.netflix.discovery.shared.transport.decorator.SessionedEurekaHttpClient.execute(SessionedEurekaHttpClient.java:76)
	at com.netflix.discovery.shared.transport.decorator.EurekaHttpClientDecorator.sendHeartBeat(EurekaHttpClientDecorator.java:89)
	at com.netflix.discovery.DiscoveryClient.renew(DiscoveryClient.java:845)
	at com.netflix.discovery.DiscoveryClient$HeartbeatThread.run(DiscoveryClient.java:1402)
	at java.base/java.util.concurrent.Executors$RunnableAdapter.call(Executors.java:572)
	at java.base/java.util.concurrent.FutureTask.run(FutureTask.java:317)
	at java.base/java.util.concurrent.ThreadPoolExecutor.runWorker(ThreadPoolExecutor.java:1144)
	at java.base/java.util.concurrent.ThreadPoolExecutor$Worker.run(ThreadPoolExecutor.java:642)
	at java.base/java.lang.Thread.run(Thread.java:1583)
Caused by: org.apache.hc.client5.http.HttpHostConnectException: Connect to http://localhost:8761 [localhost/127.0.0.1, localhost/0:0:0:0:0:0:0:1] failed: Connection refused: getsockopt
	at java.base/sun.nio.ch.Net.pollConnect(Native Method)
	at java.base/sun.nio.ch.Net.pollConnectNow(Net.java:694)
	at java.base/sun.nio.ch.NioSocketImpl.timedFinishConnect(NioSocketImpl.java:542)
	at java.base/sun.nio.ch.NioSocketImpl.connect(NioSocketImpl.java:592)
	at java.base/java.net.SocksSocketImpl.connect(SocksSocketImpl.java:327)
	at java.base/java.net.Socket.connect(Socket.java:751)
	at org.apache.hc.client5.http.impl.io.DefaultHttpClientConnectionOperator.connect(DefaultHttpClientConnectionOperator.java:216)
	at org.apache.hc.client5.http.impl.io.PoolingHttpClientConnectionManager.connect(PoolingHttpClientConnectionManager.java:490)
	at org.apache.hc.client5.http.impl.classic.InternalExecRuntime.connectEndpoint(InternalExecRuntime.java:164)
	at org.apache.hc.client5.http.impl.classic.InternalExecRuntime.connectEndpoint(InternalExecRuntime.java:174)
	at org.apache.hc.client5.http.impl.classic.ConnectExec.execute(ConnectExec.java:144)
	at org.apache.hc.client5.http.impl.classic.ExecChainElement.execute(ExecChainElement.java:51)
	at org.apache.hc.client5.http.impl.classic.ProtocolExec.execute(ProtocolExec.java:192)
	at org.apache.hc.client5.http.impl.classic.ExecChainElement.execute(ExecChainElement.java:51)
	at org.apache.hc.client5.http.impl.classic.ContentCompressionExec.execute(ContentCompressionExec.java:150)
	at org.apache.hc.client5.http.impl.classic.ExecChainElement.execute(ExecChainElement.java:51)
	at org.apache.hc.client5.http.impl.classic.HttpRequestRetryExec.execute(HttpRequestRetryExec.java:113)
	at org.apache.hc.client5.http.impl.classic.ExecChainElement.execute(ExecChainElement.java:51)
	at org.apache.hc.client5.http.impl.classic.RedirectExec.execute(RedirectExec.java:110)
	at org.apache.hc.client5.http.impl.classic.ExecChainElement.execute(ExecChainElement.java:51)
	at org.apache.hc.client5.http.impl.classic.InternalHttpClient.doExecute(InternalHttpClient.java:174)
	at org.apache.hc.client5.http.impl.classic.CloseableHttpClient.execute(CloseableHttpClient.java:87)
	at org.apache.hc.client5.http.impl.classic.CloseableHttpClient.execute(CloseableHttpClient.java:55)
	at org.apache.hc.client5.http.classic.HttpClient.executeOpen(HttpClient.java:183)
	at org.springframework.http.client.HttpComponentsClientHttpRequest.executeInternal(HttpComponentsClientHttpRequest.java:99)
	at org.springframework.http.client.AbstractStreamingClientHttpRequest.executeInternal(AbstractStreamingClientHttpRequest.java:71)
	at org.springframework.http.client.AbstractClientHttpRequest.execute(AbstractClientHttpRequest.java:81)
	at org.springframework.http.client.InterceptingClientHttpRequest$InterceptingRequestExecution.execute(InterceptingClientHttpRequest.java:117)
	at org.springframework.cloud.netflix.eureka.http.RestTemplateTransportClientFactory.lambda$restTemplate$3(RestTemplateTransportClientFactory.java:141)
	at org.springframework.http.client.InterceptingClientHttpRequest$InterceptingRequestExecution.execute(InterceptingClientHttpRequest.java:88)
	at org.springframework.http.client.support.BasicAuthenticationInterceptor.intercept(BasicAuthenticationInterceptor.java:79)
	at org.springframework.http.client.InterceptingClientHttpRequest$InterceptingRequestExecution.execute(InterceptingClientHttpRequest.java:88)
	at org.springframework.http.client.InterceptingClientHttpRequest.executeInternal(InterceptingClientHttpRequest.java:72)
	at org.springframework.http.client.AbstractBufferingClientHttpRequest.executeInternal(AbstractBufferingClientHttpRequest.java:48)
	at org.springframework.http.client.AbstractClientHttpRequest.execute(AbstractClientHttpRequest.java:81)
	at org.springframework.web.client.RestTemplate.doExecute(RestTemplate.java:900)
	... 19 more

2026-08-21T14:44:06.917+01:00  WARN 12852 --- [schools-portal] [beatExecutor-%d] c.n.d.s.t.d.RetryableEurekaHttpClient    : Request execution failed with message: I/O error on PUT request for "http://localhost:8761/eureka/apps/SCHOOLS-PORTAL/CYP-WEBTEST-01.development.local:schools-portal:8024": Connect to http://localhost:8761 [localhost/127.0.0.1, localhost/0:0:0:0:0:0:0:1] failed: Connection refused: getsockopt
2026-08-21T14:44:06.926+01:00  INFO 12852 --- [schools-portal] [beatExecutor-%d] c.n.d.s.t.d.RedirectingEurekaHttpClient  : Request execution error. endpoint=DefaultEndpoint{ serviceUrl='http://admin:admin@localhost:8761/eureka/}, exception=I/O error on PUT request for "http://localhost:8761/eureka/apps/SCHOOLS-PORTAL/CYP-WEBTEST-01.development.local:schools-portal:8024": Connect to http://localhost:8761 [localhost/127.0.0.1, localhost/0:0:0:0:0:0:0:1] failed: Connection refused: getsockopt stacktrace=org.springframework.web.client.ResourceAccessException: I/O error on PUT request for "http://localhost:8761/eureka/apps/SCHOOLS-PORTAL/CYP-WEBTEST-01.development.local:schools-portal:8024": Connect to http://localhost:8761 [localhost/127.0.0.1, localhost/0:0:0:0:0:0:0:1] failed: Connection refused: getsockopt
	at org.springframework.web.client.RestTemplate.createResourceAccessException(RestTemplate.java:926)
	at org.springframework.web.client.RestTemplate.doExecute(RestTemplate.java:906)
	at org.springframework.web.client.RestTemplate.execute(RestTemplate.java:841)
	at org.springframework.web.client.RestTemplate.exchange(RestTemplate.java:702)
	at org.springframework.cloud.netflix.eureka.http.RestTemplateEurekaHttpClient.sendHeartBeat(RestTemplateEurekaHttpClient.java:119)
	at com.netflix.discovery.shared.transport.decorator.EurekaHttpClientDecorator$3.execute(EurekaHttpClientDecorator.java:92)
	at com.netflix.discovery.shared.transport.decorator.RedirectingEurekaHttpClient.executeOnNewServer(RedirectingEurekaHttpClient.java:121)
	at com.netflix.discovery.shared.transport.decorator.RedirectingEurekaHttpClient.execute(RedirectingEurekaHttpClient.java:80)
	at com.netflix.discovery.shared.transport.decorator.EurekaHttpClientDecorator.sendHeartBeat(EurekaHttpClientDecorator.java:89)
	at com.netflix.discovery.shared.transport.decorator.EurekaHttpClientDecorator$3.execute(EurekaHttpClientDecorator.java:92)
	at com.netflix.discovery.shared.transport.decorator.RetryableEurekaHttpClient.execute(RetryableEurekaHttpClient.java:120)
	at com.netflix.discovery.shared.transport.decorator.EurekaHttpClientDecorator.sendHeartBeat(EurekaHttpClientDecorator.java:89)
	at com.netflix.discovery.shared.transport.decorator.EurekaHttpClientDecorator$3.execute(EurekaHttpClientDecorator.java:92)
	at com.netflix.discovery.shared.transport.decorator.SessionedEurekaHttpClient.execute(SessionedEurekaHttpClient.java:76)
	at com.netflix.discovery.shared.transport.decorator.EurekaHttpClientDecorator.sendHeartBeat(EurekaHttpClientDecorator.java:89)
	at com.netflix.discovery.DiscoveryClient.renew(DiscoveryClient.java:845)
	at com.netflix.discovery.DiscoveryClient$HeartbeatThread.run(DiscoveryClient.java:1402)
	at java.base/java.util.concurrent.Executors$RunnableAdapter.call(Executors.java:572)
	at java.base/java.util.concurrent.FutureTask.run(FutureTask.java:317)
	at java.base/java.util.concurrent.ThreadPoolExecutor.runWorker(ThreadPoolExecutor.java:1144)
	at java.base/java.util.concurrent.ThreadPoolExecutor$Worker.run(ThreadPoolExecutor.java:642)
	at java.base/java.lang.Thread.run(Thread.java:1583)
Caused by: org.apache.hc.client5.http.HttpHostConnectException: Connect to http://localhost:8761 [localhost/127.0.0.1, localhost/0:0:0:0:0:0:0:1] failed: Connection refused: getsockopt
	at java.base/sun.nio.ch.Net.pollConnect(Native Method)
	at java.base/sun.nio.ch.Net.pollConnectNow(Net.java:694)
	at java.base/sun.nio.ch.NioSocketImpl.timedFinishConnect(NioSocketImpl.java:542)
	at java.base/sun.nio.ch.NioSocketImpl.connect(NioSocketImpl.java:592)
	at java.base/java.net.SocksSocketImpl.connect(SocksSocketImpl.java:327)
	at java.base/java.net.Socket.connect(Socket.java:751)
	at org.apache.hc.client5.http.impl.io.DefaultHttpClientConnectionOperator.connect(DefaultHttpClientConnectionOperator.java:216)
	at org.apache.hc.client5.http.impl.io.PoolingHttpClientConnectionManager.connect(PoolingHttpClientConnectionManager.java:490)
	at org.apache.hc.client5.http.impl.classic.InternalExecRuntime.connectEndpoint(InternalExecRuntime.java:164)
	at org.apache.hc.client5.http.impl.classic.InternalExecRuntime.connectEndpoint(InternalExecRuntime.java:174)
	at org.apache.hc.client5.http.impl.classic.ConnectExec.execute(ConnectExec.java:144)
	at org.apache.hc.client5.http.impl.classic.ExecChainElement.execute(ExecChainElement.java:51)
	at org.apache.hc.client5.http.impl.classic.ProtocolExec.execute(ProtocolExec.java:192)
	at org.apache.hc.client5.http.impl.classic.ExecChainElement.execute(ExecChainElement.java:51)
	at org.apache.hc.client5.http.impl.classic.ContentCompressionExec.execute(ContentCompressionExec.java:150)
	at org.apache.hc.client5.http.impl.classic.ExecChainElement.execute(ExecChainElement.java:51)
	at org.apache.hc.client5.http.impl.classic.HttpRequestRetryExec.execute(HttpRequestRetryExec.java:113)
	at org.apache.hc.client5.http.impl.classic.ExecChainElement.execute(ExecChainElement.java:51)
	at org.apache.hc.client5.http.impl.classic.RedirectExec.execute(RedirectExec.java:110)
	at org.apache.hc.client5.http.impl.classic.ExecChainElement.execute(ExecChainElement.java:51)
	at org.apache.hc.client5.http.impl.classic.InternalHttpClient.doExecute(InternalHttpClient.java:174)
	at org.apache.hc.client5.http.impl.classic.CloseableHttpClient.execute(CloseableHttpClient.java:87)
	at org.apache.hc.client5.http.impl.classic.CloseableHttpClient.execute(CloseableHttpClient.java:55)
	at org.apache.hc.client5.http.classic.HttpClient.executeOpen(HttpClient.java:183)
	at org.springframework.http.client.HttpComponentsClientHttpRequest.executeInternal(HttpComponentsClientHttpRequest.java:99)
	at org.springframework.http.client.AbstractStreamingClientHttpRequest.executeInternal(AbstractStreamingClientHttpRequest.java:71)
	at org.springframework.http.client.AbstractClientHttpRequest.execute(AbstractClientHttpRequest.java:81)
	at org.springframework.http.client.InterceptingClientHttpRequest$InterceptingRequestExecution.execute(InterceptingClientHttpRequest.java:117)
	at org.springframework.cloud.netflix.eureka.http.RestTemplateTransportClientFactory.lambda$restTemplate$3(RestTemplateTransportClientFactory.java:141)
	at org.springframework.http.client.InterceptingClientHttpRequest$InterceptingRequestExecution.execute(InterceptingClientHttpRequest.java:88)
	at org.springframework.http.client.support.BasicAuthenticationInterceptor.intercept(BasicAuthenticationInterceptor.java:79)
	at org.springframework.http.client.InterceptingClientHttpRequest$InterceptingRequestExecution.execute(InterceptingClientHttpRequest.java:88)
	at org.springframework.http.client.InterceptingClientHttpRequest.executeInternal(InterceptingClientHttpRequest.java:72)
	at org.springframework.http.client.AbstractBufferingClientHttpRequest.executeInternal(AbstractBufferingClientHttpRequest.java:48)
	at org.springframework.http.client.AbstractClientHttpRequest.execute(AbstractClientHttpRequest.java:81)
	at org.springframework.web.client.RestTemplate.doExecute(RestTemplate.java:900)
	... 20 more

2026-08-21T14:44:06.926+01:00  WARN 12852 --- [schools-portal] [beatExecutor-%d] c.n.d.s.t.d.RetryableEurekaHttpClient    : Request execution failed with message: I/O error on PUT request for "http://localhost:8761/eureka/apps/SCHOOLS-PORTAL/CYP-WEBTEST-01.development.local:schools-portal:8024": Connect to http://localhost:8761 [localhost/127.0.0.1, localhost/0:0:0:0:0:0:0:1] failed: Connection refused: getsockopt
2026-08-21T14:44:06.929+01:00 ERROR 12852 --- [schools-portal] [beatExecutor-%d] c.n.d.DiscoveryClient                    : DiscoveryClient_SCHOOLS-PORTAL/CYP-WEBTEST-01.development.local:schools-portal:8024 - was unable to send heartbeat!

com.netflix.discovery.shared.transport.TransportException: Cannot execute request on any known server
	at com.netflix.discovery.shared.transport.decorator.RetryableEurekaHttpClient.execute(RetryableEurekaHttpClient.java:112) ~[eureka-client-2.0.4.jar!/:2.0.4]
	at com.netflix.discovery.shared.transport.decorator.EurekaHttpClientDecorator.sendHeartBeat(EurekaHttpClientDecorator.java:89) ~[eureka-client-2.0.4.jar!/:2.0.4]
	at com.netflix.discovery.shared.transport.decorator.EurekaHttpClientDecorator$3.execute(EurekaHttpClientDecorator.java:92) ~[eureka-client-2.0.4.jar!/:2.0.4]
	at com.netflix.discovery.shared.transport.decorator.SessionedEurekaHttpClient.execute(SessionedEurekaHttpClient.java:76) ~[eureka-client-2.0.4.jar!/:2.0.4]
	at com.netflix.discovery.shared.transport.decorator.EurekaHttpClientDecorator.sendHeartBeat(EurekaHttpClientDecorator.java:89) ~[eureka-client-2.0.4.jar!/:2.0.4]
	at com.netflix.discovery.DiscoveryClient.renew(DiscoveryClient.java:845) ~[eureka-client-2.0.4.jar!/:2.0.4]
	at com.netflix.discovery.DiscoveryClient$HeartbeatThread.run(DiscoveryClient.java:1402) ~[eureka-client-2.0.4.jar!/:2.0.4]
	at java.base/java.util.concurrent.Executors$RunnableAdapter.call(Executors.java:572) ~[?:?]
	at java.base/java.util.concurrent.FutureTask.run(FutureTask.java:317) ~[?:?]
	at java.base/java.util.concurrent.ThreadPoolExecutor.runWorker(ThreadPoolExecutor.java:1144) ~[?:?]
	at java.base/java.util.concurrent.ThreadPoolExecutor$Worker.run(ThreadPoolExecutor.java:642) ~[?:?]
	at java.base/java.lang.Thread.run(Thread.java:1583) [?:?]

2026-08-21T14:44:07.712+01:00  INFO 12852 --- [schools-portal] [ionShutdownHook] o.s.c.n.e.s.EurekaServiceRegistry        : Unregistering application SCHOOLS-PORTAL with eureka with status DOWN
2026-08-21T14:44:07.712+01:00  INFO 12852 --- [schools-portal] [ionShutdownHook] c.n.d.DiscoveryClient                    : Saw local status change event StatusChangeEvent [timestamp=1787319847712, current=DOWN, previous=UP]
2026-08-21T14:44:07.712+01:00  INFO 12852 --- [schools-portal] [foReplicator-%d] c.n.d.DiscoveryClient                    : DiscoveryClient_SCHOOLS-PORTAL/CYP-WEBTEST-01.development.local:schools-portal:8024: registering service...
2026-08-21T14:44:07.715+01:00  INFO 12852 --- [schools-portal] [ionShutdownHook] o.s.b.w.e.t.GracefulShutdown             : Commencing graceful shutdown. Waiting for active requests to complete
2026-08-21T14:44:07.721+01:00  INFO 12852 --- [schools-portal] [tomcat-shutdown] o.s.b.w.e.t.GracefulShutdown             : Graceful shutdown complete
2026-08-21T14:44:07.730+01:00  INFO 12852 --- [schools-portal] [ionShutdownHook] c.n.d.DiscoveryClient                    : Shutting down DiscoveryClient ...
2026-08-21T14:44:07.737+01:00  INFO 12852 --- [schools-portal] [foReplicator-%d] c.n.d.s.t.d.RedirectingEurekaHttpClient  : Request execution error. endpoint=DefaultEndpoint{ serviceUrl='http://admin:admin@localhost:8761/eureka/}, exception=I/O error on POST request for "http://localhost:8761/eureka/apps/SCHOOLS-PORTAL": Connect to http://localhost:8761 [localhost/127.0.0.1, localhost/0:0:0:0:0:0:0:1] failed: Connection refused: getsockopt stacktrace=org.springframework.web.client.ResourceAccessException: I/O error on POST request for "http://localhost:8761/eureka/apps/SCHOOLS-PORTAL": Connect to http://localhost:8761 [localhost/127.0.0.1, localhost/0:0:0:0:0:0:0:1] failed: Connection refused: getsockopt
	at org.springframework.web.client.RestTemplate.createResourceAccessException(RestTemplate.java:926)
	at org.springframework.web.client.RestTemplate.doExecute(RestTemplate.java:906)
	at org.springframework.web.client.RestTemplate.execute(RestTemplate.java:841)
	at org.springframework.web.client.RestTemplate.exchange(RestTemplate.java:702)
	at org.springframework.cloud.netflix.eureka.http.RestTemplateEurekaHttpClient.register(RestTemplateEurekaHttpClient.java:87)
	at com.netflix.discovery.shared.transport.decorator.EurekaHttpClientDecorator$1.execute(EurekaHttpClientDecorator.java:59)
	at com.netflix.discovery.shared.transport.decorator.RedirectingEurekaHttpClient.executeOnNewServer(RedirectingEurekaHttpClient.java:121)
	at com.netflix.discovery.shared.transport.decorator.RedirectingEurekaHttpClient.execute(RedirectingEurekaHttpClient.java:80)
	at com.netflix.discovery.shared.transport.decorator.EurekaHttpClientDecorator.register(EurekaHttpClientDecorator.java:56)
	at com.netflix.discovery.shared.transport.decorator.EurekaHttpClientDecorator$1.execute(EurekaHttpClientDecorator.java:59)
	at com.netflix.discovery.shared.transport.decorator.RetryableEurekaHttpClient.execute(RetryableEurekaHttpClient.java:120)
	at com.netflix.discovery.shared.transport.decorator.EurekaHttpClientDecorator.register(EurekaHttpClientDecorator.java:56)
	at com.netflix.discovery.shared.transport.decorator.EurekaHttpClientDecorator$1.execute(EurekaHttpClientDecorator.java:59)
	at com.netflix.discovery.shared.transport.decorator.SessionedEurekaHttpClient.execute(SessionedEurekaHttpClient.java:76)
	at com.netflix.discovery.shared.transport.decorator.EurekaHttpClientDecorator.register(EurekaHttpClientDecorator.java:56)
	at com.netflix.discovery.DiscoveryClient.register(DiscoveryClient.java:828)
	at com.netflix.discovery.InstanceInfoReplicator.run(InstanceInfoReplicator.java:125)
	at com.netflix.discovery.InstanceInfoReplicator$2.run(InstanceInfoReplicator.java:105)
	at java.base/java.util.concurrent.Executors$RunnableAdapter.call(Executors.java:572)
	at java.base/java.util.concurrent.FutureTask.run(FutureTask.java:317)
	at java.base/java.util.concurrent.ScheduledThreadPoolExecutor$ScheduledFutureTask.run(ScheduledThreadPoolExecutor.java:304)
	at java.base/java.util.concurrent.ThreadPoolExecutor.runWorker(ThreadPoolExecutor.java:1144)
	at java.base/java.util.concurrent.ThreadPoolExecutor$Worker.run(ThreadPoolExecutor.java:642)
	at java.base/java.lang.Thread.run(Thread.java:1583)
Caused by: org.apache.hc.client5.http.HttpHostConnectException: Connect to http://localhost:8761 [localhost/127.0.0.1, localhost/0:0:0:0:0:0:0:1] failed: Connection refused: getsockopt
	at java.base/sun.nio.ch.Net.pollConnect(Native Method)
	at java.base/sun.nio.ch.Net.pollConnectNow(Net.java:694)
	at java.base/sun.nio.ch.NioSocketImpl.timedFinishConnect(NioSocketImpl.java:542)
	at java.base/sun.nio.ch.NioSocketImpl.connect(NioSocketImpl.java:592)
	at java.base/java.net.SocksSocketImpl.connect(SocksSocketImpl.java:327)
	at java.base/java.net.Socket.connect(Socket.java:751)
	at org.apache.hc.client5.http.impl.io.DefaultHttpClientConnectionOperator.connect(DefaultHttpClientConnectionOperator.java:216)
	at org.apache.hc.client5.http.impl.io.PoolingHttpClientConnectionManager.connect(PoolingHttpClientConnectionManager.java:490)
	at org.apache.hc.client5.http.impl.classic.InternalExecRuntime.connectEndpoint(InternalExecRuntime.java:164)
	at org.apache.hc.client5.http.impl.classic.InternalExecRuntime.connectEndpoint(InternalExecRuntime.java:174)
	at org.apache.hc.client5.http.impl.classic.ConnectExec.execute(ConnectExec.java:144)
	at org.apache.hc.client5.http.impl.classic.ExecChainElement.execute(ExecChainElement.java:51)
	at org.apache.hc.client5.http.impl.classic.ProtocolExec.execute(ProtocolExec.java:192)
	at org.apache.hc.client5.http.impl.classic.ExecChainElement.execute(ExecChainElement.java:51)
	at org.apache.hc.client5.http.impl.classic.ContentCompressionExec.execute(ContentCompressionExec.java:150)
	at org.apache.hc.client5.http.impl.classic.ExecChainElement.execute(ExecChainElement.java:51)
	at org.apache.hc.client5.http.impl.classic.HttpRequestRetryExec.execute(HttpRequestRetryExec.java:113)
	at org.apache.hc.client5.http.impl.classic.ExecChainElement.execute(ExecChainElement.java:51)
	at org.apache.hc.client5.http.impl.classic.RedirectExec.execute(RedirectExec.java:110)
	at org.apache.hc.client5.http.impl.classic.ExecChainElement.execute(ExecChainElement.java:51)
	at org.apache.hc.client5.http.impl.classic.InternalHttpClient.doExecute(InternalHttpClient.java:174)
	at org.apache.hc.client5.http.impl.classic.CloseableHttpClient.execute(CloseableHttpClient.java:87)
	at org.apache.hc.client5.http.impl.classic.CloseableHttpClient.execute(CloseableHttpClient.java:55)
	at org.apache.hc.client5.http.classic.HttpClient.executeOpen(HttpClient.java:183)
	at org.springframework.http.client.HttpComponentsClientHttpRequest.executeInternal(HttpComponentsClientHttpRequest.java:99)
	at org.springframework.http.client.AbstractStreamingClientHttpRequest.executeInternal(AbstractStreamingClientHttpRequest.java:71)
	at org.springframework.http.client.AbstractClientHttpRequest.execute(AbstractClientHttpRequest.java:81)
	at org.springframework.http.client.InterceptingClientHttpRequest$InterceptingRequestExecution.execute(InterceptingClientHttpRequest.java:117)
	at org.springframework.cloud.netflix.eureka.http.RestTemplateTransportClientFactory.lambda$restTemplate$3(RestTemplateTransportClientFactory.java:141)
	at org.springframework.http.client.InterceptingClientHttpRequest$InterceptingRequestExecution.execute(InterceptingClientHttpRequest.java:88)
	at org.springframework.http.client.support.BasicAuthenticationInterceptor.intercept(BasicAuthenticationInterceptor.java:79)
	at org.springframework.http.client.InterceptingClientHttpRequest$InterceptingRequestExecution.execute(InterceptingClientHttpRequest.java:88)
	at org.springframework.http.client.InterceptingClientHttpRequest.executeInternal(InterceptingClientHttpRequest.java:72)
	at org.springframework.http.client.AbstractBufferingClientHttpRequest.executeInternal(AbstractBufferingClientHttpRequest.java:48)
	at org.springframework.http.client.AbstractClientHttpRequest.execute(AbstractClientHttpRequest.java:81)
	at org.springframework.web.client.RestTemplate.doExecute(RestTemplate.java:900)
	... 22 more

2026-08-21T14:44:07.738+01:00  WARN 12852 --- [schools-portal] [foReplicator-%d] c.n.d.s.t.d.RetryableEurekaHttpClient    : Request execution failed with message: I/O error on POST request for "http://localhost:8761/eureka/apps/SCHOOLS-PORTAL": Connect to http://localhost:8761 [localhost/127.0.0.1, localhost/0:0:0:0:0:0:0:1] failed: Connection refused: getsockopt
2026-08-21T14:44:07.738+01:00  WARN 12852 --- [schools-portal] [foReplicator-%d] c.n.d.DiscoveryClient                    : DiscoveryClient_SCHOOLS-PORTAL/CYP-WEBTEST-01.development.local:schools-portal:8024 - registration failed Cannot execute request on any known server

com.netflix.discovery.shared.transport.TransportException: Cannot execute request on any known server
	at com.netflix.discovery.shared.transport.decorator.RetryableEurekaHttpClient.execute(RetryableEurekaHttpClient.java:112) ~[eureka-client-2.0.4.jar!/:2.0.4]
	at com.netflix.discovery.shared.transport.decorator.EurekaHttpClientDecorator.register(EurekaHttpClientDecorator.java:56) ~[eureka-client-2.0.4.jar!/:2.0.4]
	at com.netflix.discovery.shared.transport.decorator.EurekaHttpClientDecorator$1.execute(EurekaHttpClientDecorator.java:59) ~[eureka-client-2.0.4.jar!/:2.0.4]
	at com.netflix.discovery.shared.transport.decorator.SessionedEurekaHttpClient.execute(SessionedEurekaHttpClient.java:76) ~[eureka-client-2.0.4.jar!/:2.0.4]
	at com.netflix.discovery.shared.transport.decorator.EurekaHttpClientDecorator.register(EurekaHttpClientDecorator.java:56) ~[eureka-client-2.0.4.jar!/:2.0.4]
	at com.netflix.discovery.DiscoveryClient.register(DiscoveryClient.java:828) ~[eureka-client-2.0.4.jar!/:2.0.4]
	at com.netflix.discovery.InstanceInfoReplicator.run(InstanceInfoReplicator.java:125) ~[eureka-client-2.0.4.jar!/:2.0.4]
	at com.netflix.discovery.InstanceInfoReplicator$2.run(InstanceInfoReplicator.java:105) ~[eureka-client-2.0.4.jar!/:2.0.4]
	at java.base/java.util.concurrent.Executors$RunnableAdapter.call(Executors.java:572) ~[?:?]
	at java.base/java.util.concurrent.FutureTask.run(FutureTask.java:317) ~[?:?]
	at java.base/java.util.concurrent.ScheduledThreadPoolExecutor$ScheduledFutureTask.run(ScheduledThreadPoolExecutor.java:304) ~[?:?]
	at java.base/java.util.concurrent.ThreadPoolExecutor.runWorker(ThreadPoolExecutor.java:1144) ~[?:?]
	at java.base/java.util.concurrent.ThreadPoolExecutor$Worker.run(ThreadPoolExecutor.java:642) ~[?:?]
	at java.base/java.lang.Thread.run(Thread.java:1583) [?:?]

2026-08-21T14:44:07.739+01:00  WARN 12852 --- [schools-portal] [foReplicator-%d] c.n.d.InstanceInfoReplicator             : There was a problem with the instance info replicator

com.netflix.discovery.shared.transport.TransportException: Cannot execute request on any known server
	at com.netflix.discovery.shared.transport.decorator.RetryableEurekaHttpClient.execute(RetryableEurekaHttpClient.java:112) ~[eureka-client-2.0.4.jar!/:2.0.4]
	at com.netflix.discovery.shared.transport.decorator.EurekaHttpClientDecorator.register(EurekaHttpClientDecorator.java:56) ~[eureka-client-2.0.4.jar!/:2.0.4]
	at com.netflix.discovery.shared.transport.decorator.EurekaHttpClientDecorator$1.execute(EurekaHttpClientDecorator.java:59) ~[eureka-client-2.0.4.jar!/:2.0.4]
	at com.netflix.discovery.shared.transport.decorator.SessionedEurekaHttpClient.execute(SessionedEurekaHttpClient.java:76) ~[eureka-client-2.0.4.jar!/:2.0.4]
	at com.netflix.discovery.shared.transport.decorator.EurekaHttpClientDecorator.register(EurekaHttpClientDecorator.java:56) ~[eureka-client-2.0.4.jar!/:2.0.4]
	at com.netflix.discovery.DiscoveryClient.register(DiscoveryClient.java:828) ~[eureka-client-2.0.4.jar!/:2.0.4]
	at com.netflix.discovery.InstanceInfoReplicator.run(InstanceInfoReplicator.java:125) ~[eureka-client-2.0.4.jar!/:2.0.4]
	at com.netflix.discovery.InstanceInfoReplicator$2.run(InstanceInfoReplicator.java:105) ~[eureka-client-2.0.4.jar!/:2.0.4]
	at java.base/java.util.concurrent.Executors$RunnableAdapter.call(Executors.java:572) ~[?:?]
	at java.base/java.util.concurrent.FutureTask.run(FutureTask.java:317) ~[?:?]
	at java.base/java.util.concurrent.ScheduledThreadPoolExecutor$ScheduledFutureTask.run(ScheduledThreadPoolExecutor.java:304) ~[?:?]
	at java.base/java.util.concurrent.ThreadPoolExecutor.runWorker(ThreadPoolExecutor.java:1144) ~[?:?]
	at java.base/java.util.concurrent.ThreadPoolExecutor$Worker.run(ThreadPoolExecutor.java:642) ~[?:?]
	at java.base/java.lang.Thread.run(Thread.java:1583) [?:?]

2026-08-21T14:44:07.742+01:00  INFO 12852 --- [schools-portal] [ionShutdownHook] c.n.d.DiscoveryClient                    : Unregistering ...
2026-08-21T14:44:07.752+01:00  INFO 12852 --- [schools-portal] [ionShutdownHook] c.n.d.s.t.d.RedirectingEurekaHttpClient  : Request execution error. endpoint=DefaultEndpoint{ serviceUrl='http://admin:admin@localhost:8761/eureka/}, exception=I/O error on DELETE request for "http://localhost:8761/eureka/apps/SCHOOLS-PORTAL/CYP-WEBTEST-01.development.local:schools-portal:8024": Connect to http://localhost:8761 [localhost/127.0.0.1, localhost/0:0:0:0:0:0:0:1] failed: Connection refused: getsockopt stacktrace=org.springframework.web.client.ResourceAccessException: I/O error on DELETE request for "http://localhost:8761/eureka/apps/SCHOOLS-PORTAL/CYP-WEBTEST-01.development.local:schools-portal:8024": Connect to http://localhost:8761 [localhost/127.0.0.1, localhost/0:0:0:0:0:0:0:1] failed: Connection refused: getsockopt
	at org.springframework.web.client.RestTemplate.createResourceAccessException(RestTemplate.java:926)
	at org.springframework.web.client.RestTemplate.doExecute(RestTemplate.java:906)
	at org.springframework.web.client.RestTemplate.execute(RestTemplate.java:841)
	at org.springframework.web.client.RestTemplate.exchange(RestTemplate.java:702)
	at org.springframework.cloud.netflix.eureka.http.RestTemplateEurekaHttpClient.cancel(RestTemplateEurekaHttpClient.java:100)
	at com.netflix.discovery.shared.transport.decorator.EurekaHttpClientDecorator$2.execute(EurekaHttpClientDecorator.java:74)
	at com.netflix.discovery.shared.transport.decorator.RedirectingEurekaHttpClient.executeOnNewServer(RedirectingEurekaHttpClient.java:121)
	at com.netflix.discovery.shared.transport.decorator.RedirectingEurekaHttpClient.execute(RedirectingEurekaHttpClient.java:80)
	at com.netflix.discovery.shared.transport.decorator.EurekaHttpClientDecorator.cancel(EurekaHttpClientDecorator.java:71)
	at com.netflix.discovery.shared.transport.decorator.EurekaHttpClientDecorator$2.execute(EurekaHttpClientDecorator.java:74)
	at com.netflix.discovery.shared.transport.decorator.RetryableEurekaHttpClient.execute(RetryableEurekaHttpClient.java:120)
	at com.netflix.discovery.shared.transport.decorator.EurekaHttpClientDecorator.cancel(EurekaHttpClientDecorator.java:71)
	at com.netflix.discovery.shared.transport.decorator.EurekaHttpClientDecorator$2.execute(EurekaHttpClientDecorator.java:74)
	at com.netflix.discovery.shared.transport.decorator.SessionedEurekaHttpClient.execute(SessionedEurekaHttpClient.java:76)
	at com.netflix.discovery.shared.transport.decorator.EurekaHttpClientDecorator.cancel(EurekaHttpClientDecorator.java:71)
	at com.netflix.discovery.DiscoveryClient.unregister(DiscoveryClient.java:919)
	at com.netflix.discovery.DiscoveryClient.shutdown(DiscoveryClient.java:900)
	at java.base/jdk.internal.reflect.DirectMethodHandleAccessor.invoke(DirectMethodHandleAccessor.java:103)
	at java.base/java.lang.reflect.Method.invoke(Method.java:580)
	at org.springframework.beans.factory.annotation.InitDestroyAnnotationBeanPostProcessor$LifecycleMethod.invoke(InitDestroyAnnotationBeanPostProcessor.java:457)
	at org.springframework.beans.factory.annotation.InitDestroyAnnotationBeanPostProcessor$LifecycleMetadata.invokeDestroyMethods(InitDestroyAnnotationBeanPostProcessor.java:415)
	at org.springframework.beans.factory.annotation.InitDestroyAnnotationBeanPostProcessor.postProcessBeforeDestruction(InitDestroyAnnotationBeanPostProcessor.java:239)
	at org.springframework.beans.factory.support.DisposableBeanAdapter.destroy(DisposableBeanAdapter.java:202)
	at org.springframework.beans.factory.support.DisposableBeanAdapter.run(DisposableBeanAdapter.java:195)
	at org.springframework.cloud.context.scope.GenericScope$BeanLifecycleWrapper.destroy(GenericScope.java:389)
	at org.springframework.cloud.context.scope.GenericScope.destroy(GenericScope.java:136)
	at org.springframework.beans.factory.support.DisposableBeanAdapter.destroy(DisposableBeanAdapter.java:211)
	at org.springframework.beans.factory.support.DefaultSingletonBeanRegistry.destroyBean(DefaultSingletonBeanRegistry.java:668)
	at org.springframework.beans.factory.support.DefaultSingletonBeanRegistry.destroySingleton(DefaultSingletonBeanRegistry.java:625)
	at org.springframework.beans.factory.support.DefaultListableBeanFactory.destroySingleton(DefaultListableBeanFactory.java:1368)
	at org.springframework.beans.factory.support.DefaultSingletonBeanRegistry.destroySingletons(DefaultSingletonBeanRegistry.java:584)
	at org.springframework.beans.factory.support.DefaultListableBeanFactory.destroySingletons(DefaultListableBeanFactory.java:1361)
	at org.springframework.context.support.AbstractApplicationContext.destroyBeans(AbstractApplicationContext.java:1219)
	at org.springframework.context.support.AbstractApplicationContext.doClose(AbstractApplicationContext.java:1180)
	at org.springframework.boot.web.servlet.context.ServletWebServerApplicationContext.doClose(ServletWebServerApplicationContext.java:174)
	at org.springframework.context.support.AbstractApplicationContext.close(AbstractApplicationContext.java:1126)
	at org.springframework.boot.SpringApplicationShutdownHook.closeAndWait(SpringApplicationShutdownHook.java:147)
	at java.base/java.lang.Iterable.forEach(Iterable.java:75)
	at org.springframework.boot.SpringApplicationShutdownHook.run(SpringApplicationShutdownHook.java:116)
	at java.base/java.lang.Thread.run(Thread.java:1583)
Caused by: org.apache.hc.client5.http.HttpHostConnectException: Connect to http://localhost:8761 [localhost/127.0.0.1, localhost/0:0:0:0:0:0:0:1] failed: Connection refused: getsockopt
	at java.base/sun.nio.ch.Net.pollConnect(Native Method)
	at java.base/sun.nio.ch.Net.pollConnectNow(Net.java:694)
	at java.base/sun.nio.ch.NioSocketImpl.timedFinishConnect(NioSocketImpl.java:542)
	at java.base/sun.nio.ch.NioSocketImpl.connect(NioSocketImpl.java:592)
	at java.base/java.net.SocksSocketImpl.connect(SocksSocketImpl.java:327)
	at java.base/java.net.Socket.connect(Socket.java:751)
	at org.apache.hc.client5.http.impl.io.DefaultHttpClientConnectionOperator.connect(DefaultHttpClientConnectionOperator.java:216)
	at org.apache.hc.client5.http.impl.io.PoolingHttpClientConnectionManager.connect(PoolingHttpClientConnectionManager.java:490)
	at org.apache.hc.client5.http.impl.classic.InternalExecRuntime.connectEndpoint(InternalExecRuntime.java:164)
	at org.apache.hc.client5.http.impl.classic.InternalExecRuntime.connectEndpoint(InternalExecRuntime.java:174)
	at org.apache.hc.client5.http.impl.classic.ConnectExec.execute(ConnectExec.java:144)
	at org.apache.hc.client5.http.impl.classic.ExecChainElement.execute(ExecChainElement.java:51)
	at org.apache.hc.client5.http.impl.classic.ProtocolExec.execute(ProtocolExec.java:192)
	at org.apache.hc.client5.http.impl.classic.ExecChainElement.execute(ExecChainElement.java:51)
	at org.apache.hc.client5.http.impl.classic.ContentCompressionExec.execute(ContentCompressionExec.java:150)
	at org.apache.hc.client5.http.impl.classic.ExecChainElement.execute(ExecChainElement.java:51)
	at org.apache.hc.client5.http.impl.classic.HttpRequestRetryExec.execute(HttpRequestRetryExec.java:113)
	at org.apache.hc.client5.http.impl.classic.ExecChainElement.execute(ExecChainElement.java:51)
	at org.apache.hc.client5.http.impl.classic.RedirectExec.execute(RedirectExec.java:110)
	at org.apache.hc.client5.http.impl.classic.ExecChainElement.execute(ExecChainElement.java:51)
	at org.apache.hc.client5.http.impl.classic.InternalHttpClient.doExecute(InternalHttpClient.java:174)
	at org.apache.hc.client5.http.impl.classic.CloseableHttpClient.execute(CloseableHttpClient.java:87)
	at org.apache.hc.client5.http.impl.classic.CloseableHttpClient.execute(CloseableHttpClient.java:55)
	at org.apache.hc.client5.http.classic.HttpClient.executeOpen(HttpClient.java:183)
	at org.springframework.http.client.HttpComponentsClientHttpRequest.executeInternal(HttpComponentsClientHttpRequest.java:99)
	at org.springframework.http.client.AbstractStreamingClientHttpRequest.executeInternal(AbstractStreamingClientHttpRequest.java:71)
	at org.springframework.http.client.AbstractClientHttpRequest.execute(AbstractClientHttpRequest.java:81)
	at org.springframework.http.client.InterceptingClientHttpRequest$InterceptingRequestExecution.execute(InterceptingClientHttpRequest.java:117)
	at org.springframework.cloud.netflix.eureka.http.RestTemplateTransportClientFactory.lambda$restTemplate$3(RestTemplateTransportClientFactory.java:141)
	at org.springframework.http.client.InterceptingClientHttpRequest$InterceptingRequestExecution.execute(InterceptingClientHttpRequest.java:88)
	at org.springframework.http.client.support.BasicAuthenticationInterceptor.intercept(BasicAuthenticationInterceptor.java:79)
	at org.springframework.http.client.InterceptingClientHttpRequest$InterceptingRequestExecution.execute(InterceptingClientHttpRequest.java:88)
	at org.springframework.http.client.InterceptingClientHttpRequest.executeInternal(InterceptingClientHttpRequest.java:72)
	at org.springframework.http.client.AbstractBufferingClientHttpRequest.executeInternal(AbstractBufferingClientHttpRequest.java:48)
	at org.springframework.http.client.AbstractClientHttpRequest.execute(AbstractClientHttpRequest.java:81)
	at org.springframework.web.client.RestTemplate.doExecute(RestTemplate.java:900)
	... 38 more

2026-08-21T14:44:07.752+01:00  WARN 12852 --- [schools-portal] [ionShutdownHook] c.n.d.s.t.d.RetryableEurekaHttpClient    : Request execution failed with message: I/O error on DELETE request for "http://localhost:8761/eureka/apps/SCHOOLS-PORTAL/CYP-WEBTEST-01.development.local:schools-portal:8024": Connect to http://localhost:8761 [localhost/127.0.0.1, localhost/0:0:0:0:0:0:0:1] failed: Connection refused: getsockopt
2026-08-21T14:44:07.752+01:00 ERROR 12852 --- [schools-portal] [ionShutdownHook] c.n.d.DiscoveryClient                    : DiscoveryClient_SCHOOLS-PORTAL/CYP-WEBTEST-01.development.local:schools-portal:8024 - de-registration failedCannot execute request on any known server

com.netflix.discovery.shared.transport.TransportException: Cannot execute request on any known server
	at com.netflix.discovery.shared.transport.decorator.RetryableEurekaHttpClient.execute(RetryableEurekaHttpClient.java:112) ~[eureka-client-2.0.4.jar!/:2.0.4]
	at com.netflix.discovery.shared.transport.decorator.EurekaHttpClientDecorator.cancel(EurekaHttpClientDecorator.java:71) ~[eureka-client-2.0.4.jar!/:2.0.4]
	at com.netflix.discovery.shared.transport.decorator.EurekaHttpClientDecorator$2.execute(EurekaHttpClientDecorator.java:74) ~[eureka-client-2.0.4.jar!/:2.0.4]
	at com.netflix.discovery.shared.transport.decorator.SessionedEurekaHttpClient.execute(SessionedEurekaHttpClient.java:76) ~[eureka-client-2.0.4.jar!/:2.0.4]
	at com.netflix.discovery.shared.transport.decorator.EurekaHttpClientDecorator.cancel(EurekaHttpClientDecorator.java:71) ~[eureka-client-2.0.4.jar!/:2.0.4]
	at com.netflix.discovery.DiscoveryClient.unregister(DiscoveryClient.java:919) ~[eureka-client-2.0.4.jar!/:2.0.4]
	at com.netflix.discovery.DiscoveryClient.shutdown(DiscoveryClient.java:900) ~[eureka-client-2.0.4.jar!/:2.0.4]
	at java.base/jdk.internal.reflect.DirectMethodHandleAccessor.invoke(DirectMethodHandleAccessor.java:103) ~[?:?]
	at java.base/java.lang.reflect.Method.invoke(Method.java:580) ~[?:?]
	at org.springframework.beans.factory.annotation.InitDestroyAnnotationBeanPostProcessor$LifecycleMethod.invoke(InitDestroyAnnotationBeanPostProcessor.java:457) ~[spring-beans-6.2.1.jar!/:6.2.1]
	at org.springframework.beans.factory.annotation.InitDestroyAnnotationBeanPostProcessor$LifecycleMetadata.invokeDestroyMethods(InitDestroyAnnotationBeanPostProcessor.java:415) ~[spring-beans-6.2.1.jar!/:6.2.1]
	at org.springframework.beans.factory.annotation.InitDestroyAnnotationBeanPostProcessor.postProcessBeforeDestruction(InitDestroyAnnotationBeanPostProcessor.java:239) ~[spring-beans-6.2.1.jar!/:6.2.1]
	at org.springframework.beans.factory.support.DisposableBeanAdapter.destroy(DisposableBeanAdapter.java:202) ~[spring-beans-6.2.1.jar!/:6.2.1]
	at org.springframework.beans.factory.support.DisposableBeanAdapter.run(DisposableBeanAdapter.java:195) ~[spring-beans-6.2.1.jar!/:6.2.1]
	at org.springframework.cloud.context.scope.GenericScope$BeanLifecycleWrapper.destroy(GenericScope.java:389) ~[spring-cloud-context-4.2.0.jar!/:4.2.0]
	at org.springframework.cloud.context.scope.GenericScope.destroy(GenericScope.java:136) ~[spring-cloud-context-4.2.0.jar!/:4.2.0]
	at org.springframework.beans.factory.support.DisposableBeanAdapter.destroy(DisposableBeanAdapter.java:211) ~[spring-beans-6.2.1.jar!/:6.2.1]
	at org.springframework.beans.factory.support.DefaultSingletonBeanRegistry.destroyBean(DefaultSingletonBeanRegistry.java:668) ~[spring-beans-6.2.1.jar!/:6.2.1]
	at org.springframework.beans.factory.support.DefaultSingletonBeanRegistry.destroySingleton(DefaultSingletonBeanRegistry.java:625) ~[spring-beans-6.2.1.jar!/:6.2.1]
	at org.springframework.beans.factory.support.DefaultListableBeanFactory.destroySingleton(DefaultListableBeanFactory.java:1368) ~[spring-beans-6.2.1.jar!/:6.2.1]
	at org.springframework.beans.factory.support.DefaultSingletonBeanRegistry.destroySingletons(DefaultSingletonBeanRegistry.java:584) ~[spring-beans-6.2.1.jar!/:6.2.1]
	at org.springframework.beans.factory.support.DefaultListableBeanFactory.destroySingletons(DefaultListableBeanFactory.java:1361) ~[spring-beans-6.2.1.jar!/:6.2.1]
	at org.springframework.context.support.AbstractApplicationContext.destroyBeans(AbstractApplicationContext.java:1219) ~[spring-context-6.2.1.jar!/:6.2.1]
	at org.springframework.context.support.AbstractApplicationContext.doClose(AbstractApplicationContext.java:1180) ~[spring-context-6.2.1.jar!/:6.2.1]
	at org.springframework.boot.web.servlet.context.ServletWebServerApplicationContext.doClose(ServletWebServerApplicationContext.java:174) ~[spring-boot-3.4.1.jar!/:3.4.1]
	at org.springframework.context.support.AbstractApplicationContext.close(AbstractApplicationContext.java:1126) ~[spring-context-6.2.1.jar!/:6.2.1]
	at org.springframework.boot.SpringApplicationShutdownHook.closeAndWait(SpringApplicationShutdownHook.java:147) ~[spring-boot-3.4.1.jar!/:3.4.1]
	at java.base/java.lang.Iterable.forEach(Iterable.java:75) ~[?:?]
	at org.springframework.boot.SpringApplicationShutdownHook.run(SpringApplicationShutdownHook.java:116) ~[spring-boot-3.4.1.jar!/:3.4.1]
	at java.base/java.lang.Thread.run(Thread.java:1583) [?:?]

2026-08-21T14:44:07.754+01:00  INFO 12852 --- [schools-portal] [ionShutdownHook] c.n.d.DiscoveryClient                    : Completed shut down of DiscoveryClient
   _____      _                 _       _____           _        _
  / ____|    | |               | |     |  __ \         | |      | |
 | (___   ___| |__   ___   ___ | |___  | |__) |__  _ __| |_ __ _| |
  \___ \ / __| '_ \ / _ \ / _ \| / __| |  ___/ _ \| '__| __/ _` | |
  ____) | (__| | | | (_) | (_) | \__ \ | |  | (_) | |  | || (_| | |
 |_____/ \___|_| |_|\___/ \___/|_|___/ |_|   \___/|_|   \__\__,_|_|

schools-portal - 17.0.1
2026-08-21T14:45:09.746+01:00  INFO 9472 --- [schools-portal] [           main] u.c.c.i.s.p.ImpulseSchoolsPortal         : Starting ImpulseSchoolsPortal v17.0.1 using Java 21.0.12.1 with PID 9472 (D:\CACI\WebTier\Portals\pgTest01\impulse-schools-portal\impulse-schools-portal.war started by CYP-WEBTEST-01$ in D:\CACI\WebTier\Portals\pgTest01\impulse-schools-portal)
2026-08-21T14:45:09.935+01:00  INFO 9472 --- [schools-portal] [           main] u.c.c.i.s.p.ImpulseSchoolsPortal         : The following 2 profiles are active: "postgres", "onsite-pgTest01"
2026-08-21T14:45:24.448+01:00  INFO 9472 --- [schools-portal] [           main] o.s.c.c.s.GenericScope                   : BeanFactory id=9db2cc42-6285-36c4-922f-d5d3c94dc86a
2026-08-21T14:45:24.671+01:00  INFO 9472 --- [schools-portal] [           main] ptablePropertiesBeanFactoryPostProcessor : Post-processing PropertySource instances
2026-08-21T14:45:24.675+01:00  INFO 9472 --- [schools-portal] [           main] c.u.j.EncryptablePropertySourceConverter : Skipping PropertySource configurationProperties [class org.springframework.boot.context.properties.source.ConfigurationPropertySourcesPropertySource
2026-08-21T14:45:24.677+01:00  INFO 9472 --- [schools-portal] [           main] c.u.j.EncryptablePropertySourceConverter : Converting PropertySource commandLineArgs [org.springframework.core.env.SimpleCommandLinePropertySource] to EncryptableEnumerablePropertySourceWrapper
2026-08-21T14:45:24.677+01:00  INFO 9472 --- [schools-portal] [           main] c.u.j.EncryptablePropertySourceConverter : Skipping PropertySource servletConfigInitParams [class org.springframework.core.env.PropertySource$StubPropertySource
2026-08-21T14:45:24.677+01:00  INFO 9472 --- [schools-portal] [           main] c.u.j.EncryptablePropertySourceConverter : Skipping PropertySource servletContextInitParams [class org.springframework.core.env.PropertySource$StubPropertySource
2026-08-21T14:45:24.679+01:00  INFO 9472 --- [schools-portal] [           main] c.u.j.EncryptablePropertySourceConverter : Converting PropertySource systemProperties [org.springframework.core.env.PropertiesPropertySource] to EncryptableMapPropertySourceWrapper
2026-08-21T14:45:24.679+01:00  INFO 9472 --- [schools-portal] [           main] c.u.j.EncryptablePropertySourceConverter : Converting PropertySource systemEnvironment [org.springframework.boot.env.SystemEnvironmentPropertySourceEnvironmentPostProcessor$OriginAwareSystemEnvironmentPropertySource] to EncryptableSystemEnvironmentPropertySourceWrapper
2026-08-21T14:45:24.679+01:00  INFO 9472 --- [schools-portal] [           main] c.u.j.EncryptablePropertySourceConverter : Converting PropertySource random [org.springframework.boot.env.RandomValuePropertySource] to EncryptablePropertySourceWrapper
2026-08-21T14:45:24.679+01:00  INFO 9472 --- [schools-portal] [           main] c.u.j.EncryptablePropertySourceConverter : Converting PropertySource cachedrandom [org.springframework.cloud.util.random.CachedRandomPropertySource] to EncryptablePropertySourceWrapper
2026-08-21T14:45:24.679+01:00  INFO 9472 --- [schools-portal] [           main] c.u.j.EncryptablePropertySourceConverter : Converting PropertySource Config resource 'file [D:\CACI\WebTier\Config\Portals\pgTest01\application-postgres.yml]' via location 'file:///D:/CACI/WebTier/Config/Portals/pgTest01/' [org.springframework.boot.env.OriginTrackedMapPropertySource] to EncryptableMapPropertySourceWrapper
2026-08-21T14:45:24.679+01:00  INFO 9472 --- [schools-portal] [           main] c.u.j.EncryptablePropertySourceConverter : Converting PropertySource Config resource 'file [application-onsite-pgTest01.yml]' via location 'optional:file:./' [org.springframework.boot.env.OriginTrackedMapPropertySource] to EncryptableMapPropertySourceWrapper
2026-08-21T14:45:24.681+01:00  INFO 9472 --- [schools-portal] [           main] c.u.j.EncryptablePropertySourceConverter : Converting PropertySource Config resource 'class path resource [config/application.yml]' via location 'optional:classpath:/config/' [org.springframework.boot.env.OriginTrackedMapPropertySource] to EncryptableMapPropertySourceWrapper
2026-08-21T14:45:24.681+01:00  INFO 9472 --- [schools-portal] [           main] c.u.j.EncryptablePropertySourceConverter : Converting PropertySource springCloudClientHostInfo [org.springframework.core.env.MapPropertySource] to EncryptableMapPropertySourceWrapper
2026-08-21T14:45:24.681+01:00  INFO 9472 --- [schools-portal] [           main] c.u.j.EncryptablePropertySourceConverter : Converting PropertySource applicationInfo [org.springframework.boot.ApplicationInfoPropertySource] to EncryptableMapPropertySourceWrapper
2026-08-21T14:45:24.681+01:00  INFO 9472 --- [schools-portal] [           main] c.u.j.EncryptablePropertySourceConverter : Converting PropertySource defaultProperties [org.springframework.boot.DefaultPropertiesPropertySource] to EncryptableMapPropertySourceWrapper
2026-08-21T14:45:25.405+01:00  INFO 9472 --- [schools-portal] [           main] c.u.j.f.DefaultLazyPropertyFilter        : Property Filter custom Bean not found with name 'encryptablePropertyFilter'. Initializing Default Property Filter
2026-08-21T14:45:25.520+01:00  INFO 9472 --- [schools-portal] [           main] c.u.j.r.DefaultLazyPropertyResolver      : Property Resolver custom Bean not found with name 'encryptablePropertyResolver'. Initializing Default Property Resolver
2026-08-21T14:45:25.522+01:00  INFO 9472 --- [schools-portal] [           main] c.u.j.d.DefaultLazyPropertyDetector      : Property Detector custom Bean not found with name 'encryptablePropertyDetector'. Initializing Default Property Detector
2026-08-21T14:45:27.544+01:00  INFO 9472 --- [schools-portal] [           main] o.s.b.w.e.t.TomcatWebServer              : Tomcat initialized with port 8024 (http)
2026-08-21T14:45:28.717+01:00  INFO 9472 --- [schools-portal] [           main] w.s.c.ServletWebServerApplicationContext : Root WebApplicationContext: initialization completed in 18170 ms
2026-08-21T14:45:36.455+01:00  INFO 9472 --- [schools-portal] [           main] DiscoveryClientOptionalArgsConfiguration : Eureka HTTP Client uses RestTemplate.
2026-08-21T14:45:37.944+01:00  INFO 9472 --- [schools-portal] [           main] o.s.c.n.e.InstanceInfoFactory            : Setting initial instance status as: STARTING
2026-08-21T14:45:38.009+01:00  INFO 9472 --- [schools-portal] [           main] c.n.d.DiscoveryClient                    : Initializing Eureka in region us-east-1
2026-08-21T14:45:38.018+01:00  INFO 9472 --- [schools-portal] [           main] c.n.d.s.r.a.ConfigClusterResolver        : Resolving eureka endpoints via configuration
2026-08-21T14:45:38.063+01:00  INFO 9472 --- [schools-portal] [           main] c.n.d.DiscoveryClient                    : Disable delta property : false
2026-08-21T14:45:38.064+01:00  INFO 9472 --- [schools-portal] [           main] c.n.d.DiscoveryClient                    : Single vip registry refresh property : null
2026-08-21T14:45:38.064+01:00  INFO 9472 --- [schools-portal] [           main] c.n.d.DiscoveryClient                    : Force full registry fetch : false
2026-08-21T14:45:38.064+01:00  INFO 9472 --- [schools-portal] [           main] c.n.d.DiscoveryClient                    : Application is null : false
2026-08-21T14:45:38.064+01:00  INFO 9472 --- [schools-portal] [           main] c.n.d.DiscoveryClient                    : Registered Applications size is zero : true
2026-08-21T14:45:38.064+01:00  INFO 9472 --- [schools-portal] [           main] c.n.d.DiscoveryClient                    : Application version is -1: true
2026-08-21T14:45:38.064+01:00  INFO 9472 --- [schools-portal] [           main] c.n.d.DiscoveryClient                    : Getting all instance registry info from the eureka server
2026-08-21T14:45:40.961+01:00  INFO 9472 --- [schools-portal] [           main] c.n.d.s.t.d.RedirectingEurekaHttpClient  : Request execution error. endpoint=DefaultEndpoint{ serviceUrl='http://admin:admin@localhost:8761/eureka/}, exception=I/O error on GET request for "http://localhost:8761/eureka/apps/": Connect to http://localhost:8761 [localhost/127.0.0.1, localhost/0:0:0:0:0:0:0:1] failed: Connection refused: getsockopt stacktrace=org.springframework.web.client.ResourceAccessException: I/O error on GET request for "http://localhost:8761/eureka/apps/": Connect to http://localhost:8761 [localhost/127.0.0.1, localhost/0:0:0:0:0:0:0:1] failed: Connection refused: getsockopt
	at org.springframework.web.client.RestTemplate.createResourceAccessException(RestTemplate.java:926)
	at org.springframework.web.client.RestTemplate.doExecute(RestTemplate.java:906)
	at org.springframework.web.client.RestTemplate.execute(RestTemplate.java:841)
	at org.springframework.web.client.RestTemplate.exchange(RestTemplate.java:702)
	at org.springframework.cloud.netflix.eureka.http.RestTemplateEurekaHttpClient.getApplicationsInternal(RestTemplateEurekaHttpClient.java:174)
	at org.springframework.cloud.netflix.eureka.http.RestTemplateEurekaHttpClient.getApplications(RestTemplateEurekaHttpClient.java:162)
	at com.netflix.discovery.shared.transport.decorator.EurekaHttpClientDecorator$6.execute(EurekaHttpClientDecorator.java:137)
	at com.netflix.discovery.shared.transport.decorator.RedirectingEurekaHttpClient.executeOnNewServer(RedirectingEurekaHttpClient.java:121)
	at com.netflix.discovery.shared.transport.decorator.RedirectingEurekaHttpClient.execute(RedirectingEurekaHttpClient.java:80)
	at com.netflix.discovery.shared.transport.decorator.EurekaHttpClientDecorator.getApplications(EurekaHttpClientDecorator.java:134)
	at com.netflix.discovery.shared.transport.decorator.EurekaHttpClientDecorator$6.execute(EurekaHttpClientDecorator.java:137)
	at com.netflix.discovery.shared.transport.decorator.RetryableEurekaHttpClient.execute(RetryableEurekaHttpClient.java:120)
	at com.netflix.discovery.shared.transport.decorator.EurekaHttpClientDecorator.getApplications(EurekaHttpClientDecorator.java:134)
	at com.netflix.discovery.shared.transport.decorator.EurekaHttpClientDecorator$6.execute(EurekaHttpClientDecorator.java:137)
	at com.netflix.discovery.shared.transport.decorator.SessionedEurekaHttpClient.execute(SessionedEurekaHttpClient.java:76)
	at com.netflix.discovery.shared.transport.decorator.EurekaHttpClientDecorator.getApplications(EurekaHttpClientDecorator.java:134)
	at com.netflix.discovery.DiscoveryClient.getAndStoreFullRegistry(DiscoveryClient.java:1046)
	at com.netflix.discovery.DiscoveryClient.fetchRegistry(DiscoveryClient.java:961)
	at com.netflix.discovery.DiscoveryClient.<init>(DiscoveryClient.java:410)
	at com.netflix.discovery.DiscoveryClient.<init>(DiscoveryClient.java:245)
	at com.netflix.discovery.DiscoveryClient.<init>(DiscoveryClient.java:240)
	at org.springframework.cloud.netflix.eureka.CloudEurekaClient.<init>(CloudEurekaClient.java:68)
	at org.springframework.cloud.netflix.eureka.EurekaClientAutoConfiguration$RefreshableEurekaClientConfiguration.eurekaClient(EurekaClientAutoConfiguration.java:324)
	at java.base/jdk.internal.reflect.DirectMethodHandleAccessor.invoke(DirectMethodHandleAccessor.java:103)
	at java.base/java.lang.reflect.Method.invoke(Method.java:580)
	at org.springframework.beans.factory.support.SimpleInstantiationStrategy.lambda$instantiate$0(SimpleInstantiationStrategy.java:171)
	at org.springframework.beans.factory.support.SimpleInstantiationStrategy.instantiateWithFactoryMethod(SimpleInstantiationStrategy.java:88)
	at org.springframework.beans.factory.support.SimpleInstantiationStrategy.instantiate(SimpleInstantiationStrategy.java:168)
	at org.springframework.beans.factory.support.ConstructorResolver.instantiate(ConstructorResolver.java:653)
	at org.springframework.beans.factory.support.ConstructorResolver.instantiateUsingFactoryMethod(ConstructorResolver.java:645)
	at org.springframework.beans.factory.support.AbstractAutowireCapableBeanFactory.instantiateUsingFactoryMethod(AbstractAutowireCapableBeanFactory.java:1357)
	at org.springframework.beans.factory.support.AbstractAutowireCapableBeanFactory.createBeanInstance(AbstractAutowireCapableBeanFactory.java:1187)
	at org.springframework.beans.factory.support.AbstractAutowireCapableBeanFactory.doCreateBean(AbstractAutowireCapableBeanFactory.java:563)
	at org.springframework.beans.factory.support.AbstractAutowireCapableBeanFactory.createBean(AbstractAutowireCapableBeanFactory.java:523)
	at org.springframework.beans.factory.support.AbstractBeanFactory.lambda$doGetBean$1(AbstractBeanFactory.java:375)
	at org.springframework.cloud.context.scope.GenericScope$BeanLifecycleWrapper.getBean(GenericScope.java:375)
	at org.springframework.cloud.context.scope.GenericScope.get(GenericScope.java:179)
	at org.springframework.beans.factory.support.AbstractBeanFactory.doGetBean(AbstractBeanFactory.java:372)
	at org.springframework.beans.factory.support.AbstractBeanFactory.getBean(AbstractBeanFactory.java:199)
	at org.springframework.aop.target.SimpleBeanTargetSource.getTarget(SimpleBeanTargetSource.java:35)
	at org.springframework.aop.framework.JdkDynamicAopProxy.invoke(JdkDynamicAopProxy.java:203)
	at jdk.proxy2/jdk.proxy2.$Proxy72.getApplications(Unknown Source)
	at org.springframework.cloud.netflix.eureka.EurekaDiscoveryClient.getServices(EurekaDiscoveryClient.java:74)
	at org.springframework.cloud.client.discovery.composite.CompositeDiscoveryClient.getServices(CompositeDiscoveryClient.java:68)
	at uk.co.caci.impulse.schools.portal.RequestForwardingInterceptor.updateDiscoveredServices(RequestForwardingInterceptor.java:48)
	at uk.co.caci.impulse.schools.portal.RequestForwardingInterceptor.init(RequestForwardingInterceptor.java:64)
	at java.base/jdk.internal.reflect.DirectMethodHandleAccessor.invoke(DirectMethodHandleAccessor.java:103)
	at java.base/java.lang.reflect.Method.invoke(Method.java:580)
	at org.springframework.beans.factory.annotation.InitDestroyAnnotationBeanPostProcessor$LifecycleMethod.invoke(InitDestroyAnnotationBeanPostProcessor.java:457)
	at org.springframework.beans.factory.annotation.InitDestroyAnnotationBeanPostProcessor$LifecycleMetadata.invokeInitMethods(InitDestroyAnnotationBeanPostProcessor.java:401)
	at org.springframework.beans.factory.annotation.InitDestroyAnnotationBeanPostProcessor.postProcessBeforeInitialization(InitDestroyAnnotationBeanPostProcessor.java:219)
	at org.springframework.beans.factory.support.AbstractAutowireCapableBeanFactory.applyBeanPostProcessorsBeforeInitialization(AbstractAutowireCapableBeanFactory.java:423)
	at org.springframework.beans.factory.support.AbstractAutowireCapableBeanFactory.initializeBean(AbstractAutowireCapableBeanFactory.java:1800)
	at org.springframework.beans.factory.support.AbstractAutowireCapableBeanFactory.doCreateBean(AbstractAutowireCapableBeanFactory.java:601)
	at org.springframework.beans.factory.support.AbstractAutowireCapableBeanFactory.createBean(AbstractAutowireCapableBeanFactory.java:523)
	at org.springframework.beans.factory.support.AbstractBeanFactory.lambda$doGetBean$0(AbstractBeanFactory.java:336)
	at org.springframework.beans.factory.support.DefaultSingletonBeanRegistry.getSingleton(DefaultSingletonBeanRegistry.java:289)
	at org.springframework.beans.factory.support.AbstractBeanFactory.doGetBean(AbstractBeanFactory.java:334)
	at org.springframework.beans.factory.support.AbstractBeanFactory.getBean(AbstractBeanFactory.java:199)
	at org.springframework.beans.factory.support.DefaultListableBeanFactory.instantiateSingleton(DefaultListableBeanFactory.java:1122)
	at org.springframework.beans.factory.support.DefaultListableBeanFactory.preInstantiateSingleton(DefaultListableBeanFactory.java:1093)
	at org.springframework.beans.factory.support.DefaultListableBeanFactory.preInstantiateSingletons(DefaultListableBeanFactory.java:1030)
	at org.springframework.context.support.AbstractApplicationContext.finishBeanFactoryInitialization(AbstractApplicationContext.java:987)
	at org.springframework.context.support.AbstractApplicationContext.refresh(AbstractApplicationContext.java:627)
	at org.springframework.boot.web.servlet.context.ServletWebServerApplicationContext.refresh(ServletWebServerApplicationContext.java:146)
	at org.springframework.boot.SpringApplication.refresh(SpringApplication.java:752)
	at org.springframework.boot.SpringApplication.refreshContext(SpringApplication.java:439)
	at org.springframework.boot.SpringApplication.run(SpringApplication.java:318)
	at uk.co.caci.impulse.schools.portal.ImpulseSchoolsPortal.main(ImpulseSchoolsPortal.java:31)
	at java.base/jdk.internal.reflect.DirectMethodHandleAccessor.invoke(DirectMethodHandleAccessor.java:103)
	at java.base/java.lang.reflect.Method.invoke(Method.java:580)
	at org.springframework.boot.loader.launch.Launcher.launch(Launcher.java:106)
	at org.springframework.boot.loader.launch.Launcher.launch(Launcher.java:64)
	at org.springframework.boot.loader.launch.WarLauncher.main(WarLauncher.java:53)
Caused by: org.apache.hc.client5.http.HttpHostConnectException: Connect to http://localhost:8761 [localhost/127.0.0.1, localhost/0:0:0:0:0:0:0:1] failed: Connection refused: getsockopt
	at java.base/sun.nio.ch.Net.pollConnect(Native Method)
	at java.base/sun.nio.ch.Net.pollConnectNow(Net.java:694)
	at java.base/sun.nio.ch.NioSocketImpl.timedFinishConnect(NioSocketImpl.java:542)
	at java.base/sun.nio.ch.NioSocketImpl.connect(NioSocketImpl.java:592)
	at java.base/java.net.SocksSocketImpl.connect(SocksSocketImpl.java:327)
	at java.base/java.net.Socket.connect(Socket.java:751)
	at org.apache.hc.client5.http.impl.io.DefaultHttpClientConnectionOperator.connect(DefaultHttpClientConnectionOperator.java:216)
	at org.apache.hc.client5.http.impl.io.PoolingHttpClientConnectionManager.connect(PoolingHttpClientConnectionManager.java:490)
	at org.apache.hc.client5.http.impl.classic.InternalExecRuntime.connectEndpoint(InternalExecRuntime.java:164)
	at org.apache.hc.client5.http.impl.classic.InternalExecRuntime.connectEndpoint(InternalExecRuntime.java:174)
	at org.apache.hc.client5.http.impl.classic.ConnectExec.execute(ConnectExec.java:144)
	at org.apache.hc.client5.http.impl.classic.ExecChainElement.execute(ExecChainElement.java:51)
	at org.apache.hc.client5.http.impl.classic.ProtocolExec.execute(ProtocolExec.java:192)
	at org.apache.hc.client5.http.impl.classic.ExecChainElement.execute(ExecChainElement.java:51)
	at org.apache.hc.client5.http.impl.classic.ContentCompressionExec.execute(ContentCompressionExec.java:150)
	at org.apache.hc.client5.http.impl.classic.ExecChainElement.execute(ExecChainElement.java:51)
	at org.apache.hc.client5.http.impl.classic.HttpRequestRetryExec.execute(HttpRequestRetryExec.java:113)
	at org.apache.hc.client5.http.impl.classic.ExecChainElement.execute(ExecChainElement.java:51)
	at org.apache.hc.client5.http.impl.classic.RedirectExec.execute(RedirectExec.java:110)
	at org.apache.hc.client5.http.impl.classic.ExecChainElement.execute(ExecChainElement.java:51)
	at org.apache.hc.client5.http.impl.classic.InternalHttpClient.doExecute(InternalHttpClient.java:174)
	at org.apache.hc.client5.http.impl.classic.CloseableHttpClient.execute(CloseableHttpClient.java:87)
	at org.apache.hc.client5.http.impl.classic.CloseableHttpClient.execute(CloseableHttpClient.java:55)
	at org.apache.hc.client5.http.classic.HttpClient.executeOpen(HttpClient.java:183)
	at org.springframework.http.client.HttpComponentsClientHttpRequest.executeInternal(HttpComponentsClientHttpRequest.java:99)
	at org.springframework.http.client.AbstractStreamingClientHttpRequest.executeInternal(AbstractStreamingClientHttpRequest.java:71)
	at org.springframework.http.client.AbstractClientHttpRequest.execute(AbstractClientHttpRequest.java:81)
	at org.springframework.http.client.InterceptingClientHttpRequest$InterceptingRequestExecution.execute(InterceptingClientHttpRequest.java:117)
	at org.springframework.cloud.netflix.eureka.http.RestTemplateTransportClientFactory.lambda$restTemplate$3(RestTemplateTransportClientFactory.java:141)
	at org.springframework.http.client.InterceptingClientHttpRequest$InterceptingRequestExecution.execute(InterceptingClientHttpRequest.java:88)
	at org.springframework.http.client.support.BasicAuthenticationInterceptor.intercept(BasicAuthenticationInterceptor.java:79)
	at org.springframework.http.client.InterceptingClientHttpRequest$InterceptingRequestExecution.execute(InterceptingClientHttpRequest.java:88)
	at org.springframework.http.client.InterceptingClientHttpRequest.executeInternal(InterceptingClientHttpRequest.java:72)
	at org.springframework.http.client.AbstractBufferingClientHttpRequest.executeInternal(AbstractBufferingClientHttpRequest.java:48)
	at org.springframework.http.client.AbstractClientHttpRequest.execute(AbstractClientHttpRequest.java:81)
	at org.springframework.web.client.RestTemplate.doExecute(RestTemplate.java:900)
	... 72 more

2026-08-21T14:45:40.962+01:00  WARN 9472 --- [schools-portal] [           main] c.n.d.s.t.d.RetryableEurekaHttpClient    : Request execution failed with message: I/O error on GET request for "http://localhost:8761/eureka/apps/": Connect to http://localhost:8761 [localhost/127.0.0.1, localhost/0:0:0:0:0:0:0:1] failed: Connection refused: getsockopt
2026-08-21T14:45:40.963+01:00  INFO 9472 --- [schools-portal] [           main] c.n.d.DiscoveryClient                    : DiscoveryClient_SCHOOLS-PORTAL/CYP-WEBTEST-01.development.local:schools-portal:8024 - was unable to refresh its cache! This periodic background refresh will be retried in 30 seconds. status = Cannot execute request on any known server stacktrace = com.netflix.discovery.shared.transport.TransportException: Cannot execute request on any known server
	at com.netflix.discovery.shared.transport.decorator.RetryableEurekaHttpClient.execute(RetryableEurekaHttpClient.java:112)
	at com.netflix.discovery.shared.transport.decorator.EurekaHttpClientDecorator.getApplications(EurekaHttpClientDecorator.java:134)
	at com.netflix.discovery.shared.transport.decorator.EurekaHttpClientDecorator$6.execute(EurekaHttpClientDecorator.java:137)
	at com.netflix.discovery.shared.transport.decorator.SessionedEurekaHttpClient.execute(SessionedEurekaHttpClient.java:76)
	at com.netflix.discovery.shared.transport.decorator.EurekaHttpClientDecorator.getApplications(EurekaHttpClientDecorator.java:134)
	at com.netflix.discovery.DiscoveryClient.getAndStoreFullRegistry(DiscoveryClient.java:1046)
	at com.netflix.discovery.DiscoveryClient.fetchRegistry(DiscoveryClient.java:961)
	at com.netflix.discovery.DiscoveryClient.<init>(DiscoveryClient.java:410)
	at com.netflix.discovery.DiscoveryClient.<init>(DiscoveryClient.java:245)
	at com.netflix.discovery.DiscoveryClient.<init>(DiscoveryClient.java:240)
	at org.springframework.cloud.netflix.eureka.CloudEurekaClient.<init>(CloudEurekaClient.java:68)
	at org.springframework.cloud.netflix.eureka.EurekaClientAutoConfiguration$RefreshableEurekaClientConfiguration.eurekaClient(EurekaClientAutoConfiguration.java:324)
	at java.base/jdk.internal.reflect.DirectMethodHandleAccessor.invoke(DirectMethodHandleAccessor.java:103)
	at java.base/java.lang.reflect.Method.invoke(Method.java:580)
	at org.springframework.beans.factory.support.SimpleInstantiationStrategy.lambda$instantiate$0(SimpleInstantiationStrategy.java:171)
	at org.springframework.beans.factory.support.SimpleInstantiationStrategy.instantiateWithFactoryMethod(SimpleInstantiationStrategy.java:88)
	at org.springframework.beans.factory.support.SimpleInstantiationStrategy.instantiate(SimpleInstantiationStrategy.java:168)
	at org.springframework.beans.factory.support.ConstructorResolver.instantiate(ConstructorResolver.java:653)
	at org.springframework.beans.factory.support.ConstructorResolver.instantiateUsingFactoryMethod(ConstructorResolver.java:645)
	at org.springframework.beans.factory.support.AbstractAutowireCapableBeanFactory.instantiateUsingFactoryMethod(AbstractAutowireCapableBeanFactory.java:1357)
	at org.springframework.beans.factory.support.AbstractAutowireCapableBeanFactory.createBeanInstance(AbstractAutowireCapableBeanFactory.java:1187)
	at org.springframework.beans.factory.support.AbstractAutowireCapableBeanFactory.doCreateBean(AbstractAutowireCapableBeanFactory.java:563)
	at org.springframework.beans.factory.support.AbstractAutowireCapableBeanFactory.createBean(AbstractAutowireCapableBeanFactory.java:523)
	at org.springframework.beans.factory.support.AbstractBeanFactory.lambda$doGetBean$1(AbstractBeanFactory.java:375)
	at org.springframework.cloud.context.scope.GenericScope$BeanLifecycleWrapper.getBean(GenericScope.java:375)
	at org.springframework.cloud.context.scope.GenericScope.get(GenericScope.java:179)
	at org.springframework.beans.factory.support.AbstractBeanFactory.doGetBean(AbstractBeanFactory.java:372)
	at org.springframework.beans.factory.support.AbstractBeanFactory.getBean(AbstractBeanFactory.java:199)
	at org.springframework.aop.target.SimpleBeanTargetSource.getTarget(SimpleBeanTargetSource.java:35)
	at org.springframework.aop.framework.JdkDynamicAopProxy.invoke(JdkDynamicAopProxy.java:203)
	at jdk.proxy2/jdk.proxy2.$Proxy72.getApplications(Unknown Source)
	at org.springframework.cloud.netflix.eureka.EurekaDiscoveryClient.getServices(EurekaDiscoveryClient.java:74)
	at org.springframework.cloud.client.discovery.composite.CompositeDiscoveryClient.getServices(CompositeDiscoveryClient.java:68)
	at uk.co.caci.impulse.schools.portal.RequestForwardingInterceptor.updateDiscoveredServices(RequestForwardingInterceptor.java:48)
	at uk.co.caci.impulse.schools.portal.RequestForwardingInterceptor.init(RequestForwardingInterceptor.java:64)
	at java.base/jdk.internal.reflect.DirectMethodHandleAccessor.invoke(DirectMethodHandleAccessor.java:103)
	at java.base/java.lang.reflect.Method.invoke(Method.java:580)
	at org.springframework.beans.factory.annotation.InitDestroyAnnotationBeanPostProcessor$LifecycleMethod.invoke(InitDestroyAnnotationBeanPostProcessor.java:457)
	at org.springframework.beans.factory.annotation.InitDestroyAnnotationBeanPostProcessor$LifecycleMetadata.invokeInitMethods(InitDestroyAnnotationBeanPostProcessor.java:401)
	at org.springframework.beans.factory.annotation.InitDestroyAnnotationBeanPostProcessor.postProcessBeforeInitialization(InitDestroyAnnotationBeanPostProcessor.java:219)
	at org.springframework.beans.factory.support.AbstractAutowireCapableBeanFactory.applyBeanPostProcessorsBeforeInitialization(AbstractAutowireCapableBeanFactory.java:423)
	at org.springframework.beans.factory.support.AbstractAutowireCapableBeanFactory.initializeBean(AbstractAutowireCapableBeanFactory.java:1800)
	at org.springframework.beans.factory.support.AbstractAutowireCapableBeanFactory.doCreateBean(AbstractAutowireCapableBeanFactory.java:601)
	at org.springframework.beans.factory.support.AbstractAutowireCapableBeanFactory.createBean(AbstractAutowireCapableBeanFactory.java:523)
	at org.springframework.beans.factory.support.AbstractBeanFactory.lambda$doGetBean$0(AbstractBeanFactory.java:336)
	at org.springframework.beans.factory.support.DefaultSingletonBeanRegistry.getSingleton(DefaultSingletonBeanRegistry.java:289)
	at org.springframework.beans.factory.support.AbstractBeanFactory.doGetBean(AbstractBeanFactory.java:334)
	at org.springframework.beans.factory.support.AbstractBeanFactory.getBean(AbstractBeanFactory.java:199)
	at org.springframework.beans.factory.support.DefaultListableBeanFactory.instantiateSingleton(DefaultListableBeanFactory.java:1122)
	at org.springframework.beans.factory.support.DefaultListableBeanFactory.preInstantiateSingleton(DefaultListableBeanFactory.java:1093)
	at org.springframework.beans.factory.support.DefaultListableBeanFactory.preInstantiateSingletons(DefaultListableBeanFactory.java:1030)
	at org.springframework.context.support.AbstractApplicationContext.finishBeanFactoryInitialization(AbstractApplicationContext.java:987)
	at org.springframework.context.support.AbstractApplicationContext.refresh(AbstractApplicationContext.java:627)
	at org.springframework.boot.web.servlet.context.ServletWebServerApplicationContext.refresh(ServletWebServerApplicationContext.java:146)
	at org.springframework.boot.SpringApplication.refresh(SpringApplication.java:752)
	at org.springframework.boot.SpringApplication.refreshContext(SpringApplication.java:439)
	at org.springframework.boot.SpringApplication.run(SpringApplication.java:318)
	at uk.co.caci.impulse.schools.portal.ImpulseSchoolsPortal.main(ImpulseSchoolsPortal.java:31)
	at java.base/jdk.internal.reflect.DirectMethodHandleAccessor.invoke(DirectMethodHandleAccessor.java:103)
	at java.base/java.lang.reflect.Method.invoke(Method.java:580)
	at org.springframework.boot.loader.launch.Launcher.launch(Launcher.java:106)
	at org.springframework.boot.loader.launch.Launcher.launch(Launcher.java:64)
	at org.springframework.boot.loader.launch.WarLauncher.main(WarLauncher.java:53)

2026-08-21T14:45:40.963+01:00  INFO 9472 --- [schools-portal] [           main] c.n.d.DiscoveryClient                    : Initial registry fetch from primary servers failed
2026-08-21T14:45:40.963+01:00  WARN 9472 --- [schools-portal] [           main] c.n.d.DiscoveryClient                    : Using default backup registry implementation which does not do anything.
2026-08-21T14:45:40.964+01:00  INFO 9472 --- [schools-portal] [           main] c.n.d.DiscoveryClient                    : Initial registry fetch from backup servers failed
2026-08-21T14:45:40.969+01:00  INFO 9472 --- [schools-portal] [           main] c.n.d.DiscoveryClient                    : Starting heartbeat executor: renew interval is: 30
2026-08-21T14:45:40.971+01:00  INFO 9472 --- [schools-portal] [           main] c.n.d.InstanceInfoReplicator             : InstanceInfoReplicator onDemand update allowed rate per min is 4
2026-08-21T14:45:40.973+01:00  INFO 9472 --- [schools-portal] [           main] c.n.d.DiscoveryClient                    : Discovery Client initialized at timestamp 1787319940972 with initial instances count: 0
2026-08-21T14:45:41.730+01:00  INFO 9472 --- [schools-portal] [           main] o.s.b.a.w.s.WelcomePageHandlerMapping    : Adding welcome page: ServletContext resource [/index.html]
2026-08-21T14:45:43.849+01:00  WARN 9472 --- [schools-portal] [           main] iguration$LoadBalancerCaffeineWarnLogger : Spring Cloud LoadBalancer is currently working with the default cache. While this cache implementation is useful for development and tests, it's recommended to use Caffeine cache in production.You can switch to using Caffeine cache, by adding it and org.springframework.cache.caffeine.CaffeineCacheManager to the classpath.
2026-08-21T14:45:43.883+01:00  INFO 9472 --- [schools-portal] [           main] o.s.c.n.e.s.EurekaServiceRegistry        : Registering application SCHOOLS-PORTAL with eureka with status UP
2026-08-21T14:45:43.885+01:00  INFO 9472 --- [schools-portal] [           main] c.n.d.DiscoveryClient                    : Saw local status change event StatusChangeEvent [timestamp=1787319943885, current=UP, previous=STARTING]
2026-08-21T14:45:43.889+01:00  INFO 9472 --- [schools-portal] [foReplicator-%d] c.n.d.DiscoveryClient                    : DiscoveryClient_SCHOOLS-PORTAL/CYP-WEBTEST-01.development.local:schools-portal:8024: registering service...
2026-08-21T14:45:44.014+01:00  INFO 9472 --- [schools-portal] [foReplicator-%d] c.n.d.s.t.d.RedirectingEurekaHttpClient  : Request execution error. endpoint=DefaultEndpoint{ serviceUrl='http://admin:admin@localhost:8761/eureka/}, exception=I/O error on POST request for "http://localhost:8761/eureka/apps/SCHOOLS-PORTAL": Connect to http://localhost:8761 [localhost/127.0.0.1, localhost/0:0:0:0:0:0:0:1] failed: Connection refused: getsockopt stacktrace=org.springframework.web.client.ResourceAccessException: I/O error on POST request for "http://localhost:8761/eureka/apps/SCHOOLS-PORTAL": Connect to http://localhost:8761 [localhost/127.0.0.1, localhost/0:0:0:0:0:0:0:1] failed: Connection refused: getsockopt
	at org.springframework.web.client.RestTemplate.createResourceAccessException(RestTemplate.java:926)
	at org.springframework.web.client.RestTemplate.doExecute(RestTemplate.java:906)
	at org.springframework.web.client.RestTemplate.execute(RestTemplate.java:841)
	at org.springframework.web.client.RestTemplate.exchange(RestTemplate.java:702)
	at org.springframework.cloud.netflix.eureka.http.RestTemplateEurekaHttpClient.register(RestTemplateEurekaHttpClient.java:87)
	at com.netflix.discovery.shared.transport.decorator.EurekaHttpClientDecorator$1.execute(EurekaHttpClientDecorator.java:59)
	at com.netflix.discovery.shared.transport.decorator.RedirectingEurekaHttpClient.executeOnNewServer(RedirectingEurekaHttpClient.java:121)
	at com.netflix.discovery.shared.transport.decorator.RedirectingEurekaHttpClient.execute(RedirectingEurekaHttpClient.java:80)
	at com.netflix.discovery.shared.transport.decorator.EurekaHttpClientDecorator.register(EurekaHttpClientDecorator.java:56)
	at com.netflix.discovery.shared.transport.decorator.EurekaHttpClientDecorator$1.execute(EurekaHttpClientDecorator.java:59)
	at com.netflix.discovery.shared.transport.decorator.RetryableEurekaHttpClient.execute(RetryableEurekaHttpClient.java:120)
	at com.netflix.discovery.shared.transport.decorator.EurekaHttpClientDecorator.register(EurekaHttpClientDecorator.java:56)
	at com.netflix.discovery.shared.transport.decorator.EurekaHttpClientDecorator$1.execute(EurekaHttpClientDecorator.java:59)
	at com.netflix.discovery.shared.transport.decorator.SessionedEurekaHttpClient.execute(SessionedEurekaHttpClient.java:76)
	at com.netflix.discovery.shared.transport.decorator.EurekaHttpClientDecorator.register(EurekaHttpClientDecorator.java:56)
	at com.netflix.discovery.DiscoveryClient.register(DiscoveryClient.java:828)
	at com.netflix.discovery.InstanceInfoReplicator.run(InstanceInfoReplicator.java:125)
	at com.netflix.discovery.InstanceInfoReplicator$2.run(InstanceInfoReplicator.java:105)
	at java.base/java.util.concurrent.Executors$RunnableAdapter.call(Executors.java:572)
	at java.base/java.util.concurrent.FutureTask.run(FutureTask.java:317)
	at java.base/java.util.concurrent.ScheduledThreadPoolExecutor$ScheduledFutureTask.run(ScheduledThreadPoolExecutor.java:304)
	at java.base/java.util.concurrent.ThreadPoolExecutor.runWorker(ThreadPoolExecutor.java:1144)
	at java.base/java.util.concurrent.ThreadPoolExecutor$Worker.run(ThreadPoolExecutor.java:642)
	at java.base/java.lang.Thread.run(Thread.java:1583)
Caused by: org.apache.hc.client5.http.HttpHostConnectException: Connect to http://localhost:8761 [localhost/127.0.0.1, localhost/0:0:0:0:0:0:0:1] failed: Connection refused: getsockopt
	at java.base/sun.nio.ch.Net.pollConnect(Native Method)
	at java.base/sun.nio.ch.Net.pollConnectNow(Net.java:694)
	at java.base/sun.nio.ch.NioSocketImpl.timedFinishConnect(NioSocketImpl.java:542)
	at java.base/sun.nio.ch.NioSocketImpl.connect(NioSocketImpl.java:592)
	at java.base/java.net.SocksSocketImpl.connect(SocksSocketImpl.java:327)
	at java.base/java.net.Socket.connect(Socket.java:751)
	at org.apache.hc.client5.http.impl.io.DefaultHttpClientConnectionOperator.connect(DefaultHttpClientConnectionOperator.java:216)
	at org.apache.hc.client5.http.impl.io.PoolingHttpClientConnectionManager.connect(PoolingHttpClientConnectionManager.java:490)
	at org.apache.hc.client5.http.impl.classic.InternalExecRuntime.connectEndpoint(InternalExecRuntime.java:164)
	at org.apache.hc.client5.http.impl.classic.InternalExecRuntime.connectEndpoint(InternalExecRuntime.java:174)
	at org.apache.hc.client5.http.impl.classic.ConnectExec.execute(ConnectExec.java:144)
	at org.apache.hc.client5.http.impl.classic.ExecChainElement.execute(ExecChainElement.java:51)
	at org.apache.hc.client5.http.impl.classic.ProtocolExec.execute(ProtocolExec.java:192)
	at org.apache.hc.client5.http.impl.classic.ExecChainElement.execute(ExecChainElement.java:51)
	at org.apache.hc.client5.http.impl.classic.ContentCompressionExec.execute(ContentCompressionExec.java:150)
	at org.apache.hc.client5.http.impl.classic.ExecChainElement.execute(ExecChainElement.java:51)
	at org.apache.hc.client5.http.impl.classic.HttpRequestRetryExec.execute(HttpRequestRetryExec.java:113)
	at org.apache.hc.client5.http.impl.classic.ExecChainElement.execute(ExecChainElement.java:51)
	at org.apache.hc.client5.http.impl.classic.RedirectExec.execute(RedirectExec.java:110)
	at org.apache.hc.client5.http.impl.classic.ExecChainElement.execute(ExecChainElement.java:51)
	at org.apache.hc.client5.http.impl.classic.InternalHttpClient.doExecute(InternalHttpClient.java:174)
	at org.apache.hc.client5.http.impl.classic.CloseableHttpClient.execute(CloseableHttpClient.java:87)
	at org.apache.hc.client5.http.impl.classic.CloseableHttpClient.execute(CloseableHttpClient.java:55)
	at org.apache.hc.client5.http.classic.HttpClient.executeOpen(HttpClient.java:183)
	at org.springframework.http.client.HttpComponentsClientHttpRequest.executeInternal(HttpComponentsClientHttpRequest.java:99)
	at org.springframework.http.client.AbstractStreamingClientHttpRequest.executeInternal(AbstractStreamingClientHttpRequest.java:71)
	at org.springframework.http.client.AbstractClientHttpRequest.execute(AbstractClientHttpRequest.java:81)
	at org.springframework.http.client.InterceptingClientHttpRequest$InterceptingRequestExecution.execute(InterceptingClientHttpRequest.java:117)
	at org.springframework.cloud.netflix.eureka.http.RestTemplateTransportClientFactory.lambda$restTemplate$3(RestTemplateTransportClientFactory.java:141)
	at org.springframework.http.client.InterceptingClientHttpRequest$InterceptingRequestExecution.execute(InterceptingClientHttpRequest.java:88)
	at org.springframework.http.client.support.BasicAuthenticationInterceptor.intercept(BasicAuthenticationInterceptor.java:79)
	at org.springframework.http.client.InterceptingClientHttpRequest$InterceptingRequestExecution.execute(InterceptingClientHttpRequest.java:88)
	at org.springframework.http.client.InterceptingClientHttpRequest.executeInternal(InterceptingClientHttpRequest.java:72)
	at org.springframework.http.client.AbstractBufferingClientHttpRequest.executeInternal(AbstractBufferingClientHttpRequest.java:48)
	at org.springframework.http.client.AbstractClientHttpRequest.execute(AbstractClientHttpRequest.java:81)
	at org.springframework.web.client.RestTemplate.doExecute(RestTemplate.java:900)
	... 22 more

2026-08-21T14:45:44.014+01:00  WARN 9472 --- [schools-portal] [foReplicator-%d] c.n.d.s.t.d.RetryableEurekaHttpClient    : Request execution failed with message: I/O error on POST request for "http://localhost:8761/eureka/apps/SCHOOLS-PORTAL": Connect to http://localhost:8761 [localhost/127.0.0.1, localhost/0:0:0:0:0:0:0:1] failed: Connection refused: getsockopt
2026-08-21T14:45:44.343+01:00  INFO 9472 --- [schools-portal] [           main] o.s.b.w.e.t.TomcatWebServer              : Tomcat started on port 8024 (http) with context path '/'
2026-08-21T14:45:44.344+01:00  INFO 9472 --- [schools-portal] [           main] .s.c.n.e.s.EurekaAutoServiceRegistration : Updating port to 8024
2026-08-21T14:45:44.345+01:00  INFO 9472 --- [schools-portal] [           main] u.j.c.RefreshScopeRefreshedEventListener : Refreshing cached encryptable property sources on ServletWebServerInitializedEvent
2026-08-21T14:45:44.345+01:00  INFO 9472 --- [schools-portal] [           main] CachingDelegateEncryptablePropertySource : Property Source commandLineArgs refreshed
2026-08-21T14:45:44.345+01:00  INFO 9472 --- [schools-portal] [           main] CachingDelegateEncryptablePropertySource : Property Source systemProperties refreshed
2026-08-21T14:45:44.345+01:00  INFO 9472 --- [schools-portal] [           main] CachingDelegateEncryptablePropertySource : Property Source systemEnvironment refreshed
2026-08-21T14:45:44.345+01:00  INFO 9472 --- [schools-portal] [           main] CachingDelegateEncryptablePropertySource : Property Source random refreshed
2026-08-21T14:45:44.345+01:00  INFO 9472 --- [schools-portal] [           main] CachingDelegateEncryptablePropertySource : Property Source cachedrandom refreshed
2026-08-21T14:45:44.345+01:00  INFO 9472 --- [schools-portal] [           main] CachingDelegateEncryptablePropertySource : Property Source Config resource 'file [D:\CACI\WebTier\Config\Portals\pgTest01\application-postgres.yml]' via location 'file:///D:/CACI/WebTier/Config/Portals/pgTest01/' refreshed
2026-08-21T14:45:44.015+01:00  WARN 9472 --- [schools-portal] [foReplicator-%d] c.n.d.DiscoveryClient                    : DiscoveryClient_SCHOOLS-PORTAL/CYP-WEBTEST-01.development.local:schools-portal:8024 - registration failed Cannot execute request on any known server

com.netflix.discovery.shared.transport.TransportException: Cannot execute request on any known server
	at com.netflix.discovery.shared.transport.decorator.RetryableEurekaHttpClient.execute(RetryableEurekaHttpClient.java:112) ~[eureka-client-2.0.4.jar!/:2.0.4]
	at com.netflix.discovery.shared.transport.decorator.EurekaHttpClientDecorator.register(EurekaHttpClientDecorator.java:56) ~[eureka-client-2.0.4.jar!/:2.0.4]
	at com.netflix.discovery.shared.transport.decorator.EurekaHttpClientDecorator$1.execute(EurekaHttpClientDecorator.java:59) ~[eureka-client-2.0.4.jar!/:2.0.4]
	at com.netflix.discovery.shared.transport.decorator.SessionedEurekaHttpClient.execute(SessionedEurekaHttpClient.java:76) ~[eureka-client-2.0.4.jar!/:2.0.4]
	at com.netflix.discovery.shared.transport.decorator.EurekaHttpClientDecorator.register(EurekaHttpClientDecorator.java:56) ~[eureka-client-2.0.4.jar!/:2.0.4]
	at com.netflix.discovery.DiscoveryClient.register(DiscoveryClient.java:828) ~[eureka-client-2.0.4.jar!/:2.0.4]
	at com.netflix.discovery.InstanceInfoReplicator.run(InstanceInfoReplicator.java:125) ~[eureka-client-2.0.4.jar!/:2.0.4]
	at com.netflix.discovery.InstanceInfoReplicator$2.run(InstanceInfoReplicator.java:105) ~[eureka-client-2.0.4.jar!/:2.0.4]
	at java.base/java.util.concurrent.Executors$RunnableAdapter.call(Executors.java:572) ~[?:?]
	at java.base/java.util.concurrent.FutureTask.run(FutureTask.java:317) ~[?:?]
	at java.base/java.util.concurrent.ScheduledThreadPoolExecutor$ScheduledFutureTask.run(ScheduledThreadPoolExecutor.java:304) ~[?:?]
	at java.base/java.util.concurrent.ThreadPoolExecutor.runWorker(ThreadPoolExecutor.java:1144) ~[?:?]
	at java.base/java.util.concurrent.ThreadPoolExecutor$Worker.run(ThreadPoolExecutor.java:642) ~[?:?]
	at java.base/java.lang.Thread.run(Thread.java:1583) [?:?]

2026-08-21T14:45:44.346+01:00  INFO 9472 --- [schools-portal] [           main] CachingDelegateEncryptablePropertySource : Property Source Config resource 'file [application-onsite-pgTest01.yml]' via location 'optional:file:./' refreshed
2026-08-21T14:45:44.346+01:00  INFO 9472 --- [schools-portal] [           main] CachingDelegateEncryptablePropertySource : Property Source Config resource 'class path resource [config/application.yml]' via location 'optional:classpath:/config/' refreshed
2026-08-21T14:45:44.346+01:00  WARN 9472 --- [schools-portal] [foReplicator-%d] c.n.d.InstanceInfoReplicator             : There was a problem with the instance info replicator

com.netflix.discovery.shared.transport.TransportException: Cannot execute request on any known server
	at com.netflix.discovery.shared.transport.decorator.RetryableEurekaHttpClient.execute(RetryableEurekaHttpClient.java:112) ~[eureka-client-2.0.4.jar!/:2.0.4]
	at com.netflix.discovery.shared.transport.decorator.EurekaHttpClientDecorator.register(EurekaHttpClientDecorator.java:56) ~[eureka-client-2.0.4.jar!/:2.0.4]
	at com.netflix.discovery.shared.transport.decorator.EurekaHttpClientDecorator$1.execute(EurekaHttpClientDecorator.java:59) ~[eureka-client-2.0.4.jar!/:2.0.4]
	at com.netflix.discovery.shared.transport.decorator.SessionedEurekaHttpClient.execute(SessionedEurekaHttpClient.java:76) ~[eureka-client-2.0.4.jar!/:2.0.4]
	at com.netflix.discovery.shared.transport.decorator.EurekaHttpClientDecorator.register(EurekaHttpClientDecorator.java:56) ~[eureka-client-2.0.4.jar!/:2.0.4]
	at com.netflix.discovery.DiscoveryClient.register(DiscoveryClient.java:828) ~[eureka-client-2.0.4.jar!/:2.0.4]
	at com.netflix.discovery.InstanceInfoReplicator.run(InstanceInfoReplicator.java:125) ~[eureka-client-2.0.4.jar!/:2.0.4]
	at com.netflix.discovery.InstanceInfoReplicator$2.run(InstanceInfoReplicator.java:105) ~[eureka-client-2.0.4.jar!/:2.0.4]
	at java.base/java.util.concurrent.Executors$RunnableAdapter.call(Executors.java:572) ~[?:?]
	at java.base/java.util.concurrent.FutureTask.run(FutureTask.java:317) ~[?:?]
	at java.base/java.util.concurrent.ScheduledThreadPoolExecutor$ScheduledFutureTask.run(ScheduledThreadPoolExecutor.java:304) ~[?:?]
	at java.base/java.util.concurrent.ThreadPoolExecutor.runWorker(ThreadPoolExecutor.java:1144) ~[?:?]
	at java.base/java.util.concurrent.ThreadPoolExecutor$Worker.run(ThreadPoolExecutor.java:642) ~[?:?]
	at java.base/java.lang.Thread.run(Thread.java:1583) [?:?]

2026-08-21T14:45:44.346+01:00  INFO 9472 --- [schools-portal] [           main] CachingDelegateEncryptablePropertySource : Property Source springCloudClientHostInfo refreshed
2026-08-21T14:45:44.346+01:00  INFO 9472 --- [schools-portal] [           main] CachingDelegateEncryptablePropertySource : Property Source applicationInfo refreshed
2026-08-21T14:45:44.346+01:00  INFO 9472 --- [schools-portal] [           main] CachingDelegateEncryptablePropertySource : Property Source defaultProperties refreshed
2026-08-21T14:45:44.347+01:00  INFO 9472 --- [schools-portal] [           main] c.u.j.EncryptablePropertySourceConverter : Skipping PropertySource configurationProperties [class org.springframework.boot.context.properties.source.ConfigurationPropertySourcesPropertySource
2026-08-21T14:45:44.347+01:00  INFO 9472 --- [schools-portal] [           main] c.u.j.EncryptablePropertySourceConverter : Skipping PropertySource servletConfigInitParams [class org.springframework.core.env.PropertySource$StubPropertySource
2026-08-21T14:45:44.347+01:00  INFO 9472 --- [schools-portal] [           main] c.u.j.EncryptablePropertySourceConverter : Converting PropertySource servletContextInitParams [org.springframework.web.context.support.ServletContextPropertySource] to EncryptableEnumerablePropertySourceWrapper
2026-08-21T14:45:44.388+01:00  INFO 9472 --- [schools-portal] [           main] u.c.c.i.s.p.ImpulseSchoolsPortal         : Started ImpulseSchoolsPortal in 41.923 seconds (process running for 51.699)
2026-08-21T14:45:44.395+01:00  INFO 9472 --- [schools-portal] [           main] u.c.c.i.s.p.ImpulseSchoolsPortal         : 
----------------------------------------------------------
	Application 'schools-portal' is running! Access URLs:
	Local: http://localhost:8024
	External: http://10.102.18.72:8024
	Profile(s): [postgres, onsite-pgTest01]
----------------------------------------------------------
2026-08-21T14:46:10.984+01:00  INFO 9472 --- [schools-portal] [reshExecutor-%d] c.n.d.DiscoveryClient                    : Disable delta property : false
2026-08-21T14:46:10.985+01:00  INFO 9472 --- [schools-portal] [reshExecutor-%d] c.n.d.DiscoveryClient                    : Single vip registry refresh property : null
2026-08-21T14:46:10.985+01:00  INFO 9472 --- [schools-portal] [reshExecutor-%d] c.n.d.DiscoveryClient                    : Force full registry fetch : false
2026-08-21T14:46:10.986+01:00  INFO 9472 --- [schools-portal] [reshExecutor-%d] c.n.d.DiscoveryClient                    : Application is null : false
2026-08-21T14:46:10.986+01:00  INFO 9472 --- [schools-portal] [reshExecutor-%d] c.n.d.DiscoveryClient                    : Registered Applications size is zero : true
2026-08-21T14:46:10.986+01:00  INFO 9472 --- [schools-portal] [reshExecutor-%d] c.n.d.DiscoveryClient                    : Application version is -1: true
2026-08-21T14:46:10.986+01:00  INFO 9472 --- [schools-portal] [reshExecutor-%d] c.n.d.DiscoveryClient                    : Getting all instance registry info from the eureka server
2026-08-21T14:46:11.531+01:00  INFO 9472 --- [schools-portal] [reshExecutor-%d] c.n.d.DiscoveryClient                    : The response status is 200
2026-08-21T14:46:11.725+01:00  INFO 9472 --- [schools-portal] [beatExecutor-%d] c.n.d.DiscoveryClient                    : DiscoveryClient_SCHOOLS-PORTAL/CYP-WEBTEST-01.development.local:schools-portal:8024 - Re-registering apps/SCHOOLS-PORTAL
2026-08-21T14:46:11.725+01:00  INFO 9472 --- [schools-portal] [beatExecutor-%d] c.n.d.DiscoveryClient                    : DiscoveryClient_SCHOOLS-PORTAL/CYP-WEBTEST-01.development.local:schools-portal:8024: registering service...
2026-08-21T14:46:12.282+01:00  INFO 9472 --- [schools-portal] [beatExecutor-%d] c.n.d.DiscoveryClient                    : DiscoveryClient_SCHOOLS-PORTAL/CYP-WEBTEST-01.development.local:schools-portal:8024 - registration status: 204
2026-08-21T14:48:18.156+01:00  INFO 9472 --- [schools-portal] [ionShutdownHook] o.s.c.n.e.s.EurekaServiceRegistry        : Unregistering application SCHOOLS-PORTAL with eureka with status DOWN
2026-08-21T14:48:18.159+01:00  INFO 9472 --- [schools-portal] [ionShutdownHook] c.n.d.DiscoveryClient                    : Saw local status change event StatusChangeEvent [timestamp=1787320098159, current=DOWN, previous=UP]
2026-08-21T14:48:18.159+01:00  INFO 9472 --- [schools-portal] [foReplicator-%d] c.n.d.DiscoveryClient                    : DiscoveryClient_SCHOOLS-PORTAL/CYP-WEBTEST-01.development.local:schools-portal:8024: registering service...
2026-08-21T14:48:18.163+01:00  INFO 9472 --- [schools-portal] [ionShutdownHook] o.s.b.w.e.t.GracefulShutdown             : Commencing graceful shutdown. Waiting for active requests to complete
2026-08-21T14:48:18.165+01:00  INFO 9472 --- [schools-portal] [foReplicator-%d] c.n.d.s.t.d.RedirectingEurekaHttpClient  : Request execution error. endpoint=DefaultEndpoint{ serviceUrl='http://admin:admin@localhost:8761/eureka/} exception=I/O error on POST request for "http://localhost:8761/eureka/apps/SCHOOLS-PORTAL": Connect to http://localhost:8761 [localhost/127.0.0.1, localhost/0:0:0:0:0:0:0:1] failed: Connection refused: getsockopt stacktrace=org.springframework.web.client.ResourceAccessException: I/O error on POST request for "http://localhost:8761/eureka/apps/SCHOOLS-PORTAL": Connect to http://localhost:8761 [localhost/127.0.0.1, localhost/0:0:0:0:0:0:0:1] failed: Connection refused: getsockopt
	at org.springframework.web.client.RestTemplate.createResourceAccessException(RestTemplate.java:926)
	at org.springframework.web.client.RestTemplate.doExecute(RestTemplate.java:906)
	at org.springframework.web.client.RestTemplate.execute(RestTemplate.java:841)
	at org.springframework.web.client.RestTemplate.exchange(RestTemplate.java:702)
	at org.springframework.cloud.netflix.eureka.http.RestTemplateEurekaHttpClient.register(RestTemplateEurekaHttpClient.java:87)
	at com.netflix.discovery.shared.transport.decorator.EurekaHttpClientDecorator$1.execute(EurekaHttpClientDecorator.java:59)
	at com.netflix.discovery.shared.transport.decorator.RedirectingEurekaHttpClient.execute(RedirectingEurekaHttpClient.java:91)
	at com.netflix.discovery.shared.transport.decorator.EurekaHttpClientDecorator.register(EurekaHttpClientDecorator.java:56)
	at com.netflix.discovery.shared.transport.decorator.EurekaHttpClientDecorator$1.execute(EurekaHttpClientDecorator.java:59)
	at com.netflix.discovery.shared.transport.decorator.RetryableEurekaHttpClient.execute(RetryableEurekaHttpClient.java:120)
	at com.netflix.discovery.shared.transport.decorator.EurekaHttpClientDecorator.register(EurekaHttpClientDecorator.java:56)
	at com.netflix.discovery.shared.transport.decorator.EurekaHttpClientDecorator$1.execute(EurekaHttpClientDecorator.java:59)
	at com.netflix.discovery.shared.transport.decorator.SessionedEurekaHttpClient.execute(SessionedEurekaHttpClient.java:76)
	at com.netflix.discovery.shared.transport.decorator.EurekaHttpClientDecorator.register(EurekaHttpClientDecorator.java:56)
	at com.netflix.discovery.DiscoveryClient.register(DiscoveryClient.java:828)
	at com.netflix.discovery.InstanceInfoReplicator.run(InstanceInfoReplicator.java:125)
	at com.netflix.discovery.InstanceInfoReplicator$2.run(InstanceInfoReplicator.java:105)
	at java.base/java.util.concurrent.Executors$RunnableAdapter.call(Executors.java:572)
	at java.base/java.util.concurrent.FutureTask.run(FutureTask.java:317)
	at java.base/java.util.concurrent.ScheduledThreadPoolExecutor$ScheduledFutureTask.run(ScheduledThreadPoolExecutor.java:304)
	at java.base/java.util.concurrent.ThreadPoolExecutor.runWorker(ThreadPoolExecutor.java:1144)
	at java.base/java.util.concurrent.ThreadPoolExecutor$Worker.run(ThreadPoolExecutor.java:642)
	at java.base/java.lang.Thread.run(Thread.java:1583)
Caused by: org.apache.hc.client5.http.HttpHostConnectException: Connect to http://localhost:8761 [localhost/127.0.0.1, localhost/0:0:0:0:0:0:0:1] failed: Connection refused: getsockopt
	at java.base/sun.nio.ch.Net.pollConnect(Native Method)
	at java.base/sun.nio.ch.Net.pollConnectNow(Net.java:694)
	at java.base/sun.nio.ch.NioSocketImpl.timedFinishConnect(NioSocketImpl.java:542)
	at java.base/sun.nio.ch.NioSocketImpl.connect(NioSocketImpl.java:592)
	at java.base/java.net.SocksSocketImpl.connect(SocksSocketImpl.java:327)
	at java.base/java.net.Socket.connect(Socket.java:751)
	at org.apache.hc.client5.http.impl.io.DefaultHttpClientConnectionOperator.connect(DefaultHttpClientConnectionOperator.java:216)
	at org.apache.hc.client5.http.impl.io.PoolingHttpClientConnectionManager.connect(PoolingHttpClientConnectionManager.java:490)
	at org.apache.hc.client5.http.impl.classic.InternalExecRuntime.connectEndpoint(InternalExecRuntime.java:164)
	at org.apache.hc.client5.http.impl.classic.InternalExecRuntime.connectEndpoint(InternalExecRuntime.java:174)
	at org.apache.hc.client5.http.impl.classic.ConnectExec.execute(ConnectExec.java:144)
	at org.apache.hc.client5.http.impl.classic.ExecChainElement.execute(ExecChainElement.java:51)
	at org.apache.hc.client5.http.impl.classic.ProtocolExec.execute(ProtocolExec.java:192)
	at org.apache.hc.client5.http.impl.classic.ExecChainElement.execute(ExecChainElement.java:51)
	at org.apache.hc.client5.http.impl.classic.ContentCompressionExec.execute(ContentCompressionExec.java:150)
	at org.apache.hc.client5.http.impl.classic.ExecChainElement.execute(ExecChainElement.java:51)
	at org.apache.hc.client5.http.impl.classic.HttpRequestRetryExec.execute(HttpRequestRetryExec.java:113)
	at org.apache.hc.client5.http.impl.classic.ExecChainElement.execute(ExecChainElement.java:51)
	at org.apache.hc.client5.http.impl.classic.RedirectExec.execute(RedirectExec.java:110)
	at org.apache.hc.client5.http.impl.classic.ExecChainElement.execute(ExecChainElement.java:51)
	at org.apache.hc.client5.http.impl.classic.InternalHttpClient.doExecute(InternalHttpClient.java:174)
	at org.apache.hc.client5.http.impl.classic.CloseableHttpClient.execute(CloseableHttpClient.java:87)
	at org.apache.hc.client5.http.impl.classic.CloseableHttpClient.execute(CloseableHttpClient.java:55)
	at org.apache.hc.client5.http.classic.HttpClient.executeOpen(HttpClient.java:183)
	at org.springframework.http.client.HttpComponentsClientHttpRequest.executeInternal(HttpComponentsClientHttpRequest.java:99)
	at org.springframework.http.client.AbstractStreamingClientHttpRequest.executeInternal(AbstractStreamingClientHttpRequest.java:71)
	at org.springframework.http.client.AbstractClientHttpRequest.execute(AbstractClientHttpRequest.java:81)
	at org.springframework.http.client.InterceptingClientHttpRequest$InterceptingRequestExecution.execute(InterceptingClientHttpRequest.java:117)
	at org.springframework.cloud.netflix.eureka.http.RestTemplateTransportClientFactory.lambda$restTemplate$3(RestTemplateTransportClientFactory.java:141)
	at org.springframework.http.client.InterceptingClientHttpRequest$InterceptingRequestExecution.execute(InterceptingClientHttpRequest.java:88)
	at org.springframework.http.client.support.BasicAuthenticationInterceptor.intercept(BasicAuthenticationInterceptor.java:79)
	at org.springframework.http.client.InterceptingClientHttpRequest$InterceptingRequestExecution.execute(InterceptingClientHttpRequest.java:88)
	at org.springframework.http.client.InterceptingClientHttpRequest.executeInternal(InterceptingClientHttpRequest.java:72)
	at org.springframework.http.client.AbstractBufferingClientHttpRequest.executeInternal(AbstractBufferingClientHttpRequest.java:48)
	at org.springframework.http.client.AbstractClientHttpRequest.execute(AbstractClientHttpRequest.java:81)
	at org.springframework.web.client.RestTemplate.doExecute(RestTemplate.java:900)
	... 21 more

2026-08-21T14:48:18.165+01:00  WARN 9472 --- [schools-portal] [foReplicator-%d] c.n.d.s.t.d.RetryableEurekaHttpClient    : Request execution failed with message: I/O error on POST request for "http://localhost:8761/eureka/apps/SCHOOLS-PORTAL": Connect to http://localhost:8761 [localhost/127.0.0.1, localhost/0:0:0:0:0:0:0:1] failed: Connection refused: getsockopt
2026-08-21T14:48:18.168+01:00  INFO 9472 --- [schools-portal] [tomcat-shutdown] o.s.b.w.e.t.GracefulShutdown             : Graceful shutdown complete
2026-08-21T14:48:18.175+01:00  INFO 9472 --- [schools-portal] [ionShutdownHook] c.n.d.DiscoveryClient                    : Shutting down DiscoveryClient ...
2026-08-21T14:48:18.176+01:00  INFO 9472 --- [schools-portal] [foReplicator-%d] c.n.d.s.t.d.RedirectingEurekaHttpClient  : Request execution error. endpoint=DefaultEndpoint{ serviceUrl='http://admin:admin@localhost:8761/eureka/}, exception=I/O error on POST request for "http://localhost:8761/eureka/apps/SCHOOLS-PORTAL": Connect to http://localhost:8761 [localhost/127.0.0.1, localhost/0:0:0:0:0:0:0:1] failed: Connection refused: getsockopt stacktrace=org.springframework.web.client.ResourceAccessException: I/O error on POST request for "http://localhost:8761/eureka/apps/SCHOOLS-PORTAL": Connect to http://localhost:8761 [localhost/127.0.0.1, localhost/0:0:0:0:0:0:0:1] failed: Connection refused: getsockopt
	at org.springframework.web.client.RestTemplate.createResourceAccessException(RestTemplate.java:926)
	at org.springframework.web.client.RestTemplate.doExecute(RestTemplate.java:906)
	at org.springframework.web.client.RestTemplate.execute(RestTemplate.java:841)
	at org.springframework.web.client.RestTemplate.exchange(RestTemplate.java:702)
	at org.springframework.cloud.netflix.eureka.http.RestTemplateEurekaHttpClient.register(RestTemplateEurekaHttpClient.java:87)
	at com.netflix.discovery.shared.transport.decorator.EurekaHttpClientDecorator$1.execute(EurekaHttpClientDecorator.java:59)
	at com.netflix.discovery.shared.transport.decorator.RedirectingEurekaHttpClient.executeOnNewServer(RedirectingEurekaHttpClient.java:121)
	at com.netflix.discovery.shared.transport.decorator.RedirectingEurekaHttpClient.execute(RedirectingEurekaHttpClient.java:80)
	at com.netflix.discovery.shared.transport.decorator.EurekaHttpClientDecorator.register(EurekaHttpClientDecorator.java:56)
	at com.netflix.discovery.shared.transport.decorator.EurekaHttpClientDecorator$1.execute(EurekaHttpClientDecorator.java:59)
	at com.netflix.discovery.shared.transport.decorator.RetryableEurekaHttpClient.execute(RetryableEurekaHttpClient.java:120)
	at com.netflix.discovery.shared.transport.decorator.EurekaHttpClientDecorator.register(EurekaHttpClientDecorator.java:56)
	at com.netflix.discovery.shared.transport.decorator.EurekaHttpClientDecorator$1.execute(EurekaHttpClientDecorator.java:59)
	at com.netflix.discovery.shared.transport.decorator.SessionedEurekaHttpClient.execute(SessionedEurekaHttpClient.java:76)
	at com.netflix.discovery.shared.transport.decorator.EurekaHttpClientDecorator.register(EurekaHttpClientDecorator.java:56)
	at com.netflix.discovery.DiscoveryClient.register(DiscoveryClient.java:828)
	at com.netflix.discovery.InstanceInfoReplicator.run(InstanceInfoReplicator.java:125)
	at com.netflix.discovery.InstanceInfoReplicator$2.run(InstanceInfoReplicator.java:105)
	at java.base/java.util.concurrent.Executors$RunnableAdapter.call(Executors.java:572)
	at java.base/java.util.concurrent.FutureTask.run(FutureTask.java:317)
	at java.base/java.util.concurrent.ScheduledThreadPoolExecutor$ScheduledFutureTask.run(ScheduledThreadPoolExecutor.java:304)
	at java.base/java.util.concurrent.ThreadPoolExecutor.runWorker(ThreadPoolExecutor.java:1144)
	at java.base/java.util.concurrent.ThreadPoolExecutor$Worker.run(ThreadPoolExecutor.java:642)
	at java.base/java.lang.Thread.run(Thread.java:1583)
Caused by: org.apache.hc.client5.http.HttpHostConnectException: Connect to http://localhost:8761 [localhost/127.0.0.1, localhost/0:0:0:0:0:0:0:1] failed: Connection refused: getsockopt
	at java.base/sun.nio.ch.Net.pollConnect(Native Method)
	at java.base/sun.nio.ch.Net.pollConnectNow(Net.java:694)
	at java.base/sun.nio.ch.NioSocketImpl.timedFinishConnect(NioSocketImpl.java:542)
	at java.base/sun.nio.ch.NioSocketImpl.connect(NioSocketImpl.java:592)
	at java.base/java.net.SocksSocketImpl.connect(SocksSocketImpl.java:327)
	at java.base/java.net.Socket.connect(Socket.java:751)
	at org.apache.hc.client5.http.impl.io.DefaultHttpClientConnectionOperator.connect(DefaultHttpClientConnectionOperator.java:216)
	at org.apache.hc.client5.http.impl.io.PoolingHttpClientConnectionManager.connect(PoolingHttpClientConnectionManager.java:490)
	at org.apache.hc.client5.http.impl.classic.InternalExecRuntime.connectEndpoint(InternalExecRuntime.java:164)
	at org.apache.hc.client5.http.impl.classic.InternalExecRuntime.connectEndpoint(InternalExecRuntime.java:174)
	at org.apache.hc.client5.http.impl.classic.ConnectExec.execute(ConnectExec.java:144)
	at org.apache.hc.client5.http.impl.classic.ExecChainElement.execute(ExecChainElement.java:51)
	at org.apache.hc.client5.http.impl.classic.ProtocolExec.execute(ProtocolExec.java:192)
	at org.apache.hc.client5.http.impl.classic.ExecChainElement.execute(ExecChainElement.java:51)
	at org.apache.hc.client5.http.impl.classic.ContentCompressionExec.execute(ContentCompressionExec.java:150)
	at org.apache.hc.client5.http.impl.classic.ExecChainElement.execute(ExecChainElement.java:51)
	at org.apache.hc.client5.http.impl.classic.HttpRequestRetryExec.execute(HttpRequestRetryExec.java:113)
	at org.apache.hc.client5.http.impl.classic.ExecChainElement.execute(ExecChainElement.java:51)
	at org.apache.hc.client5.http.impl.classic.RedirectExec.execute(RedirectExec.java:110)
	at org.apache.hc.client5.http.impl.classic.ExecChainElement.execute(ExecChainElement.java:51)
	at org.apache.hc.client5.http.impl.classic.InternalHttpClient.doExecute(InternalHttpClient.java:174)
	at org.apache.hc.client5.http.impl.classic.CloseableHttpClient.execute(CloseableHttpClient.java:87)
	at org.apache.hc.client5.http.impl.classic.CloseableHttpClient.execute(CloseableHttpClient.java:55)
	at org.apache.hc.client5.http.classic.HttpClient.executeOpen(HttpClient.java:183)
	at org.springframework.http.client.HttpComponentsClientHttpRequest.executeInternal(HttpComponentsClientHttpRequest.java:99)
	at org.springframework.http.client.AbstractStreamingClientHttpRequest.executeInternal(AbstractStreamingClientHttpRequest.java:71)
	at org.springframework.http.client.AbstractClientHttpRequest.execute(AbstractClientHttpRequest.java:81)
	at org.springframework.http.client.InterceptingClientHttpRequest$InterceptingRequestExecution.execute(InterceptingClientHttpRequest.java:117)
	at org.springframework.cloud.netflix.eureka.http.RestTemplateTransportClientFactory.lambda$restTemplate$3(RestTemplateTransportClientFactory.java:141)
	at org.springframework.http.client.InterceptingClientHttpRequest$InterceptingRequestExecution.execute(InterceptingClientHttpRequest.java:88)
	at org.springframework.http.client.support.BasicAuthenticationInterceptor.intercept(BasicAuthenticationInterceptor.java:79)
	at org.springframework.http.client.InterceptingClientHttpRequest$InterceptingRequestExecution.execute(InterceptingClientHttpRequest.java:88)
	at org.springframework.http.client.InterceptingClientHttpRequest.executeInternal(InterceptingClientHttpRequest.java:72)
	at org.springframework.http.client.AbstractBufferingClientHttpRequest.executeInternal(AbstractBufferingClientHttpRequest.java:48)
	at org.springframework.http.client.AbstractClientHttpRequest.execute(AbstractClientHttpRequest.java:81)
	at org.springframework.web.client.RestTemplate.doExecute(RestTemplate.java:900)
	... 22 more

2026-08-21T14:48:18.176+01:00  WARN 9472 --- [schools-portal] [foReplicator-%d] c.n.d.s.t.d.RetryableEurekaHttpClient    : Request execution failed with message: I/O error on POST request for "http://localhost:8761/eureka/apps/SCHOOLS-PORTAL": Connect to http://localhost:8761 [localhost/127.0.0.1, localhost/0:0:0:0:0:0:0:1] failed: Connection refused: getsockopt
2026-08-21T14:48:18.176+01:00  WARN 9472 --- [schools-portal] [foReplicator-%d] c.n.d.DiscoveryClient                    : DiscoveryClient_SCHOOLS-PORTAL/CYP-WEBTEST-01.development.local:schools-portal:8024 - registration failed Cannot execute request on any known server

com.netflix.discovery.shared.transport.TransportException: Cannot execute request on any known server
	at com.netflix.discovery.shared.transport.decorator.RetryableEurekaHttpClient.execute(RetryableEurekaHttpClient.java:112) ~[eureka-client-2.0.4.jar!/:2.0.4]
	at com.netflix.discovery.shared.transport.decorator.EurekaHttpClientDecorator.register(EurekaHttpClientDecorator.java:56) ~[eureka-client-2.0.4.jar!/:2.0.4]
	at com.netflix.discovery.shared.transport.decorator.EurekaHttpClientDecorator$1.execute(EurekaHttpClientDecorator.java:59) ~[eureka-client-2.0.4.jar!/:2.0.4]
	at com.netflix.discovery.shared.transport.decorator.SessionedEurekaHttpClient.execute(SessionedEurekaHttpClient.java:76) ~[eureka-client-2.0.4.jar!/:2.0.4]
	at com.netflix.discovery.shared.transport.decorator.EurekaHttpClientDecorator.register(EurekaHttpClientDecorator.java:56) ~[eureka-client-2.0.4.jar!/:2.0.4]
	at com.netflix.discovery.DiscoveryClient.register(DiscoveryClient.java:828) ~[eureka-client-2.0.4.jar!/:2.0.4]
	at com.netflix.discovery.InstanceInfoReplicator.run(InstanceInfoReplicator.java:125) ~[eureka-client-2.0.4.jar!/:2.0.4]
	at com.netflix.discovery.InstanceInfoReplicator$2.run(InstanceInfoReplicator.java:105) ~[eureka-client-2.0.4.jar!/:2.0.4]
	at java.base/java.util.concurrent.Executors$RunnableAdapter.call(Executors.java:572) ~[?:?]
	at java.base/java.util.concurrent.FutureTask.run(FutureTask.java:317) ~[?:?]
	at java.base/java.util.concurrent.ScheduledThreadPoolExecutor$ScheduledFutureTask.run(ScheduledThreadPoolExecutor.java:304) ~[?:?]
	at java.base/java.util.concurrent.ThreadPoolExecutor.runWorker(ThreadPoolExecutor.java:1144) ~[?:?]
	at java.base/java.util.concurrent.ThreadPoolExecutor$Worker.run(ThreadPoolExecutor.java:642) ~[?:?]
	at java.base/java.lang.Thread.run(Thread.java:1583) [?:?]

2026-08-21T14:48:18.176+01:00  WARN 9472 --- [schools-portal] [foReplicator-%d] c.n.d.InstanceInfoReplicator             : There was a problem with the instance info replicator

com.netflix.discovery.shared.transport.TransportException: Cannot execute request on any known server
	at com.netflix.discovery.shared.transport.decorator.RetryableEurekaHttpClient.execute(RetryableEurekaHttpClient.java:112) ~[eureka-client-2.0.4.jar!/:2.0.4]
	at com.netflix.discovery.shared.transport.decorator.EurekaHttpClientDecorator.register(EurekaHttpClientDecorator.java:56) ~[eureka-client-2.0.4.jar!/:2.0.4]
	at com.netflix.discovery.shared.transport.decorator.EurekaHttpClientDecorator$1.execute(EurekaHttpClientDecorator.java:59) ~[eureka-client-2.0.4.jar!/:2.0.4]
	at com.netflix.discovery.shared.transport.decorator.SessionedEurekaHttpClient.execute(SessionedEurekaHttpClient.java:76) ~[eureka-client-2.0.4.jar!/:2.0.4]
	at com.netflix.discovery.shared.transport.decorator.EurekaHttpClientDecorator.register(EurekaHttpClientDecorator.java:56) ~[eureka-client-2.0.4.jar!/:2.0.4]
	at com.netflix.discovery.DiscoveryClient.register(DiscoveryClient.java:828) ~[eureka-client-2.0.4.jar!/:2.0.4]
	at com.netflix.discovery.InstanceInfoReplicator.run(InstanceInfoReplicator.java:125) ~[eureka-client-2.0.4.jar!/:2.0.4]
	at com.netflix.discovery.InstanceInfoReplicator$2.run(InstanceInfoReplicator.java:105) ~[eureka-client-2.0.4.jar!/:2.0.4]
	at java.base/java.util.concurrent.Executors$RunnableAdapter.call(Executors.java:572) ~[?:?]
	at java.base/java.util.concurrent.FutureTask.run(FutureTask.java:317) ~[?:?]
	at java.base/java.util.concurrent.ScheduledThreadPoolExecutor$ScheduledFutureTask.run(ScheduledThreadPoolExecutor.java:304) ~[?:?]
	at java.base/java.util.concurrent.ThreadPoolExecutor.runWorker(ThreadPoolExecutor.java:1144) ~[?:?]
	at java.base/java.util.concurrent.ThreadPoolExecutor$Worker.run(ThreadPoolExecutor.java:642) ~[?:?]
	at java.base/java.lang.Thread.run(Thread.java:1583) [?:?]

2026-08-21T14:48:18.176+01:00  INFO 9472 --- [schools-portal] [ionShutdownHook] c.n.d.DiscoveryClient                    : Unregistering ...
2026-08-21T14:48:18.191+01:00  INFO 9472 --- [schools-portal] [ionShutdownHook] c.n.d.s.t.d.RedirectingEurekaHttpClient  : Request execution error. endpoint=DefaultEndpoint{ serviceUrl='http://admin:admin@localhost:8761/eureka/}, exception=I/O error on DELETE request for "http://localhost:8761/eureka/apps/SCHOOLS-PORTAL/CYP-WEBTEST-01.development.local:schools-portal:8024": Connect to http://localhost:8761 [localhost/127.0.0.1, localhost/0:0:0:0:0:0:0:1] failed: Connection refused: getsockopt stacktrace=org.springframework.web.client.ResourceAccessException: I/O error on DELETE request for "http://localhost:8761/eureka/apps/SCHOOLS-PORTAL/CYP-WEBTEST-01.development.local:schools-portal:8024": Connect to http://localhost:8761 [localhost/127.0.0.1, localhost/0:0:0:0:0:0:0:1] failed: Connection refused: getsockopt
	at org.springframework.web.client.RestTemplate.createResourceAccessException(RestTemplate.java:926)
	at org.springframework.web.client.RestTemplate.doExecute(RestTemplate.java:906)
	at org.springframework.web.client.RestTemplate.execute(RestTemplate.java:841)
	at org.springframework.web.client.RestTemplate.exchange(RestTemplate.java:702)
	at org.springframework.cloud.netflix.eureka.http.RestTemplateEurekaHttpClient.cancel(RestTemplateEurekaHttpClient.java:100)
	at com.netflix.discovery.shared.transport.decorator.EurekaHttpClientDecorator$2.execute(EurekaHttpClientDecorator.java:74)
	at com.netflix.discovery.shared.transport.decorator.RedirectingEurekaHttpClient.executeOnNewServer(RedirectingEurekaHttpClient.java:121)
	at com.netflix.discovery.shared.transport.decorator.RedirectingEurekaHttpClient.execute(RedirectingEurekaHttpClient.java:80)
	at com.netflix.discovery.shared.transport.decorator.EurekaHttpClientDecorator.cancel(EurekaHttpClientDecorator.java:71)
	at com.netflix.discovery.shared.transport.decorator.EurekaHttpClientDecorator$2.execute(EurekaHttpClientDecorator.java:74)
	at com.netflix.discovery.shared.transport.decorator.RetryableEurekaHttpClient.execute(RetryableEurekaHttpClient.java:120)
	at com.netflix.discovery.shared.transport.decorator.EurekaHttpClientDecorator.cancel(EurekaHttpClientDecorator.java:71)
	at com.netflix.discovery.shared.transport.decorator.EurekaHttpClientDecorator$2.execute(EurekaHttpClientDecorator.java:74)
	at com.netflix.discovery.shared.transport.decorator.SessionedEurekaHttpClient.execute(SessionedEurekaHttpClient.java:76)
	at com.netflix.discovery.shared.transport.decorator.EurekaHttpClientDecorator.cancel(EurekaHttpClientDecorator.java:71)
	at com.netflix.discovery.DiscoveryClient.unregister(DiscoveryClient.java:919)
	at com.netflix.discovery.DiscoveryClient.shutdown(DiscoveryClient.java:900)
	at java.base/jdk.internal.reflect.DirectMethodHandleAccessor.invoke(DirectMethodHandleAccessor.java:103)
	at java.base/java.lang.reflect.Method.invoke(Method.java:580)
	at org.springframework.beans.factory.annotation.InitDestroyAnnotationBeanPostProcessor$LifecycleMethod.invoke(InitDestroyAnnotationBeanPostProcessor.java:457)
	at org.springframework.beans.factory.annotation.InitDestroyAnnotationBeanPostProcessor$LifecycleMetadata.invokeDestroyMethods(InitDestroyAnnotationBeanPostProcessor.java:415)
	at org.springframework.beans.factory.annotation.InitDestroyAnnotationBeanPostProcessor.postProcessBeforeDestruction(InitDestroyAnnotationBeanPostProcessor.java:239)
	at org.springframework.beans.factory.support.DisposableBeanAdapter.destroy(DisposableBeanAdapter.java:202)
	at org.springframework.beans.factory.support.DisposableBeanAdapter.run(DisposableBeanAdapter.java:195)
	at org.springframework.cloud.context.scope.GenericScope$BeanLifecycleWrapper.destroy(GenericScope.java:389)
	at org.springframework.cloud.context.scope.GenericScope.destroy(GenericScope.java:136)
	at org.springframework.beans.factory.support.DisposableBeanAdapter.destroy(DisposableBeanAdapter.java:211)
	at org.springframework.beans.factory.support.DefaultSingletonBeanRegistry.destroyBean(DefaultSingletonBeanRegistry.java:668)
	at org.springframework.beans.factory.support.DefaultSingletonBeanRegistry.destroySingleton(DefaultSingletonBeanRegistry.java:625)
	at org.springframework.beans.factory.support.DefaultListableBeanFactory.destroySingleton(DefaultListableBeanFactory.java:1368)
	at org.springframework.beans.factory.support.DefaultSingletonBeanRegistry.destroySingletons(DefaultSingletonBeanRegistry.java:584)
	at org.springframework.beans.factory.support.DefaultListableBeanFactory.destroySingletons(DefaultListableBeanFactory.java:1361)
	at org.springframework.context.support.AbstractApplicationContext.destroyBeans(AbstractApplicationContext.java:1219)
	at org.springframework.context.support.AbstractApplicationContext.doClose(AbstractApplicationContext.java:1180)
	at org.springframework.boot.web.servlet.context.ServletWebServerApplicationContext.doClose(ServletWebServerApplicationContext.java:174)
	at org.springframework.context.support.AbstractApplicationContext.close(AbstractApplicationContext.java:1126)
	at org.springframework.boot.SpringApplicationShutdownHook.closeAndWait(SpringApplicationShutdownHook.java:147)
	at java.base/java.lang.Iterable.forEach(Iterable.java:75)
	at org.springframework.boot.SpringApplicationShutdownHook.run(SpringApplicationShutdownHook.java:116)
	at java.base/java.lang.Thread.run(Thread.java:1583)
Caused by: org.apache.hc.client5.http.HttpHostConnectException: Connect to http://localhost:8761 [localhost/127.0.0.1, localhost/0:0:0:0:0:0:0:1] failed: Connection refused: getsockopt
	at java.base/sun.nio.ch.Net.pollConnect(Native Method)
	at java.base/sun.nio.ch.Net.pollConnectNow(Net.java:694)
	at java.base/sun.nio.ch.NioSocketImpl.timedFinishConnect(NioSocketImpl.java:542)
	at java.base/sun.nio.ch.NioSocketImpl.connect(NioSocketImpl.java:592)
	at java.base/java.net.SocksSocketImpl.connect(SocksSocketImpl.java:327)
	at java.base/java.net.Socket.connect(Socket.java:751)
	at org.apache.hc.client5.http.impl.io.DefaultHttpClientConnectionOperator.connect(DefaultHttpClientConnectionOperator.java:216)
	at org.apache.hc.client5.http.impl.io.PoolingHttpClientConnectionManager.connect(PoolingHttpClientConnectionManager.java:490)
	at org.apache.hc.client5.http.impl.classic.InternalExecRuntime.connectEndpoint(InternalExecRuntime.java:164)
	at org.apache.hc.client5.http.impl.classic.InternalExecRuntime.connectEndpoint(InternalExecRuntime.java:174)
	at org.apache.hc.client5.http.impl.classic.ConnectExec.execute(ConnectExec.java:144)
	at org.apache.hc.client5.http.impl.classic.ExecChainElement.execute(ExecChainElement.java:51)
	at org.apache.hc.client5.http.impl.classic.ProtocolExec.execute(ProtocolExec.java:192)
	at org.apache.hc.client5.http.impl.classic.ExecChainElement.execute(ExecChainElement.java:51)
	at org.apache.hc.client5.http.impl.classic.ContentCompressionExec.execute(ContentCompressionExec.java:150)
	at org.apache.hc.client5.http.impl.classic.ExecChainElement.execute(ExecChainElement.java:51)
	at org.apache.hc.client5.http.impl.classic.HttpRequestRetryExec.execute(HttpRequestRetryExec.java:113)
	at org.apache.hc.client5.http.impl.classic.ExecChainElement.execute(ExecChainElement.java:51)
	at org.apache.hc.client5.http.impl.classic.RedirectExec.execute(RedirectExec.java:110)
	at org.apache.hc.client5.http.impl.classic.ExecChainElement.execute(ExecChainElement.java:51)
	at org.apache.hc.client5.http.impl.classic.InternalHttpClient.doExecute(InternalHttpClient.java:174)
	at org.apache.hc.client5.http.impl.classic.CloseableHttpClient.execute(CloseableHttpClient.java:87)
	at org.apache.hc.client5.http.impl.classic.CloseableHttpClient.execute(CloseableHttpClient.java:55)
	at org.apache.hc.client5.http.classic.HttpClient.executeOpen(HttpClient.java:183)
	at org.springframework.http.client.HttpComponentsClientHttpRequest.executeInternal(HttpComponentsClientHttpRequest.java:99)
	at org.springframework.http.client.AbstractStreamingClientHttpRequest.executeInternal(AbstractStreamingClientHttpRequest.java:71)
	at org.springframework.http.client.AbstractClientHttpRequest.execute(AbstractClientHttpRequest.java:81)
	at org.springframework.http.client.InterceptingClientHttpRequest$InterceptingRequestExecution.execute(InterceptingClientHttpRequest.java:117)
	at org.springframework.cloud.netflix.eureka.http.RestTemplateTransportClientFactory.lambda$restTemplate$3(RestTemplateTransportClientFactory.java:141)
	at org.springframework.http.client.InterceptingClientHttpRequest$InterceptingRequestExecution.execute(InterceptingClientHttpRequest.java:88)
	at org.springframework.http.client.support.BasicAuthenticationInterceptor.intercept(BasicAuthenticationInterceptor.java:79)
	at org.springframework.http.client.InterceptingClientHttpRequest$InterceptingRequestExecution.execute(InterceptingClientHttpRequest.java:88)
	at org.springframework.http.client.InterceptingClientHttpRequest.executeInternal(InterceptingClientHttpRequest.java:72)
	at org.springframework.http.client.AbstractBufferingClientHttpRequest.executeInternal(AbstractBufferingClientHttpRequest.java:48)
	at org.springframework.http.client.AbstractClientHttpRequest.execute(AbstractClientHttpRequest.java:81)
	at org.springframework.web.client.RestTemplate.doExecute(RestTemplate.java:900)
	... 38 more

2026-08-21T14:48:18.193+01:00  WARN 9472 --- [schools-portal] [ionShutdownHook] c.n.d.s.t.d.RetryableEurekaHttpClient    : Request execution failed with message: I/O error on DELETE request for "http://localhost:8761/eureka/apps/SCHOOLS-PORTAL/CYP-WEBTEST-01.development.local:schools-portal:8024": Connect to http://localhost:8761 [localhost/127.0.0.1, localhost/0:0:0:0:0:0:0:1] failed: Connection refused: getsockopt
2026-08-21T14:48:18.193+01:00 ERROR 9472 --- [schools-portal] [ionShutdownHook] c.n.d.DiscoveryClient                    : DiscoveryClient_SCHOOLS-PORTAL/CYP-WEBTEST-01.development.local:schools-portal:8024 - de-registration failedCannot execute request on any known server

com.netflix.discovery.shared.transport.TransportException: Cannot execute request on any known server
	at com.netflix.discovery.shared.transport.decorator.RetryableEurekaHttpClient.execute(RetryableEurekaHttpClient.java:112) ~[eureka-client-2.0.4.jar!/:2.0.4]
	at com.netflix.discovery.shared.transport.decorator.EurekaHttpClientDecorator.cancel(EurekaHttpClientDecorator.java:71) ~[eureka-client-2.0.4.jar!/:2.0.4]
	at com.netflix.discovery.shared.transport.decorator.EurekaHttpClientDecorator$2.execute(EurekaHttpClientDecorator.java:74) ~[eureka-client-2.0.4.jar!/:2.0.4]
	at com.netflix.discovery.shared.transport.decorator.SessionedEurekaHttpClient.execute(SessionedEurekaHttpClient.java:76) ~[eureka-client-2.0.4.jar!/:2.0.4]
	at com.netflix.discovery.shared.transport.decorator.EurekaHttpClientDecorator.cancel(EurekaHttpClientDecorator.java:71) ~[eureka-client-2.0.4.jar!/:2.0.4]
	at com.netflix.discovery.DiscoveryClient.unregister(DiscoveryClient.java:919) ~[eureka-client-2.0.4.jar!/:2.0.4]
	at com.netflix.discovery.DiscoveryClient.shutdown(DiscoveryClient.java:900) ~[eureka-client-2.0.4.jar!/:2.0.4]
	at java.base/jdk.internal.reflect.DirectMethodHandleAccessor.invoke(DirectMethodHandleAccessor.java:103) ~[?:?]
	at java.base/java.lang.reflect.Method.invoke(Method.java:580) ~[?:?]
	at org.springframework.beans.factory.annotation.InitDestroyAnnotationBeanPostProcessor$LifecycleMethod.invoke(InitDestroyAnnotationBeanPostProcessor.java:457) ~[spring-beans-6.2.1.jar!/:6.2.1]
	at org.springframework.beans.factory.annotation.InitDestroyAnnotationBeanPostProcessor$LifecycleMetadata.invokeDestroyMethods(InitDestroyAnnotationBeanPostProcessor.java:415) ~[spring-beans-6.2.1.jar!/:6.2.1]
	at org.springframework.beans.factory.annotation.InitDestroyAnnotationBeanPostProcessor.postProcessBeforeDestruction(InitDestroyAnnotationBeanPostProcessor.java:239) ~[spring-beans-6.2.1.jar!/:6.2.1]
	at org.springframework.beans.factory.support.DisposableBeanAdapter.destroy(DisposableBeanAdapter.java:202) ~[spring-beans-6.2.1.jar!/:6.2.1]
	at org.springframework.beans.factory.support.DisposableBeanAdapter.run(DisposableBeanAdapter.java:195) ~[spring-beans-6.2.1.jar!/:6.2.1]
	at org.springframework.cloud.context.scope.GenericScope$BeanLifecycleWrapper.destroy(GenericScope.java:389) ~[spring-cloud-context-4.2.0.jar!/:4.2.0]
	at org.springframework.cloud.context.scope.GenericScope.destroy(GenericScope.java:136) ~[spring-cloud-context-4.2.0.jar!/:4.2.0]
	at org.springframework.beans.factory.support.DisposableBeanAdapter.destroy(DisposableBeanAdapter.java:211) ~[spring-beans-6.2.1.jar!/:6.2.1]
	at org.springframework.beans.factory.support.DefaultSingletonBeanRegistry.destroyBean(DefaultSingletonBeanRegistry.java:668) ~[spring-beans-6.2.1.jar!/:6.2.1]
	at org.springframework.beans.factory.support.DefaultSingletonBeanRegistry.destroySingleton(DefaultSingletonBeanRegistry.java:625) ~[spring-beans-6.2.1.jar!/:6.2.1]
	at org.springframework.beans.factory.support.DefaultListableBeanFactory.destroySingleton(DefaultListableBeanFactory.java:1368) ~[spring-beans-6.2.1.jar!/:6.2.1]
	at org.springframework.beans.factory.support.DefaultSingletonBeanRegistry.destroySingletons(DefaultSingletonBeanRegistry.java:584) ~[spring-beans-6.2.1.jar!/:6.2.1]
	at org.springframework.beans.factory.support.DefaultListableBeanFactory.destroySingletons(DefaultListableBeanFactory.java:1361) ~[spring-beans-6.2.1.jar!/:6.2.1]
	at org.springframework.context.support.AbstractApplicationContext.destroyBeans(AbstractApplicationContext.java:1219) ~[spring-context-6.2.1.jar!/:6.2.1]
	at org.springframework.context.support.AbstractApplicationContext.doClose(AbstractApplicationContext.java:1180) ~[spring-context-6.2.1.jar!/:6.2.1]
	at org.springframework.boot.web.servlet.context.ServletWebServerApplicationContext.doClose(ServletWebServerApplicationContext.java:174) ~[spring-boot-3.4.1.jar!/:3.4.1]
	at org.springframework.context.support.AbstractApplicationContext.close(AbstractApplicationContext.java:1126) ~[spring-context-6.2.1.jar!/:6.2.1]
	at org.springframework.boot.SpringApplicationShutdownHook.closeAndWait(SpringApplicationShutdownHook.java:147) ~[spring-boot-3.4.1.jar!/:3.4.1]
	at java.base/java.lang.Iterable.forEach(Iterable.java:75) ~[?:?]
	at org.springframework.boot.SpringApplicationShutdownHook.run(SpringApplicationShutdownHook.java:116) ~[spring-boot-3.4.1.jar!/:3.4.1]
	at java.base/java.lang.Thread.run(Thread.java:1583) [?:?]

2026-08-21T14:48:18.194+01:00  INFO 9472 --- [schools-portal] [ionShutdownHook] c.n.d.DiscoveryClient                    : Completed shut down of DiscoveryClient
   _____      _                 _       _____           _        _
  / ____|    | |               | |     |  __ \         | |      | |
 | (___   ___| |__   ___   ___ | |___  | |__) |__  _ __| |_ __ _| |
  \___ \ / __| '_ \ / _ \ / _ \| / __| |  ___/ _ \| '__| __/ _` | |
  ____) | (__| | | | (_) | (_) | \__ \ | |  | (_) | |  | || (_| | |
 |_____/ \___|_| |_|\___/ \___/|_|___/ |_|   \___/|_|   \__\__,_|_|

schools-portal - 17.0.1
2026-08-21T14:49:50.518+01:00  INFO 6432 --- [schools-portal] [           main] u.c.c.i.s.p.ImpulseSchoolsPortal         : Starting ImpulseSchoolsPortal v17.0.1 using Java 21.0.12.1 with PID 6432 (D:\CACI\WebTier\Portals\pgTest01\impulse-schools-portal\impulse-schools-portal.war started by CYP-WEBTEST-01$ in D:\CACI\WebTier\Portals\pgTest01\impulse-schools-portal)
2026-08-21T14:49:50.708+01:00  INFO 6432 --- [schools-portal] [           main] u.c.c.i.s.p.ImpulseSchoolsPortal         : The following 2 profiles are active: "postgres", "onsite-pgTest01"
2026-08-21T14:50:04.203+01:00  INFO 6432 --- [schools-portal] [           main] o.s.c.c.s.GenericScope                   : BeanFactory id=9db2cc42-6285-36c4-922f-d5d3c94dc86a
2026-08-21T14:50:05.648+01:00  INFO 6432 --- [schools-portal] [           main] ptablePropertiesBeanFactoryPostProcessor : Post-processing PropertySource instances
2026-08-21T14:50:05.661+01:00  INFO 6432 --- [schools-portal] [           main] c.u.j.EncryptablePropertySourceConverter : Skipping PropertySource configurationProperties [class org.springframework.boot.context.properties.source.ConfigurationPropertySourcesPropertySource
2026-08-21T14:50:05.663+01:00  INFO 6432 --- [schools-portal] [           main] c.u.j.EncryptablePropertySourceConverter : Converting PropertySource commandLineArgs [org.springframework.core.env.SimpleCommandLinePropertySource] to EncryptableEnumerablePropertySourceWrapper
2026-08-21T14:50:05.663+01:00  INFO 6432 --- [schools-portal] [           main] c.u.j.EncryptablePropertySourceConverter : Skipping PropertySource servletConfigInitParams [class org.springframework.core.env.PropertySource$StubPropertySource
2026-08-21T14:50:05.663+01:00  INFO 6432 --- [schools-portal] [           main] c.u.j.EncryptablePropertySourceConverter : Skipping PropertySource servletContextInitParams [class org.springframework.core.env.PropertySource$StubPropertySource
2026-08-21T14:50:05.663+01:00  INFO 6432 --- [schools-portal] [           main] c.u.j.EncryptablePropertySourceConverter : Converting PropertySource systemProperties [org.springframework.core.env.PropertiesPropertySource] to EncryptableMapPropertySourceWrapper
2026-08-21T14:50:05.663+01:00  INFO 6432 --- [schools-portal] [           main] c.u.j.EncryptablePropertySourceConverter : Converting PropertySource systemEnvironment [org.springframework.boot.env.SystemEnvironmentPropertySourceEnvironmentPostProcessor$OriginAwareSystemEnvironmentPropertySource] to EncryptableSystemEnvironmentPropertySourceWrapper
2026-08-21T14:50:05.663+01:00  INFO 6432 --- [schools-portal] [           main] c.u.j.EncryptablePropertySourceConverter : Converting PropertySource random [org.springframework.boot.env.RandomValuePropertySource] to EncryptablePropertySourceWrapper
2026-08-21T14:50:05.682+01:00  INFO 6432 --- [schools-portal] [           main] c.u.j.EncryptablePropertySourceConverter : Converting PropertySource cachedrandom [org.springframework.cloud.util.random.CachedRandomPropertySource] to EncryptablePropertySourceWrapper
2026-08-21T14:50:05.682+01:00  INFO 6432 --- [schools-portal] [           main] c.u.j.EncryptablePropertySourceConverter : Converting PropertySource Config resource 'file [D:\CACI\WebTier\Config\Portals\pgTest01\application-postgres.yml]' via location 'file:///D:/CACI/WebTier/Config/Portals/pgTest01/' [org.springframework.boot.env.OriginTrackedMapPropertySource] to EncryptableMapPropertySourceWrapper
2026-08-21T14:50:05.682+01:00  INFO 6432 --- [schools-portal] [           main] c.u.j.EncryptablePropertySourceConverter : Converting PropertySource Config resource 'file [application-onsite-pgTest01.yml]' via location 'optional:file:./' [org.springframework.boot.env.OriginTrackedMapPropertySource] to EncryptableMapPropertySourceWrapper
2026-08-21T14:50:05.684+01:00  INFO 6432 --- [schools-portal] [           main] c.u.j.EncryptablePropertySourceConverter : Converting PropertySource Config resource 'class path resource [config/application.yml]' via location 'optional:classpath:/config/' [org.springframework.boot.env.OriginTrackedMapPropertySource] to EncryptableMapPropertySourceWrapper
2026-08-21T14:50:05.684+01:00  INFO 6432 --- [schools-portal] [           main] c.u.j.EncryptablePropertySourceConverter : Converting PropertySource springCloudClientHostInfo [org.springframework.core.env.MapPropertySource] to EncryptableMapPropertySourceWrapper
2026-08-21T14:50:05.684+01:00  INFO 6432 --- [schools-portal] [           main] c.u.j.EncryptablePropertySourceConverter : Converting PropertySource applicationInfo [org.springframework.boot.ApplicationInfoPropertySource] to EncryptableMapPropertySourceWrapper
2026-08-21T14:50:05.684+01:00  INFO 6432 --- [schools-portal] [           main] c.u.j.EncryptablePropertySourceConverter : Converting PropertySource defaultProperties [org.springframework.boot.DefaultPropertiesPropertySource] to EncryptableMapPropertySourceWrapper
2026-08-21T14:50:06.896+01:00  INFO 6432 --- [schools-portal] [           main] c.u.j.f.DefaultLazyPropertyFilter        : Property Filter custom Bean not found with name 'encryptablePropertyFilter'. Initializing Default Property Filter
2026-08-21T14:50:07.118+01:00  INFO 6432 --- [schools-portal] [           main] c.u.j.r.DefaultLazyPropertyResolver      : Property Resolver custom Bean not found with name 'encryptablePropertyResolver'. Initializing Default Property Resolver
2026-08-21T14:50:07.159+01:00  INFO 6432 --- [schools-portal] [           main] c.u.j.d.DefaultLazyPropertyDetector      : Property Detector custom Bean not found with name 'encryptablePropertyDetector'. Initializing Default Property Detector
2026-08-21T14:50:08.903+01:00  INFO 6432 --- [schools-portal] [           main] o.s.b.w.e.t.TomcatWebServer              : Tomcat initialized with port 8024 (http)
2026-08-21T14:50:11.090+01:00  INFO 6432 --- [schools-portal] [           main] w.s.c.ServletWebServerApplicationContext : Root WebApplicationContext: initialization completed in 20229 ms
2026-08-21T14:50:17.669+01:00  INFO 6432 --- [schools-portal] [           main] DiscoveryClientOptionalArgsConfiguration : Eureka HTTP Client uses RestTemplate.
2026-08-21T14:50:19.079+01:00  INFO 6432 --- [schools-portal] [           main] o.s.c.n.e.InstanceInfoFactory            : Setting initial instance status as: STARTING
2026-08-21T14:50:19.173+01:00  INFO 6432 --- [schools-portal] [           main] c.n.d.DiscoveryClient                    : Initializing Eureka in region us-east-1
2026-08-21T14:50:19.180+01:00  INFO 6432 --- [schools-portal] [           main] c.n.d.s.r.a.ConfigClusterResolver        : Resolving eureka endpoints via configuration
2026-08-21T14:50:19.234+01:00  INFO 6432 --- [schools-portal] [           main] c.n.d.DiscoveryClient                    : Disable delta property : false
2026-08-21T14:50:19.234+01:00  INFO 6432 --- [schools-portal] [           main] c.n.d.DiscoveryClient                    : Single vip registry refresh property : null
2026-08-21T14:50:19.234+01:00  INFO 6432 --- [schools-portal] [           main] c.n.d.DiscoveryClient                    : Force full registry fetch : false
2026-08-21T14:50:19.234+01:00  INFO 6432 --- [schools-portal] [           main] c.n.d.DiscoveryClient                    : Application is null : false
2026-08-21T14:50:19.236+01:00  INFO 6432 --- [schools-portal] [           main] c.n.d.DiscoveryClient                    : Registered Applications size is zero : true
2026-08-21T14:50:19.236+01:00  INFO 6432 --- [schools-portal] [           main] c.n.d.DiscoveryClient                    : Application version is -1: true
2026-08-21T14:50:19.236+01:00  INFO 6432 --- [schools-portal] [           main] c.n.d.DiscoveryClient                    : Getting all instance registry info from the eureka server
2026-08-21T14:50:24.021+01:00  INFO 6432 --- [schools-portal] [           main] c.n.d.s.t.d.RedirectingEurekaHttpClient  : Request execution error. endpoint=DefaultEndpoint{ serviceUrl='http://admin:admin@localhost:8761/eureka/}, exception=I/O error on GET request for "http://localhost:8761/eureka/apps/": Connect to http://localhost:8761 [localhost/127.0.0.1, localhost/0:0:0:0:0:0:0:1] failed: Connection refused: getsockopt stacktrace=org.springframework.web.client.ResourceAccessException: I/O error on GET request for "http://localhost:8761/eureka/apps/": Connect to http://localhost:8761 [localhost/127.0.0.1, localhost/0:0:0:0:0:0:0:1] failed: Connection refused: getsockopt
	at org.springframework.web.client.RestTemplate.createResourceAccessException(RestTemplate.java:926)
	at org.springframework.web.client.RestTemplate.doExecute(RestTemplate.java:906)
	at org.springframework.web.client.RestTemplate.execute(RestTemplate.java:841)
	at org.springframework.web.client.RestTemplate.exchange(RestTemplate.java:702)
	at org.springframework.cloud.netflix.eureka.http.RestTemplateEurekaHttpClient.getApplicationsInternal(RestTemplateEurekaHttpClient.java:174)
	at org.springframework.cloud.netflix.eureka.http.RestTemplateEurekaHttpClient.getApplications(RestTemplateEurekaHttpClient.java:162)
	at com.netflix.discovery.shared.transport.decorator.EurekaHttpClientDecorator$6.execute(EurekaHttpClientDecorator.java:137)
	at com.netflix.discovery.shared.transport.decorator.RedirectingEurekaHttpClient.executeOnNewServer(RedirectingEurekaHttpClient.java:121)
	at com.netflix.discovery.shared.transport.decorator.RedirectingEurekaHttpClient.execute(RedirectingEurekaHttpClient.java:80)
	at com.netflix.discovery.shared.transport.decorator.EurekaHttpClientDecorator.getApplications(EurekaHttpClientDecorator.java:134)
	at com.netflix.discovery.shared.transport.decorator.EurekaHttpClientDecorator$6.execute(EurekaHttpClientDecorator.java:137)
	at com.netflix.discovery.shared.transport.decorator.RetryableEurekaHttpClient.execute(RetryableEurekaHttpClient.java:120)
	at com.netflix.discovery.shared.transport.decorator.EurekaHttpClientDecorator.getApplications(EurekaHttpClientDecorator.java:134)
	at com.netflix.discovery.shared.transport.decorator.EurekaHttpClientDecorator$6.execute(EurekaHttpClientDecorator.java:137)
	at com.netflix.discovery.shared.transport.decorator.SessionedEurekaHttpClient.execute(SessionedEurekaHttpClient.java:76)
	at com.netflix.discovery.shared.transport.decorator.EurekaHttpClientDecorator.getApplications(EurekaHttpClientDecorator.java:134)
	at com.netflix.discovery.DiscoveryClient.getAndStoreFullRegistry(DiscoveryClient.java:1046)
	at com.netflix.discovery.DiscoveryClient.fetchRegistry(DiscoveryClient.java:961)
	at com.netflix.discovery.DiscoveryClient.<init>(DiscoveryClient.java:410)
	at com.netflix.discovery.DiscoveryClient.<init>(DiscoveryClient.java:245)
	at com.netflix.discovery.DiscoveryClient.<init>(DiscoveryClient.java:240)
	at org.springframework.cloud.netflix.eureka.CloudEurekaClient.<init>(CloudEurekaClient.java:68)
	at org.springframework.cloud.netflix.eureka.EurekaClientAutoConfiguration$RefreshableEurekaClientConfiguration.eurekaClient(EurekaClientAutoConfiguration.java:324)
	at java.base/jdk.internal.reflect.DirectMethodHandleAccessor.invoke(DirectMethodHandleAccessor.java:103)
	at java.base/java.lang.reflect.Method.invoke(Method.java:580)
	at org.springframework.beans.factory.support.SimpleInstantiationStrategy.lambda$instantiate$0(SimpleInstantiationStrategy.java:171)
	at org.springframework.beans.factory.support.SimpleInstantiationStrategy.instantiateWithFactoryMethod(SimpleInstantiationStrategy.java:88)
	at org.springframework.beans.factory.support.SimpleInstantiationStrategy.instantiate(SimpleInstantiationStrategy.java:168)
	at org.springframework.beans.factory.support.ConstructorResolver.instantiate(ConstructorResolver.java:653)
	at org.springframework.beans.factory.support.ConstructorResolver.instantiateUsingFactoryMethod(ConstructorResolver.java:645)
	at org.springframework.beans.factory.support.AbstractAutowireCapableBeanFactory.instantiateUsingFactoryMethod(AbstractAutowireCapableBeanFactory.java:1357)
	at org.springframework.beans.factory.support.AbstractAutowireCapableBeanFactory.createBeanInstance(AbstractAutowireCapableBeanFactory.java:1187)
	at org.springframework.beans.factory.support.AbstractAutowireCapableBeanFactory.doCreateBean(AbstractAutowireCapableBeanFactory.java:563)
	at org.springframework.beans.factory.support.AbstractAutowireCapableBeanFactory.createBean(AbstractAutowireCapableBeanFactory.java:523)
	at org.springframework.beans.factory.support.AbstractBeanFactory.lambda$doGetBean$1(AbstractBeanFactory.java:375)
	at org.springframework.cloud.context.scope.GenericScope$BeanLifecycleWrapper.getBean(GenericScope.java:375)
	at org.springframework.cloud.context.scope.GenericScope.get(GenericScope.java:179)
	at org.springframework.beans.factory.support.AbstractBeanFactory.doGetBean(AbstractBeanFactory.java:372)
	at org.springframework.beans.factory.support.AbstractBeanFactory.getBean(AbstractBeanFactory.java:199)
	at org.springframework.aop.target.SimpleBeanTargetSource.getTarget(SimpleBeanTargetSource.java:35)
	at org.springframework.aop.framework.JdkDynamicAopProxy.invoke(JdkDynamicAopProxy.java:203)
	at jdk.proxy2/jdk.proxy2.$Proxy72.getApplications(Unknown Source)
	at org.springframework.cloud.netflix.eureka.EurekaDiscoveryClient.getServices(EurekaDiscoveryClient.java:74)
	at org.springframework.cloud.client.discovery.composite.CompositeDiscoveryClient.getServices(CompositeDiscoveryClient.java:68)
	at uk.co.caci.impulse.schools.portal.RequestForwardingInterceptor.updateDiscoveredServices(RequestForwardingInterceptor.java:48)
	at uk.co.caci.impulse.schools.portal.RequestForwardingInterceptor.init(RequestForwardingInterceptor.java:64)
	at java.base/jdk.internal.reflect.DirectMethodHandleAccessor.invoke(DirectMethodHandleAccessor.java:103)
	at java.base/java.lang.reflect.Method.invoke(Method.java:580)
	at org.springframework.beans.factory.annotation.InitDestroyAnnotationBeanPostProcessor$LifecycleMethod.invoke(InitDestroyAnnotationBeanPostProcessor.java:457)
	at org.springframework.beans.factory.annotation.InitDestroyAnnotationBeanPostProcessor$LifecycleMetadata.invokeInitMethods(InitDestroyAnnotationBeanPostProcessor.java:401)
	at org.springframework.beans.factory.annotation.InitDestroyAnnotationBeanPostProcessor.postProcessBeforeInitialization(InitDestroyAnnotationBeanPostProcessor.java:219)
	at org.springframework.beans.factory.support.AbstractAutowireCapableBeanFactory.applyBeanPostProcessorsBeforeInitialization(AbstractAutowireCapableBeanFactory.java:423)
	at org.springframework.beans.factory.support.AbstractAutowireCapableBeanFactory.initializeBean(AbstractAutowireCapableBeanFactory.java:1800)
	at org.springframework.beans.factory.support.AbstractAutowireCapableBeanFactory.doCreateBean(AbstractAutowireCapableBeanFactory.java:601)
	at org.springframework.beans.factory.support.AbstractAutowireCapableBeanFactory.createBean(AbstractAutowireCapableBeanFactory.java:523)
	at org.springframework.beans.factory.support.AbstractBeanFactory.lambda$doGetBean$0(AbstractBeanFactory.java:336)
	at org.springframework.beans.factory.support.DefaultSingletonBeanRegistry.getSingleton(DefaultSingletonBeanRegistry.java:289)
	at org.springframework.beans.factory.support.AbstractBeanFactory.doGetBean(AbstractBeanFactory.java:334)
	at org.springframework.beans.factory.support.AbstractBeanFactory.getBean(AbstractBeanFactory.java:199)
	at org.springframework.beans.factory.support.DefaultListableBeanFactory.instantiateSingleton(DefaultListableBeanFactory.java:1122)
	at org.springframework.beans.factory.support.DefaultListableBeanFactory.preInstantiateSingleton(DefaultListableBeanFactory.java:1093)
	at org.springframework.beans.factory.support.DefaultListableBeanFactory.preInstantiateSingletons(DefaultListableBeanFactory.java:1030)
	at org.springframework.context.support.AbstractApplicationContext.finishBeanFactoryInitialization(AbstractApplicationContext.java:987)
	at org.springframework.context.support.AbstractApplicationContext.refresh(AbstractApplicationContext.java:627)
	at org.springframework.boot.web.servlet.context.ServletWebServerApplicationContext.refresh(ServletWebServerApplicationContext.java:146)
	at org.springframework.boot.SpringApplication.refresh(SpringApplication.java:752)
	at org.springframework.boot.SpringApplication.refreshContext(SpringApplication.java:439)
	at org.springframework.boot.SpringApplication.run(SpringApplication.java:318)
	at uk.co.caci.impulse.schools.portal.ImpulseSchoolsPortal.main(ImpulseSchoolsPortal.java:31)
	at java.base/jdk.internal.reflect.DirectMethodHandleAccessor.invoke(DirectMethodHandleAccessor.java:103)
	at java.base/java.lang.reflect.Method.invoke(Method.java:580)
	at org.springframework.boot.loader.launch.Launcher.launch(Launcher.java:106)
	at org.springframework.boot.loader.launch.Launcher.launch(Launcher.java:64)
	at org.springframework.boot.loader.launch.WarLauncher.main(WarLauncher.java:53)
Caused by: org.apache.hc.client5.http.HttpHostConnectException: Connect to http://localhost:8761 [localhost/127.0.0.1, localhost/0:0:0:0:0:0:0:1] failed: Connection refused: getsockopt
	at java.base/sun.nio.ch.Net.pollConnect(Native Method)
	at java.base/sun.nio.ch.Net.pollConnectNow(Net.java:694)
	at java.base/sun.nio.ch.NioSocketImpl.timedFinishConnect(NioSocketImpl.java:542)
	at java.base/sun.nio.ch.NioSocketImpl.connect(NioSocketImpl.java:592)
	at java.base/java.net.SocksSocketImpl.connect(SocksSocketImpl.java:327)
	at java.base/java.net.Socket.connect(Socket.java:751)
	at org.apache.hc.client5.http.impl.io.DefaultHttpClientConnectionOperator.connect(DefaultHttpClientConnectionOperator.java:216)
	at org.apache.hc.client5.http.impl.io.PoolingHttpClientConnectionManager.connect(PoolingHttpClientConnectionManager.java:490)
	at org.apache.hc.client5.http.impl.classic.InternalExecRuntime.connectEndpoint(InternalExecRuntime.java:164)
	at org.apache.hc.client5.http.impl.classic.InternalExecRuntime.connectEndpoint(InternalExecRuntime.java:174)
	at org.apache.hc.client5.http.impl.classic.ConnectExec.execute(ConnectExec.java:144)
	at org.apache.hc.client5.http.impl.classic.ExecChainElement.execute(ExecChainElement.java:51)
	at org.apache.hc.client5.http.impl.classic.ProtocolExec.execute(ProtocolExec.java:192)
	at org.apache.hc.client5.http.impl.classic.ExecChainElement.execute(ExecChainElement.java:51)
	at org.apache.hc.client5.http.impl.classic.ContentCompressionExec.execute(ContentCompressionExec.java:150)
	at org.apache.hc.client5.http.impl.classic.ExecChainElement.execute(ExecChainElement.java:51)
	at org.apache.hc.client5.http.impl.classic.HttpRequestRetryExec.execute(HttpRequestRetryExec.java:113)
	at org.apache.hc.client5.http.impl.classic.ExecChainElement.execute(ExecChainElement.java:51)
	at org.apache.hc.client5.http.impl.classic.RedirectExec.execute(RedirectExec.java:110)
	at org.apache.hc.client5.http.impl.classic.ExecChainElement.execute(ExecChainElement.java:51)
	at org.apache.hc.client5.http.impl.classic.InternalHttpClient.doExecute(InternalHttpClient.java:174)
	at org.apache.hc.client5.http.impl.classic.CloseableHttpClient.execute(CloseableHttpClient.java:87)
	at org.apache.hc.client5.http.impl.classic.CloseableHttpClient.execute(CloseableHttpClient.java:55)
	at org.apache.hc.client5.http.classic.HttpClient.executeOpen(HttpClient.java:183)
	at org.springframework.http.client.HttpComponentsClientHttpRequest.executeInternal(HttpComponentsClientHttpRequest.java:99)
	at org.springframework.http.client.AbstractStreamingClientHttpRequest.executeInternal(AbstractStreamingClientHttpRequest.java:71)
	at org.springframework.http.client.AbstractClientHttpRequest.execute(AbstractClientHttpRequest.java:81)
	at org.springframework.http.client.InterceptingClientHttpRequest$InterceptingRequestExecution.execute(InterceptingClientHttpRequest.java:117)
	at org.springframework.cloud.netflix.eureka.http.RestTemplateTransportClientFactory.lambda$restTemplate$3(RestTemplateTransportClientFactory.java:141)
	at org.springframework.http.client.InterceptingClientHttpRequest$InterceptingRequestExecution.execute(InterceptingClientHttpRequest.java:88)
	at org.springframework.http.client.support.BasicAuthenticationInterceptor.intercept(BasicAuthenticationInterceptor.java:79)
	at org.springframework.http.client.InterceptingClientHttpRequest$InterceptingRequestExecution.execute(InterceptingClientHttpRequest.java:88)
	at org.springframework.http.client.InterceptingClientHttpRequest.executeInternal(InterceptingClientHttpRequest.java:72)
	at org.springframework.http.client.AbstractBufferingClientHttpRequest.executeInternal(AbstractBufferingClientHttpRequest.java:48)
	at org.springframework.http.client.AbstractClientHttpRequest.execute(AbstractClientHttpRequest.java:81)
	at org.springframework.web.client.RestTemplate.doExecute(RestTemplate.java:900)
	... 72 more

2026-08-21T14:50:24.022+01:00  WARN 6432 --- [schools-portal] [           main] c.n.d.s.t.d.RetryableEurekaHttpClient    : Request execution failed with message: I/O error on GET request for "http://localhost:8761/eureka/apps/": Connect to http://localhost:8761 [localhost/127.0.0.1, localhost/0:0:0:0:0:0:0:1] failed: Connection refused: getsockopt
2026-08-21T14:50:24.023+01:00  INFO 6432 --- [schools-portal] [           main] c.n.d.DiscoveryClient                    : DiscoveryClient_SCHOOLS-PORTAL/CYP-WEBTEST-01.development.local:schools-portal:8024 - was unable to refresh its cache! This periodic background refresh will be retried in 30 seconds. status = Cannot execute request on any known server stacktrace = com.netflix.discovery.shared.transport.TransportException: Cannot execute request on any known server
	at com.netflix.discovery.shared.transport.decorator.RetryableEurekaHttpClient.execute(RetryableEurekaHttpClient.java:112)
	at com.netflix.discovery.shared.transport.decorator.EurekaHttpClientDecorator.getApplications(EurekaHttpClientDecorator.java:134)
	at com.netflix.discovery.shared.transport.decorator.EurekaHttpClientDecorator$6.execute(EurekaHttpClientDecorator.java:137)
	at com.netflix.discovery.shared.transport.decorator.SessionedEurekaHttpClient.execute(SessionedEurekaHttpClient.java:76)
	at com.netflix.discovery.shared.transport.decorator.EurekaHttpClientDecorator.getApplications(EurekaHttpClientDecorator.java:134)
	at com.netflix.discovery.DiscoveryClient.getAndStoreFullRegistry(DiscoveryClient.java:1046)
	at com.netflix.discovery.DiscoveryClient.fetchRegistry(DiscoveryClient.java:961)
	at com.netflix.discovery.DiscoveryClient.<init>(DiscoveryClient.java:410)
	at com.netflix.discovery.DiscoveryClient.<init>(DiscoveryClient.java:245)
	at com.netflix.discovery.DiscoveryClient.<init>(DiscoveryClient.java:240)
	at org.springframework.cloud.netflix.eureka.CloudEurekaClient.<init>(CloudEurekaClient.java:68)
	at org.springframework.cloud.netflix.eureka.EurekaClientAutoConfiguration$RefreshableEurekaClientConfiguration.eurekaClient(EurekaClientAutoConfiguration.java:324)
	at java.base/jdk.internal.reflect.DirectMethodHandleAccessor.invoke(DirectMethodHandleAccessor.java:103)
	at java.base/java.lang.reflect.Method.invoke(Method.java:580)
	at org.springframework.beans.factory.support.SimpleInstantiationStrategy.lambda$instantiate$0(SimpleInstantiationStrategy.java:171)
	at org.springframework.beans.factory.support.SimpleInstantiationStrategy.instantiateWithFactoryMethod(SimpleInstantiationStrategy.java:88)
	at org.springframework.beans.factory.support.SimpleInstantiationStrategy.instantiate(SimpleInstantiationStrategy.java:168)
	at org.springframework.beans.factory.support.ConstructorResolver.instantiate(ConstructorResolver.java:653)
	at org.springframework.beans.factory.support.ConstructorResolver.instantiateUsingFactoryMethod(ConstructorResolver.java:645)
	at org.springframework.beans.factory.support.AbstractAutowireCapableBeanFactory.instantiateUsingFactoryMethod(AbstractAutowireCapableBeanFactory.java:1357)
	at org.springframework.beans.factory.support.AbstractAutowireCapableBeanFactory.createBeanInstance(AbstractAutowireCapableBeanFactory.java:1187)
	at org.springframework.beans.factory.support.AbstractAutowireCapableBeanFactory.doCreateBean(AbstractAutowireCapableBeanFactory.java:563)
	at org.springframework.beans.factory.support.AbstractAutowireCapableBeanFactory.createBean(AbstractAutowireCapableBeanFactory.java:523)
	at org.springframework.beans.factory.support.AbstractBeanFactory.lambda$doGetBean$1(AbstractBeanFactory.java:375)
	at org.springframework.cloud.context.scope.GenericScope$BeanLifecycleWrapper.getBean(GenericScope.java:375)
	at org.springframework.cloud.context.scope.GenericScope.get(GenericScope.java:179)
	at org.springframework.beans.factory.support.AbstractBeanFactory.doGetBean(AbstractBeanFactory.java:372)
	at org.springframework.beans.factory.support.AbstractBeanFactory.getBean(AbstractBeanFactory.java:199)
	at org.springframework.aop.target.SimpleBeanTargetSource.getTarget(SimpleBeanTargetSource.java:35)
	at org.springframework.aop.framework.JdkDynamicAopProxy.invoke(JdkDynamicAopProxy.java:203)
	at jdk.proxy2/jdk.proxy2.$Proxy72.getApplications(Unknown Source)
	at org.springframework.cloud.netflix.eureka.EurekaDiscoveryClient.getServices(EurekaDiscoveryClient.java:74)
	at org.springframework.cloud.client.discovery.composite.CompositeDiscoveryClient.getServices(CompositeDiscoveryClient.java:68)
	at uk.co.caci.impulse.schools.portal.RequestForwardingInterceptor.updateDiscoveredServices(RequestForwardingInterceptor.java:48)
	at uk.co.caci.impulse.schools.portal.RequestForwardingInterceptor.init(RequestForwardingInterceptor.java:64)
	at java.base/jdk.internal.reflect.DirectMethodHandleAccessor.invoke(DirectMethodHandleAccessor.java:103)
	at java.base/java.lang.reflect.Method.invoke(Method.java:580)
	at org.springframework.beans.factory.annotation.InitDestroyAnnotationBeanPostProcessor$LifecycleMethod.invoke(InitDestroyAnnotationBeanPostProcessor.java:457)
	at org.springframework.beans.factory.annotation.InitDestroyAnnotationBeanPostProcessor$LifecycleMetadata.invokeInitMethods(InitDestroyAnnotationBeanPostProcessor.java:401)
	at org.springframework.beans.factory.annotation.InitDestroyAnnotationBeanPostProcessor.postProcessBeforeInitialization(InitDestroyAnnotationBeanPostProcessor.java:219)
	at org.springframework.beans.factory.support.AbstractAutowireCapableBeanFactory.applyBeanPostProcessorsBeforeInitialization(AbstractAutowireCapableBeanFactory.java:423)
	at org.springframework.beans.factory.support.AbstractAutowireCapableBeanFactory.initializeBean(AbstractAutowireCapableBeanFactory.java:1800)
	at org.springframework.beans.factory.support.AbstractAutowireCapableBeanFactory.doCreateBean(AbstractAutowireCapableBeanFactory.java:601)
	at org.springframework.beans.factory.support.AbstractAutowireCapableBeanFactory.createBean(AbstractAutowireCapableBeanFactory.java:523)
	at org.springframework.beans.factory.support.AbstractBeanFactory.lambda$doGetBean$0(AbstractBeanFactory.java:336)
	at org.springframework.beans.factory.support.DefaultSingletonBeanRegistry.getSingleton(DefaultSingletonBeanRegistry.java:289)
	at org.springframework.beans.factory.support.AbstractBeanFactory.doGetBean(AbstractBeanFactory.java:334)
	at org.springframework.beans.factory.support.AbstractBeanFactory.getBean(AbstractBeanFactory.java:199)
	at org.springframework.beans.factory.support.DefaultListableBeanFactory.instantiateSingleton(DefaultListableBeanFactory.java:1122)
	at org.springframework.beans.factory.support.DefaultListableBeanFactory.preInstantiateSingleton(DefaultListableBeanFactory.java:1093)
	at org.springframework.beans.factory.support.DefaultListableBeanFactory.preInstantiateSingletons(DefaultListableBeanFactory.java:1030)
	at org.springframework.context.support.AbstractApplicationContext.finishBeanFactoryInitialization(AbstractApplicationContext.java:987)
	at org.springframework.context.support.AbstractApplicationContext.refresh(AbstractApplicationContext.java:627)
	at org.springframework.boot.web.servlet.context.ServletWebServerApplicationContext.refresh(ServletWebServerApplicationContext.java:146)
	at org.springframework.boot.SpringApplication.refresh(SpringApplication.java:752)
	at org.springframework.boot.SpringApplication.refreshContext(SpringApplication.java:439)
	at org.springframework.boot.SpringApplication.run(SpringApplication.java:318)
	at uk.co.caci.impulse.schools.portal.ImpulseSchoolsPortal.main(ImpulseSchoolsPortal.java:31)
	at java.base/jdk.internal.reflect.DirectMethodHandleAccessor.invoke(DirectMethodHandleAccessor.java:103)
	at java.base/java.lang.reflect.Method.invoke(Method.java:580)
	at org.springframework.boot.loader.launch.Launcher.launch(Launcher.java:106)
	at org.springframework.boot.loader.launch.Launcher.launch(Launcher.java:64)
	at org.springframework.boot.loader.launch.WarLauncher.main(WarLauncher.java:53)

2026-08-21T14:50:24.024+01:00  INFO 6432 --- [schools-portal] [           main] c.n.d.DiscoveryClient                    : Initial registry fetch from primary servers failed
2026-08-21T14:50:24.024+01:00  WARN 6432 --- [schools-portal] [           main] c.n.d.DiscoveryClient                    : Using default backup registry implementation which does not do anything.
2026-08-21T14:50:24.025+01:00  INFO 6432 --- [schools-portal] [           main] c.n.d.DiscoveryClient                    : Initial registry fetch from backup servers failed
2026-08-21T14:50:24.026+01:00  INFO 6432 --- [schools-portal] [           main] c.n.d.DiscoveryClient                    : Starting heartbeat executor: renew interval is: 30
2026-08-21T14:50:24.029+01:00  INFO 6432 --- [schools-portal] [           main] c.n.d.InstanceInfoReplicator             : InstanceInfoReplicator onDemand update allowed rate per min is 4
2026-08-21T14:50:24.031+01:00  INFO 6432 --- [schools-portal] [           main] c.n.d.DiscoveryClient                    : Discovery Client initialized at timestamp 1787320224031 with initial instances count: 0
2026-08-21T14:50:25.549+01:00  INFO 6432 --- [schools-portal] [           main] o.s.b.a.w.s.WelcomePageHandlerMapping    : Adding welcome page: ServletContext resource [/index.html]
2026-08-21T14:50:27.846+01:00  WARN 6432 --- [schools-portal] [           main] iguration$LoadBalancerCaffeineWarnLogger : Spring Cloud LoadBalancer is currently working with the default cache. While this cache implementation is useful for development and tests, it's recommended to use Caffeine cache in production.You can switch to using Caffeine cache, by adding it and org.springframework.cache.caffeine.CaffeineCacheManager to the classpath.
2026-08-21T14:50:27.874+01:00  INFO 6432 --- [schools-portal] [           main] o.s.c.n.e.s.EurekaServiceRegistry        : Registering application SCHOOLS-PORTAL with eureka with status UP
2026-08-21T14:50:27.876+01:00  INFO 6432 --- [schools-portal] [           main] c.n.d.DiscoveryClient                    : Saw local status change event StatusChangeEvent [timestamp=1787320227875, current=UP, previous=STARTING]
2026-08-21T14:50:27.878+01:00  INFO 6432 --- [schools-portal] [foReplicator-%d] c.n.d.DiscoveryClient                    : DiscoveryClient_SCHOOLS-PORTAL/CYP-WEBTEST-01.development.local:schools-portal:8024: registering service...
2026-08-21T14:50:28.238+01:00  INFO 6432 --- [schools-portal] [foReplicator-%d] c.n.d.s.t.d.RedirectingEurekaHttpClient  : Request execution error. endpoint=DefaultEndpoint{ serviceUrl='http://admin:admin@localhost:8761/eureka/}, exception=I/O error on POST request for "http://localhost:8761/eureka/apps/SCHOOLS-PORTAL": Connect to http://localhost:8761 [localhost/127.0.0.1, localhost/0:0:0:0:0:0:0:1] failed: Connection refused: getsockopt stacktrace=org.springframework.web.client.ResourceAccessException: I/O error on POST request for "http://localhost:8761/eureka/apps/SCHOOLS-PORTAL": Connect to http://localhost:8761 [localhost/127.0.0.1, localhost/0:0:0:0:0:0:0:1] failed: Connection refused: getsockopt
	at org.springframework.web.client.RestTemplate.createResourceAccessException(RestTemplate.java:926)
	at org.springframework.web.client.RestTemplate.doExecute(RestTemplate.java:906)
	at org.springframework.web.client.RestTemplate.execute(RestTemplate.java:841)
	at org.springframework.web.client.RestTemplate.exchange(RestTemplate.java:702)
	at org.springframework.cloud.netflix.eureka.http.RestTemplateEurekaHttpClient.register(RestTemplateEurekaHttpClient.java:87)
	at com.netflix.discovery.shared.transport.decorator.EurekaHttpClientDecorator$1.execute(EurekaHttpClientDecorator.java:59)
	at com.netflix.discovery.shared.transport.decorator.RedirectingEurekaHttpClient.executeOnNewServer(RedirectingEurekaHttpClient.java:121)
	at com.netflix.discovery.shared.transport.decorator.RedirectingEurekaHttpClient.execute(RedirectingEurekaHttpClient.java:80)
	at com.netflix.discovery.shared.transport.decorator.EurekaHttpClientDecorator.register(EurekaHttpClientDecorator.java:56)
	at com.netflix.discovery.shared.transport.decorator.EurekaHttpClientDecorator$1.execute(EurekaHttpClientDecorator.java:59)
	at com.netflix.discovery.shared.transport.decorator.RetryableEurekaHttpClient.execute(RetryableEurekaHttpClient.java:120)
	at com.netflix.discovery.shared.transport.decorator.EurekaHttpClientDecorator.register(EurekaHttpClientDecorator.java:56)
	at com.netflix.discovery.shared.transport.decorator.EurekaHttpClientDecorator$1.execute(EurekaHttpClientDecorator.java:59)
	at com.netflix.discovery.shared.transport.decorator.SessionedEurekaHttpClient.execute(SessionedEurekaHttpClient.java:76)
	at com.netflix.discovery.shared.transport.decorator.EurekaHttpClientDecorator.register(EurekaHttpClientDecorator.java:56)
	at com.netflix.discovery.DiscoveryClient.register(DiscoveryClient.java:828)
	at com.netflix.discovery.InstanceInfoReplicator.run(InstanceInfoReplicator.java:125)
	at com.netflix.discovery.InstanceInfoReplicator$2.run(InstanceInfoReplicator.java:105)
	at java.base/java.util.concurrent.Executors$RunnableAdapter.call(Executors.java:572)
	at java.base/java.util.concurrent.FutureTask.run(FutureTask.java:317)
	at java.base/java.util.concurrent.ScheduledThreadPoolExecutor$ScheduledFutureTask.run(ScheduledThreadPoolExecutor.java:304)
	at java.base/java.util.concurrent.ThreadPoolExecutor.runWorker(ThreadPoolExecutor.java:1144)
	at java.base/java.util.concurrent.ThreadPoolExecutor$Worker.run(ThreadPoolExecutor.java:642)
	at java.base/java.lang.Thread.run(Thread.java:1583)
Caused by: org.apache.hc.client5.http.HttpHostConnectException: Connect to http://localhost:8761 [localhost/127.0.0.1, localhost/0:0:0:0:0:0:0:1] failed: Connection refused: getsockopt
	at java.base/sun.nio.ch.Net.pollConnect(Native Method)
	at java.base/sun.nio.ch.Net.pollConnectNow(Net.java:694)
	at java.base/sun.nio.ch.NioSocketImpl.timedFinishConnect(NioSocketImpl.java:542)
	at java.base/sun.nio.ch.NioSocketImpl.connect(NioSocketImpl.java:592)
	at java.base/java.net.SocksSocketImpl.connect(SocksSocketImpl.java:327)
	at java.base/java.net.Socket.connect(Socket.java:751)
	at org.apache.hc.client5.http.impl.io.DefaultHttpClientConnectionOperator.connect(DefaultHttpClientConnectionOperator.java:216)
	at org.apache.hc.client5.http.impl.io.PoolingHttpClientConnectionManager.connect(PoolingHttpClientConnectionManager.java:490)
	at org.apache.hc.client5.http.impl.classic.InternalExecRuntime.connectEndpoint(InternalExecRuntime.java:164)
	at org.apache.hc.client5.http.impl.classic.InternalExecRuntime.connectEndpoint(InternalExecRuntime.java:174)
	at org.apache.hc.client5.http.impl.classic.ConnectExec.execute(ConnectExec.java:144)
	at org.apache.hc.client5.http.impl.classic.ExecChainElement.execute(ExecChainElement.java:51)
	at org.apache.hc.client5.http.impl.classic.ProtocolExec.execute(ProtocolExec.java:192)
	at org.apache.hc.client5.http.impl.classic.ExecChainElement.execute(ExecChainElement.java:51)
	at org.apache.hc.client5.http.impl.classic.ContentCompressionExec.execute(ContentCompressionExec.java:150)
	at org.apache.hc.client5.http.impl.classic.ExecChainElement.execute(ExecChainElement.java:51)
	at org.apache.hc.client5.http.impl.classic.HttpRequestRetryExec.execute(HttpRequestRetryExec.java:113)
	at org.apache.hc.client5.http.impl.classic.ExecChainElement.execute(ExecChainElement.java:51)
	at org.apache.hc.client5.http.impl.classic.RedirectExec.execute(RedirectExec.java:110)
	at org.apache.hc.client5.http.impl.classic.ExecChainElement.execute(ExecChainElement.java:51)
	at org.apache.hc.client5.http.impl.classic.InternalHttpClient.doExecute(InternalHttpClient.java:174)
	at org.apache.hc.client5.http.impl.classic.CloseableHttpClient.execute(CloseableHttpClient.java:87)
	at org.apache.hc.client5.http.impl.classic.CloseableHttpClient.execute(CloseableHttpClient.java:55)
	at org.apache.hc.client5.http.classic.HttpClient.executeOpen(HttpClient.java:183)
	at org.springframework.http.client.HttpComponentsClientHttpRequest.executeInternal(HttpComponentsClientHttpRequest.java:99)
	at org.springframework.http.client.AbstractStreamingClientHttpRequest.executeInternal(AbstractStreamingClientHttpRequest.java:71)
	at org.springframework.http.client.AbstractClientHttpRequest.execute(AbstractClientHttpRequest.java:81)
	at org.springframework.http.client.InterceptingClientHttpRequest$InterceptingRequestExecution.execute(InterceptingClientHttpRequest.java:117)
	at org.springframework.cloud.netflix.eureka.http.RestTemplateTransportClientFactory.lambda$restTemplate$3(RestTemplateTransportClientFactory.java:141)
	at org.springframework.http.client.InterceptingClientHttpRequest$InterceptingRequestExecution.execute(InterceptingClientHttpRequest.java:88)
	at org.springframework.http.client.support.BasicAuthenticationInterceptor.intercept(BasicAuthenticationInterceptor.java:79)
	at org.springframework.http.client.InterceptingClientHttpRequest$InterceptingRequestExecution.execute(InterceptingClientHttpRequest.java:88)
	at org.springframework.http.client.InterceptingClientHttpRequest.executeInternal(InterceptingClientHttpRequest.java:72)
	at org.springframework.http.client.AbstractBufferingClientHttpRequest.executeInternal(AbstractBufferingClientHttpRequest.java:48)
	at org.springframework.http.client.AbstractClientHttpRequest.execute(AbstractClientHttpRequest.java:81)
	at org.springframework.web.client.RestTemplate.doExecute(RestTemplate.java:900)
	... 22 more

2026-08-21T14:50:28.239+01:00  WARN 6432 --- [schools-portal] [foReplicator-%d] c.n.d.s.t.d.RetryableEurekaHttpClient    : Request execution failed with message: I/O error on POST request for "http://localhost:8761/eureka/apps/SCHOOLS-PORTAL": Connect to http://localhost:8761 [localhost/127.0.0.1, localhost/0:0:0:0:0:0:0:1] failed: Connection refused: getsockopt
2026-08-21T14:50:28.239+01:00  WARN 6432 --- [schools-portal] [foReplicator-%d] c.n.d.DiscoveryClient                    : DiscoveryClient_SCHOOLS-PORTAL/CYP-WEBTEST-01.development.local:schools-portal:8024 - registration failed Cannot execute request on any known server

com.netflix.discovery.shared.transport.TransportException: Cannot execute request on any known server
	at com.netflix.discovery.shared.transport.decorator.RetryableEurekaHttpClient.execute(RetryableEurekaHttpClient.java:112) ~[eureka-client-2.0.4.jar!/:2.0.4]
	at com.netflix.discovery.shared.transport.decorator.EurekaHttpClientDecorator.register(EurekaHttpClientDecorator.java:56) ~[eureka-client-2.0.4.jar!/:2.0.4]
	at com.netflix.discovery.shared.transport.decorator.EurekaHttpClientDecorator$1.execute(EurekaHttpClientDecorator.java:59) ~[eureka-client-2.0.4.jar!/:2.0.4]
	at com.netflix.discovery.shared.transport.decorator.SessionedEurekaHttpClient.execute(SessionedEurekaHttpClient.java:76) ~[eureka-client-2.0.4.jar!/:2.0.4]
	at com.netflix.discovery.shared.transport.decorator.EurekaHttpClientDecorator.register(EurekaHttpClientDecorator.java:56) ~[eureka-client-2.0.4.jar!/:2.0.4]
	at com.netflix.discovery.DiscoveryClient.register(DiscoveryClient.java:828) ~[eureka-client-2.0.4.jar!/:2.0.4]
	at com.netflix.discovery.InstanceInfoReplicator.run(InstanceInfoReplicator.java:125) ~[eureka-client-2.0.4.jar!/:2.0.4]
	at com.netflix.discovery.InstanceInfoReplicator$2.run(InstanceInfoReplicator.java:105) ~[eureka-client-2.0.4.jar!/:2.0.4]
	at java.base/java.util.concurrent.Executors$RunnableAdapter.call(Executors.java:572) ~[?:?]
	at java.base/java.util.concurrent.FutureTask.run(FutureTask.java:317) ~[?:?]
	at java.base/java.util.concurrent.ScheduledThreadPoolExecutor$ScheduledFutureTask.run(ScheduledThreadPoolExecutor.java:304) ~[?:?]
	at java.base/java.util.concurrent.ThreadPoolExecutor.runWorker(ThreadPoolExecutor.java:1144) ~[?:?]
	at java.base/java.util.concurrent.ThreadPoolExecutor$Worker.run(ThreadPoolExecutor.java:642) ~[?:?]
	at java.base/java.lang.Thread.run(Thread.java:1583) [?:?]

2026-08-21T14:50:28.277+01:00  WARN 6432 --- [schools-portal] [foReplicator-%d] c.n.d.InstanceInfoReplicator             : There was a problem with the instance info replicator

com.netflix.discovery.shared.transport.TransportException: Cannot execute request on any known server
	at com.netflix.discovery.shared.transport.decorator.RetryableEurekaHttpClient.execute(RetryableEurekaHttpClient.java:112) ~[eureka-client-2.0.4.jar!/:2.0.4]
	at com.netflix.discovery.shared.transport.decorator.EurekaHttpClientDecorator.register(EurekaHttpClientDecorator.java:56) ~[eureka-client-2.0.4.jar!/:2.0.4]
	at com.netflix.discovery.shared.transport.decorator.EurekaHttpClientDecorator$1.execute(EurekaHttpClientDecorator.java:59) ~[eureka-client-2.0.4.jar!/:2.0.4]
	at com.netflix.discovery.shared.transport.decorator.SessionedEurekaHttpClient.execute(SessionedEurekaHttpClient.java:76) ~[eureka-client-2.0.4.jar!/:2.0.4]
	at com.netflix.discovery.shared.transport.decorator.EurekaHttpClientDecorator.register(EurekaHttpClientDecorator.java:56) ~[eureka-client-2.0.4.jar!/:2.0.4]
	at com.netflix.discovery.DiscoveryClient.register(DiscoveryClient.java:828) ~[eureka-client-2.0.4.jar!/:2.0.4]
	at com.netflix.discovery.InstanceInfoReplicator.run(InstanceInfoReplicator.java:125) ~[eureka-client-2.0.4.jar!/:2.0.4]
	at com.netflix.discovery.InstanceInfoReplicator$2.run(InstanceInfoReplicator.java:105) ~[eureka-client-2.0.4.jar!/:2.0.4]
	at java.base/java.util.concurrent.Executors$RunnableAdapter.call(Executors.java:572) ~[?:?]
	at java.base/java.util.concurrent.FutureTask.run(FutureTask.java:317) ~[?:?]
	at java.base/java.util.concurrent.ScheduledThreadPoolExecutor$ScheduledFutureTask.run(ScheduledThreadPoolExecutor.java:304) ~[?:?]
	at java.base/java.util.concurrent.ThreadPoolExecutor.runWorker(ThreadPoolExecutor.java:1144) ~[?:?]
	at java.base/java.util.concurrent.ThreadPoolExecutor$Worker.run(ThreadPoolExecutor.java:642) ~[?:?]
	at java.base/java.lang.Thread.run(Thread.java:1583) [?:?]

2026-08-21T14:50:28.346+01:00  INFO 6432 --- [schools-portal] [           main] o.s.b.w.e.t.TomcatWebServer              : Tomcat started on port 8024 (http) with context path '/'
2026-08-21T14:50:28.449+01:00  INFO 6432 --- [schools-portal] [           main] .s.c.n.e.s.EurekaAutoServiceRegistration : Updating port to 8024
2026-08-21T14:50:28.450+01:00  INFO 6432 --- [schools-portal] [           main] u.j.c.RefreshScopeRefreshedEventListener : Refreshing cached encryptable property sources on ServletWebServerInitializedEvent
2026-08-21T14:50:28.460+01:00  INFO 6432 --- [schools-portal] [           main] CachingDelegateEncryptablePropertySource : Property Source commandLineArgs refreshed
2026-08-21T14:50:28.461+01:00  INFO 6432 --- [schools-portal] [           main] CachingDelegateEncryptablePropertySource : Property Source systemProperties refreshed
2026-08-21T14:50:28.461+01:00  INFO 6432 --- [schools-portal] [           main] CachingDelegateEncryptablePropertySource : Property Source systemEnvironment refreshed
2026-08-21T14:50:28.461+01:00  INFO 6432 --- [schools-portal] [           main] CachingDelegateEncryptablePropertySource : Property Source random refreshed
2026-08-21T14:50:28.463+01:00  INFO 6432 --- [schools-portal] [           main] CachingDelegateEncryptablePropertySource : Property Source cachedrandom refreshed
2026-08-21T14:50:28.475+01:00  INFO 6432 --- [schools-portal] [           main] CachingDelegateEncryptablePropertySource : Property Source Config resource 'file [D:\CACI\WebTier\Config\Portals\pgTest01\application-postgres.yml]' via location 'file:///D:/CACI/WebTier/Config/Portals/pgTest01/' refreshed
2026-08-21T14:50:28.475+01:00  INFO 6432 --- [schools-portal] [           main] CachingDelegateEncryptablePropertySource : Property Source Config resource 'file [application-onsite-pgTest01.yml]' via location 'optional:file:./' refreshed
2026-08-21T14:50:28.497+01:00  INFO 6432 --- [schools-portal] [           main] CachingDelegateEncryptablePropertySource : Property Source Config resource 'class path resource [config/application.yml]' via location 'optional:classpath:/config/' refreshed
2026-08-21T14:50:28.504+01:00  INFO 6432 --- [schools-portal] [           main] CachingDelegateEncryptablePropertySource : Property Source springCloudClientHostInfo refreshed
2026-08-21T14:50:28.671+01:00  INFO 6432 --- [schools-portal] [           main] CachingDelegateEncryptablePropertySource : Property Source applicationInfo refreshed
2026-08-21T14:50:28.671+01:00  INFO 6432 --- [schools-portal] [           main] CachingDelegateEncryptablePropertySource : Property Source defaultProperties refreshed
2026-08-21T14:50:28.672+01:00  INFO 6432 --- [schools-portal] [           main] c.u.j.EncryptablePropertySourceConverter : Skipping PropertySource configurationProperties [class org.springframework.boot.context.properties.source.ConfigurationPropertySourcesPropertySource
2026-08-21T14:50:28.672+01:00  INFO 6432 --- [schools-portal] [           main] c.u.j.EncryptablePropertySourceConverter : Skipping PropertySource servletConfigInitParams [class org.springframework.core.env.PropertySource$StubPropertySource
2026-08-21T14:50:28.672+01:00  INFO 6432 --- [schools-portal] [           main] c.u.j.EncryptablePropertySourceConverter : Converting PropertySource servletContextInitParams [org.springframework.web.context.support.ServletContextPropertySource] to EncryptableEnumerablePropertySourceWrapper
2026-08-21T14:50:29.464+01:00  INFO 6432 --- [schools-portal] [           main] u.c.c.i.s.p.ImpulseSchoolsPortal         : Started ImpulseSchoolsPortal in 46.803 seconds (process running for 55.865)
2026-08-21T14:50:29.502+01:00  INFO 6432 --- [schools-portal] [           main] u.c.c.i.s.p.ImpulseSchoolsPortal         : 
----------------------------------------------------------
	Application 'schools-portal' is running! Access URLs:
	Local: http://localhost:8024
	External: http://10.102.18.72:8024
	Profile(s): [postgres, onsite-pgTest01]
----------------------------------------------------------
2026-08-21T14:50:54.040+01:00  INFO 6432 --- [schools-portal] [reshExecutor-%d] c.n.d.DiscoveryClient                    : Disable delta property : false
2026-08-21T14:50:54.049+01:00  INFO 6432 --- [schools-portal] [reshExecutor-%d] c.n.d.DiscoveryClient                    : Single vip registry refresh property : null
2026-08-21T14:50:54.049+01:00  INFO 6432 --- [schools-portal] [reshExecutor-%d] c.n.d.DiscoveryClient                    : Force full registry fetch : false
2026-08-21T14:50:54.050+01:00  INFO 6432 --- [schools-portal] [reshExecutor-%d] c.n.d.DiscoveryClient                    : Application is null : false
2026-08-21T14:50:54.050+01:00  INFO 6432 --- [schools-portal] [reshExecutor-%d] c.n.d.DiscoveryClient                    : Registered Applications size is zero : true
2026-08-21T14:50:54.050+01:00  INFO 6432 --- [schools-portal] [reshExecutor-%d] c.n.d.DiscoveryClient                    : Application version is -1: true
2026-08-21T14:50:54.050+01:00  INFO 6432 --- [schools-portal] [reshExecutor-%d] c.n.d.DiscoveryClient                    : Getting all instance registry info from the eureka server
2026-08-21T14:50:54.368+01:00  INFO 6432 --- [schools-portal] [beatExecutor-%d] c.n.d.DiscoveryClient                    : DiscoveryClient_SCHOOLS-PORTAL/CYP-WEBTEST-01.development.local:schools-portal:8024 - Re-registering apps/SCHOOLS-PORTAL
2026-08-21T14:50:54.368+01:00  INFO 6432 --- [schools-portal] [beatExecutor-%d] c.n.d.DiscoveryClient                    : DiscoveryClient_SCHOOLS-PORTAL/CYP-WEBTEST-01.development.local:schools-portal:8024: registering service...
2026-08-21T14:50:54.427+01:00  INFO 6432 --- [schools-portal] [reshExecutor-%d] c.n.d.DiscoveryClient                    : The response status is 200
2026-08-21T14:50:54.570+01:00  INFO 6432 --- [schools-portal] [beatExecutor-%d] c.n.d.DiscoveryClient                    : DiscoveryClient_SCHOOLS-PORTAL/CYP-WEBTEST-01.development.local:schools-portal:8024 - registration status: 204
2026-08-21T14:51:24.430+01:00  INFO 6432 --- [schools-portal] [reshExecutor-%d] c.n.d.DiscoveryClient                    : Disable delta property : false
2026-08-21T14:51:24.431+01:00  INFO 6432 --- [schools-portal] [reshExecutor-%d] c.n.d.DiscoveryClient                    : Single vip registry refresh property : null
2026-08-21T14:51:24.431+01:00  INFO 6432 --- [schools-portal] [reshExecutor-%d] c.n.d.DiscoveryClient                    : Force full registry fetch : false
2026-08-21T14:51:24.431+01:00  INFO 6432 --- [schools-portal] [reshExecutor-%d] c.n.d.DiscoveryClient                    : Application is null : false
2026-08-21T14:51:24.431+01:00  INFO 6432 --- [schools-portal] [reshExecutor-%d] c.n.d.DiscoveryClient                    : Registered Applications size is zero : true
2026-08-21T14:51:24.431+01:00  INFO 6432 --- [schools-portal] [reshExecutor-%d] c.n.d.DiscoveryClient                    : Application version is -1: false
2026-08-21T14:51:24.431+01:00  INFO 6432 --- [schools-portal] [reshExecutor-%d] c.n.d.DiscoveryClient                    : Getting all instance registry info from the eureka server
2026-08-21T14:51:24.549+01:00  INFO 6432 --- [schools-portal] [reshExecutor-%d] c.n.d.DiscoveryClient                    : The response status is 200
2026-08-21T14:55:19.249+01:00  INFO 6432 --- [schools-portal] [rap-executor-%d] c.n.d.s.r.a.ConfigClusterResolver        : Resolving eureka endpoints via configuration
2026-08-21T14:55:28.205+01:00  INFO 6432 --- [schools-portal] [nio-8024-exec-1] o.s.w.s.DispatcherServlet                : Initializing Servlet 'dispatcherServlet'
2026-08-21T14:55:28.207+01:00  INFO 6432 --- [schools-portal] [nio-8024-exec-1] o.s.w.s.DispatcherServlet                : Completed initialization in 2 ms
2026-08-21T14:55:28.449+01:00 ERROR 6432 --- [schools-portal] [nio-8024-exec-1] u.c.c.i.s.p.RequestForwardingInterceptor : A request has been failed from service: impulseservices/api/authenticateMFA : {"message":"Unable to authenticate with these details, please contact your administrator.","timestamp":"2026-08-21T14:55:28.4305047","status":500,"path":"/api/authenticateMFA"} 
2026-08-21T14:55:33.325+01:00 ERROR 6432 --- [schools-portal] [nio-8024-exec-2] u.c.c.i.s.p.RequestForwardingInterceptor : A request has been failed from service: impulseservices/api/authenticateMFA : {"message":"Unable to authenticate with these details, please contact your administrator.","timestamp":"2026-08-21T14:55:33.3239603","status":500,"path":"/api/authenticateMFA"} 
2026-08-21T14:55:34.952+01:00 ERROR 6432 --- [schools-portal] [nio-8024-exec-3] u.c.c.i.s.p.RequestForwardingInterceptor : A request has been failed from service: impulseservices/api/authenticateMFA : {"message":"Unable to authenticate with these details, please contact your administrator.","timestamp":"2026-08-21T14:55:34.9507174","status":500,"path":"/api/authenticateMFA"} 
2026-08-21T14:55:43.949+01:00 ERROR 6432 --- [schools-portal] [nio-8024-exec-4] u.c.c.i.s.p.RequestForwardingInterceptor : A request has been failed from service: impulseservices/api/authenticateMFA : {"message":"Error logging for user lpdportal ","timestamp":"2026-08-21T14:55:43.9466201","status":500,"path":"/api/authenticateMFA"} 
2026-08-21T14:55:45.205+01:00 ERROR 6432 --- [schools-portal] [nio-8024-exec-5] u.c.c.i.s.p.RequestForwardingInterceptor : A request has been failed from service: impulseservices/api/authenticateMFA : {"message":"Error logging for user lpdportal ","timestamp":"2026-08-21T14:55:45.2032133","status":500,"path":"/api/authenticateMFA"} 
2026-08-21T14:57:04.667+01:00 ERROR 6432 --- [schools-portal] [nio-8024-exec-6] u.c.c.i.s.p.RequestForwardingInterceptor : A request has been failed from service: impulseservices/api/authenticateMFA : {"message":"Unable to authenticate with these details, please contact your administrator.","timestamp":"2026-08-21T14:57:04.6652638","status":500,"path":"/api/authenticateMFA"} 
2026-08-21T15:00:19.254+01:00  INFO 6432 --- [schools-portal] [rap-executor-%d] c.n.d.s.r.a.ConfigClusterResolver        : Resolving eureka endpoints via configuration
2026-08-21T15:05:19.259+01:00  INFO 6432 --- [schools-portal] [rap-executor-%d] c.n.d.s.r.a.ConfigClusterResolver        : Resolving eureka endpoints via configuration
2026-08-21T15:10:19.264+01:00  INFO 6432 --- [schools-portal] [rap-executor-%d] c.n.d.s.r.a.ConfigClusterResolver        : Resolving eureka endpoints via configuration
2026-08-21T15:15:19.268+01:00  INFO 6432 --- [schools-portal] [rap-executor-%d] c.n.d.s.r.a.ConfigClusterResolver        : Resolving eureka endpoints via configuration
2026-08-21T15:20:19.270+01:00  INFO 6432 --- [schools-portal] [rap-executor-%d] c.n.d.s.r.a.ConfigClusterResolver        : Resolving eureka endpoints via configuration
2026-08-21T15:25:19.274+01:00  INFO 6432 --- [schools-portal] [rap-executor-%d] c.n.d.s.r.a.ConfigClusterResolver        : Resolving eureka endpoints via configuration
2026-08-21T15:30:19.279+01:00  INFO 6432 --- [schools-portal] [rap-executor-%d] c.n.d.s.r.a.ConfigClusterResolver        : Resolving eureka endpoints via configuration
2026-08-21T15:35:19.281+01:00  INFO 6432 --- [schools-portal] [rap-executor-%d] c.n.d.s.r.a.ConfigClusterResolver        : Resolving eureka endpoints via configuration
2026-08-21T15:40:19.284+01:00  INFO 6432 --- [schools-portal] [rap-executor-%d] c.n.d.s.r.a.ConfigClusterResolver        : Resolving eureka endpoints via configuration
2026-08-21T15:45:19.287+01:00  INFO 6432 --- [schools-portal] [rap-executor-%d] c.n.d.s.r.a.ConfigClusterResolver        : Resolving eureka endpoints via configuration
2026-08-21T15:50:19.292+01:00  INFO 6432 --- [schools-portal] [rap-executor-%d] c.n.d.s.r.a.ConfigClusterResolver        : Resolving eureka endpoints via configuration
2026-08-21T15:55:19.295+01:00  INFO 6432 --- [schools-portal] [rap-executor-%d] c.n.d.s.r.a.ConfigClusterResolver        : Resolving eureka endpoints via configuration
2026-08-21T15:55:39.507+01:00 ERROR 6432 --- [schools-portal] [nio-8024-exec-2] u.c.c.i.s.p.RequestForwardingInterceptor : A request has been failed to serve due to service is not ready: impulseservices/api/impulse-config/SCH_PR_RES :  
2026-08-21T15:55:39.507+01:00 ERROR 6432 --- [schools-portal] [nio-8024-exec-1] u.c.c.i.s.p.RequestForwardingInterceptor : A request has been failed to serve due to service is not ready: impulseservices/api/user/translations :  
2026-08-21T15:56:03.402+01:00 ERROR 6432 --- [schools-portal] [nio-8024-exec-7] u.c.c.i.s.p.RequestForwardingInterceptor : A request has been failed from service: impulseservices/api/authenticateMFA : {"message":"Unable to authenticate with these details, please contact your administrator.","timestamp":"2026-08-21T15:56:03.400369","status":500,"path":"/api/authenticateMFA"} 
2026-08-21T16:00:19.298+01:00  INFO 6432 --- [schools-portal] [rap-executor-%d] c.n.d.s.r.a.ConfigClusterResolver        : Resolving eureka endpoints via configuration
2026-08-21T16:05:19.302+01:00  INFO 6432 --- [schools-portal] [rap-executor-%d] c.n.d.s.r.a.ConfigClusterResolver        : Resolving eureka endpoints via configuration
2026-08-21T16:10:19.353+01:00  INFO 6432 --- [schools-portal] [rap-executor-%d] c.n.d.s.r.a.ConfigClusterResolver        : Resolving eureka endpoints via configuration
2026-08-21T16:15:19.357+01:00  INFO 6432 --- [schools-portal] [rap-executor-%d] c.n.d.s.r.a.ConfigClusterResolver        : Resolving eureka endpoints via configuration
2026-08-21T16:20:19.360+01:00  INFO 6432 --- [schools-portal] [rap-executor-%d] c.n.d.s.r.a.ConfigClusterResolver        : Resolving eureka endpoints via configuration
2026-08-21T16:25:19.364+01:00  INFO 6432 --- [schools-portal] [rap-executor-%d] c.n.d.s.r.a.ConfigClusterResolver        : Resolving eureka endpoints via configuration
2026-08-21T16:30:19.367+01:00  INFO 6432 --- [schools-portal] [rap-executor-%d] c.n.d.s.r.a.ConfigClusterResolver        : Resolving eureka endpoints via configuration
2026-08-21T16:35:19.371+01:00  INFO 6432 --- [schools-portal] [rap-executor-%d] c.n.d.s.r.a.ConfigClusterResolver        : Resolving eureka endpoints via configuration
2026-08-21T16:40:19.374+01:00  INFO 6432 --- [schools-portal] [rap-executor-%d] c.n.d.s.r.a.ConfigClusterResolver        : Resolving eureka endpoints via configuration
2026-08-21T16:45:19.378+01:00  INFO 6432 --- [schools-portal] [rap-executor-%d] c.n.d.s.r.a.ConfigClusterResolver        : Resolving eureka endpoints via configuration
2026-08-21T16:50:19.419+01:00  INFO 6432 --- [schools-portal] [rap-executor-%d] c.n.d.s.r.a.ConfigClusterResolver        : Resolving eureka endpoints via configuration
2026-08-21T16:55:19.424+01:00  INFO 6432 --- [schools-portal] [rap-executor-%d] c.n.d.s.r.a.ConfigClusterResolver        : Resolving eureka endpoints via configuration
2026-08-21T17:00:19.427+01:00  INFO 6432 --- [schools-portal] [rap-executor-%d] c.n.d.s.r.a.ConfigClusterResolver        : Resolving eureka endpoints via configuration
2026-08-21T17:05:19.431+01:00  INFO 6432 --- [schools-portal] [rap-executor-%d] c.n.d.s.r.a.ConfigClusterResolver        : Resolving eureka endpoints via configuration
2026-08-21T17:10:19.435+01:00  INFO 6432 --- [schools-portal] [rap-executor-%d] c.n.d.s.r.a.ConfigClusterResolver        : Resolving eureka endpoints via configuration
2026-08-21T17:15:19.438+01:00  INFO 6432 --- [schools-portal] [rap-executor-%d] c.n.d.s.r.a.ConfigClusterResolver        : Resolving eureka endpoints via configuration
2026-08-21T17:20:19.441+01:00  INFO 6432 --- [schools-portal] [rap-executor-%d] c.n.d.s.r.a.ConfigClusterResolver        : Resolving eureka endpoints via configuration
2026-08-21T17:25:19.444+01:00  INFO 6432 --- [schools-portal] [rap-executor-%d] c.n.d.s.r.a.ConfigClusterResolver        : Resolving eureka endpoints via configuration
2026-08-21T17:30:19.448+01:00  INFO 6432 --- [schools-portal] [rap-executor-%d] c.n.d.s.r.a.ConfigClusterResolver        : Resolving eureka endpoints via configuration
2026-08-21T17:35:19.452+01:00  INFO 6432 --- [schools-portal] [rap-executor-%d] c.n.d.s.r.a.ConfigClusterResolver        : Resolving eureka endpoints via configuration
2026-08-21T17:40:19.456+01:00  INFO 6432 --- [schools-portal] [rap-executor-%d] c.n.d.s.r.a.ConfigClusterResolver        : Resolving eureka endpoints via configuration
2026-08-21T17:42:12.590+01:00 ERROR 6432 --- [schools-portal] [nio-8024-exec-1] u.c.c.i.s.p.RequestForwardingInterceptor : A request has been failed to serve due to service is not ready: impulseservices/api/impulse-config/SCH_PR_RES :  
2026-08-21T17:42:12.590+01:00 ERROR 6432 --- [schools-portal] [io-8024-exec-10] u.c.c.i.s.p.RequestForwardingInterceptor : A request has been failed to serve due to service is not ready: impulseservices/api/user/translations :  
2026-08-21T17:42:52.261+01:00 ERROR 6432 --- [schools-portal] [nio-8024-exec-7] u.c.c.i.s.p.RequestForwardingInterceptor : A request has been failed from service: impulseservices/api/authenticateMFA : {"message":"Unable to authenticate with these details, please contact your administrator.","timestamp":"2026-08-21T17:42:52.2517094","status":500,"path":"/api/authenticateMFA"} 
2026-08-21T17:42:54.908+01:00 ERROR 6432 --- [schools-portal] [nio-8024-exec-5] u.c.c.i.s.p.RequestForwardingInterceptor : A request has been failed from service: impulseservices/api/authenticateMFA : {"message":"Unable to authenticate with these details, please contact your administrator.","timestamp":"2026-08-21T17:42:54.9042745","status":500,"path":"/api/authenticateMFA"} 
2026-08-21T17:44:51.871+01:00 ERROR 6432 --- [schools-portal] [nio-8024-exec-1] u.c.c.i.s.p.RequestForwardingInterceptor : A request has been failed to serve due to service is not ready: impulseservices/api/user/translations :  
2026-08-21T17:44:51.880+01:00 ERROR 6432 --- [schools-portal] [nio-8024-exec-7] u.c.c.i.s.p.RequestForwardingInterceptor : A request has been failed to serve due to service is not ready: impulseservices/api/impulse-config/SCH_PR_RES :  
2026-08-21T17:45:04.280+01:00 ERROR 6432 --- [schools-portal] [nio-8024-exec-8] u.c.c.i.s.p.RequestForwardingInterceptor : A request has been failed from service: impulseservices/api/authenticateMFA : {"message":"Unable to authenticate with these details, please contact your administrator.","timestamp":"2026-08-21T17:45:04.2767319","status":500,"path":"/api/authenticateMFA"} 
2026-08-21T17:45:19.459+01:00  INFO 6432 --- [schools-portal] [rap-executor-%d] c.n.d.s.r.a.ConfigClusterResolver        : Resolving eureka endpoints via configuration
2026-08-21T17:48:00.076+01:00 ERROR 6432 --- [schools-portal] [nio-8024-exec-4] u.c.c.i.s.p.RequestForwardingInterceptor : A request has been failed to serve due to service is not ready: impulseservices/api/user/translations :  
2026-08-21T17:48:00.078+01:00 ERROR 6432 --- [schools-portal] [nio-8024-exec-6] u.c.c.i.s.p.RequestForwardingInterceptor : A request has been failed to serve due to service is not ready: impulseservices/api/impulse-config/SCH_PR_RES :  
2026-08-21T17:49:05.645+01:00 ERROR 6432 --- [schools-portal] [nio-8024-exec-4] u.c.c.i.s.p.RequestForwardingInterceptor : A request has been failed from service: impulseservices/api/authenticateMFA : {"message":"Unable to authenticate with these details, please contact your administrator.","timestamp":"2026-08-21T17:49:05.642155","status":500,"path":"/api/authenticateMFA"} 
2026-08-21T17:50:19.461+01:00  INFO 6432 --- [schools-portal] [rap-executor-%d] c.n.d.s.r.a.ConfigClusterResolver        : Resolving eureka endpoints via configuration
2026-08-21T17:55:19.462+01:00  INFO 6432 --- [schools-portal] [rap-executor-%d] c.n.d.s.r.a.ConfigClusterResolver        : Resolving eureka endpoints via configuration
2026-08-21T18:00:19.467+01:00  INFO 6432 --- [schools-portal] [rap-executor-%d] c.n.d.s.r.a.ConfigClusterResolver        : Resolving eureka endpoints via configuration
2026-08-21T18:05:19.471+01:00  INFO 6432 --- [schools-portal] [rap-executor-%d] c.n.d.s.r.a.ConfigClusterResolver        : Resolving eureka endpoints via configuration
2026-08-21T18:10:19.474+01:00  INFO 6432 --- [schools-portal] [rap-executor-%d] c.n.d.s.r.a.ConfigClusterResolver        : Resolving eureka endpoints via configuration
2026-08-21T18:12:12.341+01:00  INFO 6432 --- [schools-portal] [beatExecutor-%d] c.n.d.s.t.d.RedirectingEurekaHttpClient  : Request execution error. endpoint=DefaultEndpoint{ serviceUrl='http://admin:admin@localhost:8761/eureka/} exception=I/O error on PUT request for "http://localhost:8761/eureka/apps/SCHOOLS-PORTAL/CYP-WEBTEST-01.development.local:schools-portal:8024": Connect to http://localhost:8761 [localhost/127.0.0.1, localhost/0:0:0:0:0:0:0:1] failed: Connection refused: getsockopt stacktrace=org.springframework.web.client.ResourceAccessException: I/O error on PUT request for "http://localhost:8761/eureka/apps/SCHOOLS-PORTAL/CYP-WEBTEST-01.development.local:schools-portal:8024": Connect to http://localhost:8761 [localhost/127.0.0.1, localhost/0:0:0:0:0:0:0:1] failed: Connection refused: getsockopt
	at org.springframework.web.client.RestTemplate.createResourceAccessException(RestTemplate.java:926)
	at org.springframework.web.client.RestTemplate.doExecute(RestTemplate.java:906)
	at org.springframework.web.client.RestTemplate.execute(RestTemplate.java:841)
	at org.springframework.web.client.RestTemplate.exchange(RestTemplate.java:702)
	at org.springframework.cloud.netflix.eureka.http.RestTemplateEurekaHttpClient.sendHeartBeat(RestTemplateEurekaHttpClient.java:119)
	at com.netflix.discovery.shared.transport.decorator.EurekaHttpClientDecorator$3.execute(EurekaHttpClientDecorator.java:92)
	at com.netflix.discovery.shared.transport.decorator.RedirectingEurekaHttpClient.execute(RedirectingEurekaHttpClient.java:91)
	at com.netflix.discovery.shared.transport.decorator.EurekaHttpClientDecorator.sendHeartBeat(EurekaHttpClientDecorator.java:89)
	at com.netflix.discovery.shared.transport.decorator.EurekaHttpClientDecorator$3.execute(EurekaHttpClientDecorator.java:92)
	at com.netflix.discovery.shared.transport.decorator.RetryableEurekaHttpClient.execute(RetryableEurekaHttpClient.java:120)
	at com.netflix.discovery.shared.transport.decorator.EurekaHttpClientDecorator.sendHeartBeat(EurekaHttpClientDecorator.java:89)
	at com.netflix.discovery.shared.transport.decorator.EurekaHttpClientDecorator$3.execute(EurekaHttpClientDecorator.java:92)
	at com.netflix.discovery.shared.transport.decorator.SessionedEurekaHttpClient.execute(SessionedEurekaHttpClient.java:76)
	at com.netflix.discovery.shared.transport.decorator.EurekaHttpClientDecorator.sendHeartBeat(EurekaHttpClientDecorator.java:89)
	at com.netflix.discovery.DiscoveryClient.renew(DiscoveryClient.java:845)
	at com.netflix.discovery.DiscoveryClient$HeartbeatThread.run(DiscoveryClient.java:1402)
	at java.base/java.util.concurrent.Executors$RunnableAdapter.call(Executors.java:572)
	at java.base/java.util.concurrent.FutureTask.run(FutureTask.java:317)
	at java.base/java.util.concurrent.ThreadPoolExecutor.runWorker(ThreadPoolExecutor.java:1144)
	at java.base/java.util.concurrent.ThreadPoolExecutor$Worker.run(ThreadPoolExecutor.java:642)
	at java.base/java.lang.Thread.run(Thread.java:1583)
Caused by: org.apache.hc.client5.http.HttpHostConnectException: Connect to http://localhost:8761 [localhost/127.0.0.1, localhost/0:0:0:0:0:0:0:1] failed: Connection refused: getsockopt
	at java.base/sun.nio.ch.Net.pollConnect(Native Method)
	at java.base/sun.nio.ch.Net.pollConnectNow(Net.java:694)
	at java.base/sun.nio.ch.NioSocketImpl.timedFinishConnect(NioSocketImpl.java:542)
	at java.base/sun.nio.ch.NioSocketImpl.connect(NioSocketImpl.java:592)
	at java.base/java.net.SocksSocketImpl.connect(SocksSocketImpl.java:327)
	at java.base/java.net.Socket.connect(Socket.java:751)
	at org.apache.hc.client5.http.impl.io.DefaultHttpClientConnectionOperator.connect(DefaultHttpClientConnectionOperator.java:216)
	at org.apache.hc.client5.http.impl.io.PoolingHttpClientConnectionManager.connect(PoolingHttpClientConnectionManager.java:490)
	at org.apache.hc.client5.http.impl.classic.InternalExecRuntime.connectEndpoint(InternalExecRuntime.java:164)
	at org.apache.hc.client5.http.impl.classic.InternalExecRuntime.connectEndpoint(InternalExecRuntime.java:174)
	at org.apache.hc.client5.http.impl.classic.ConnectExec.execute(ConnectExec.java:144)
	at org.apache.hc.client5.http.impl.classic.ExecChainElement.execute(ExecChainElement.java:51)
	at org.apache.hc.client5.http.impl.classic.ProtocolExec.execute(ProtocolExec.java:192)
	at org.apache.hc.client5.http.impl.classic.ExecChainElement.execute(ExecChainElement.java:51)
	at org.apache.hc.client5.http.impl.classic.ContentCompressionExec.execute(ContentCompressionExec.java:150)
	at org.apache.hc.client5.http.impl.classic.ExecChainElement.execute(ExecChainElement.java:51)
	at org.apache.hc.client5.http.impl.classic.HttpRequestRetryExec.execute(HttpRequestRetryExec.java:113)
	at org.apache.hc.client5.http.impl.classic.ExecChainElement.execute(ExecChainElement.java:51)
	at org.apache.hc.client5.http.impl.classic.RedirectExec.execute(RedirectExec.java:110)
	at org.apache.hc.client5.http.impl.classic.ExecChainElement.execute(ExecChainElement.java:51)
	at org.apache.hc.client5.http.impl.classic.InternalHttpClient.doExecute(InternalHttpClient.java:174)
	at org.apache.hc.client5.http.impl.classic.CloseableHttpClient.execute(CloseableHttpClient.java:87)
	at org.apache.hc.client5.http.impl.classic.CloseableHttpClient.execute(CloseableHttpClient.java:55)
	at org.apache.hc.client5.http.classic.HttpClient.executeOpen(HttpClient.java:183)
	at org.springframework.http.client.HttpComponentsClientHttpRequest.executeInternal(HttpComponentsClientHttpRequest.java:99)
	at org.springframework.http.client.AbstractStreamingClientHttpRequest.executeInternal(AbstractStreamingClientHttpRequest.java:71)
	at org.springframework.http.client.AbstractClientHttpRequest.execute(AbstractClientHttpRequest.java:81)
	at org.springframework.http.client.InterceptingClientHttpRequest$InterceptingRequestExecution.execute(InterceptingClientHttpRequest.java:117)
	at org.springframework.cloud.netflix.eureka.http.RestTemplateTransportClientFactory.lambda$restTemplate$3(RestTemplateTransportClientFactory.java:141)
	at org.springframework.http.client.InterceptingClientHttpRequest$InterceptingRequestExecution.execute(InterceptingClientHttpRequest.java:88)
	at org.springframework.http.client.support.BasicAuthenticationInterceptor.intercept(BasicAuthenticationInterceptor.java:79)
	at org.springframework.http.client.InterceptingClientHttpRequest$InterceptingRequestExecution.execute(InterceptingClientHttpRequest.java:88)
	at org.springframework.http.client.InterceptingClientHttpRequest.executeInternal(InterceptingClientHttpRequest.java:72)
	at org.springframework.http.client.AbstractBufferingClientHttpRequest.executeInternal(AbstractBufferingClientHttpRequest.java:48)
	at org.springframework.http.client.AbstractClientHttpRequest.execute(AbstractClientHttpRequest.java:81)
	at org.springframework.web.client.RestTemplate.doExecute(RestTemplate.java:900)
	... 19 more

2026-08-21T18:12:12.342+01:00  WARN 6432 --- [schools-portal] [beatExecutor-%d] c.n.d.s.t.d.RetryableEurekaHttpClient    : Request execution failed with message: I/O error on PUT request for "http://localhost:8761/eureka/apps/SCHOOLS-PORTAL/CYP-WEBTEST-01.development.local:schools-portal:8024": Connect to http://localhost:8761 [localhost/127.0.0.1, localhost/0:0:0:0:0:0:0:1] failed: Connection refused: getsockopt
2026-08-21T18:12:12.356+01:00  INFO 6432 --- [schools-portal] [beatExecutor-%d] c.n.d.s.t.d.RedirectingEurekaHttpClient  : Request execution error. endpoint=DefaultEndpoint{ serviceUrl='http://admin:admin@localhost:8761/eureka/}, exception=I/O error on PUT request for "http://localhost:8761/eureka/apps/SCHOOLS-PORTAL/CYP-WEBTEST-01.development.local:schools-portal:8024": Connect to http://localhost:8761 [localhost/127.0.0.1, localhost/0:0:0:0:0:0:0:1] failed: Connection refused: getsockopt stacktrace=org.springframework.web.client.ResourceAccessException: I/O error on PUT request for "http://localhost:8761/eureka/apps/SCHOOLS-PORTAL/CYP-WEBTEST-01.development.local:schools-portal:8024": Connect to http://localhost:8761 [localhost/127.0.0.1, localhost/0:0:0:0:0:0:0:1] failed: Connection refused: getsockopt
	at org.springframework.web.client.RestTemplate.createResourceAccessException(RestTemplate.java:926)
	at org.springframework.web.client.RestTemplate.doExecute(RestTemplate.java:906)
	at org.springframework.web.client.RestTemplate.execute(RestTemplate.java:841)
	at org.springframework.web.client.RestTemplate.exchange(RestTemplate.java:702)
	at org.springframework.cloud.netflix.eureka.http.RestTemplateEurekaHttpClient.sendHeartBeat(RestTemplateEurekaHttpClient.java:119)
	at com.netflix.discovery.shared.transport.decorator.EurekaHttpClientDecorator$3.execute(EurekaHttpClientDecorator.java:92)
	at com.netflix.discovery.shared.transport.decorator.RedirectingEurekaHttpClient.executeOnNewServer(RedirectingEurekaHttpClient.java:121)
	at com.netflix.discovery.shared.transport.decorator.RedirectingEurekaHttpClient.execute(RedirectingEurekaHttpClient.java:80)
	at com.netflix.discovery.shared.transport.decorator.EurekaHttpClientDecorator.sendHeartBeat(EurekaHttpClientDecorator.java:89)
	at com.netflix.discovery.shared.transport.decorator.EurekaHttpClientDecorator$3.execute(EurekaHttpClientDecorator.java:92)
	at com.netflix.discovery.shared.transport.decorator.RetryableEurekaHttpClient.execute(RetryableEurekaHttpClient.java:120)
	at com.netflix.discovery.shared.transport.decorator.EurekaHttpClientDecorator.sendHeartBeat(EurekaHttpClientDecorator.java:89)
	at com.netflix.discovery.shared.transport.decorator.EurekaHttpClientDecorator$3.execute(EurekaHttpClientDecorator.java:92)
	at com.netflix.discovery.shared.transport.decorator.SessionedEurekaHttpClient.execute(SessionedEurekaHttpClient.java:76)
	at com.netflix.discovery.shared.transport.decorator.EurekaHttpClientDecorator.sendHeartBeat(EurekaHttpClientDecorator.java:89)
	at com.netflix.discovery.DiscoveryClient.renew(DiscoveryClient.java:845)
	at com.netflix.discovery.DiscoveryClient$HeartbeatThread.run(DiscoveryClient.java:1402)
	at java.base/java.util.concurrent.Executors$RunnableAdapter.call(Executors.java:572)
	at java.base/java.util.concurrent.FutureTask.run(FutureTask.java:317)
	at java.base/java.util.concurrent.ThreadPoolExecutor.runWorker(ThreadPoolExecutor.java:1144)
	at java.base/java.util.concurrent.ThreadPoolExecutor$Worker.run(ThreadPoolExecutor.java:642)
	at java.base/java.lang.Thread.run(Thread.java:1583)
Caused by: org.apache.hc.client5.http.HttpHostConnectException: Connect to http://localhost:8761 [localhost/127.0.0.1, localhost/0:0:0:0:0:0:0:1] failed: Connection refused: getsockopt
	at java.base/sun.nio.ch.Net.pollConnect(Native Method)
	at java.base/sun.nio.ch.Net.pollConnectNow(Net.java:694)
	at java.base/sun.nio.ch.NioSocketImpl.timedFinishConnect(NioSocketImpl.java:542)
	at java.base/sun.nio.ch.NioSocketImpl.connect(NioSocketImpl.java:592)
	at java.base/java.net.SocksSocketImpl.connect(SocksSocketImpl.java:327)
	at java.base/java.net.Socket.connect(Socket.java:751)
	at org.apache.hc.client5.http.impl.io.DefaultHttpClientConnectionOperator.connect(DefaultHttpClientConnectionOperator.java:216)
	at org.apache.hc.client5.http.impl.io.PoolingHttpClientConnectionManager.connect(PoolingHttpClientConnectionManager.java:490)
	at org.apache.hc.client5.http.impl.classic.InternalExecRuntime.connectEndpoint(InternalExecRuntime.java:164)
	at org.apache.hc.client5.http.impl.classic.InternalExecRuntime.connectEndpoint(InternalExecRuntime.java:174)
	at org.apache.hc.client5.http.impl.classic.ConnectExec.execute(ConnectExec.java:144)
	at org.apache.hc.client5.http.impl.classic.ExecChainElement.execute(ExecChainElement.java:51)
	at org.apache.hc.client5.http.impl.classic.ProtocolExec.execute(ProtocolExec.java:192)
	at org.apache.hc.client5.http.impl.classic.ExecChainElement.execute(ExecChainElement.java:51)
	at org.apache.hc.client5.http.impl.classic.ContentCompressionExec.execute(ContentCompressionExec.java:150)
	at org.apache.hc.client5.http.impl.classic.ExecChainElement.execute(ExecChainElement.java:51)
	at org.apache.hc.client5.http.impl.classic.HttpRequestRetryExec.execute(HttpRequestRetryExec.java:113)
	at org.apache.hc.client5.http.impl.classic.ExecChainElement.execute(ExecChainElement.java:51)
	at org.apache.hc.client5.http.impl.classic.RedirectExec.execute(RedirectExec.java:110)
	at org.apache.hc.client5.http.impl.classic.ExecChainElement.execute(ExecChainElement.java:51)
	at org.apache.hc.client5.http.impl.classic.InternalHttpClient.doExecute(InternalHttpClient.java:174)
	at org.apache.hc.client5.http.impl.classic.CloseableHttpClient.execute(CloseableHttpClient.java:87)
	at org.apache.hc.client5.http.impl.classic.CloseableHttpClient.execute(CloseableHttpClient.java:55)
	at org.apache.hc.client5.http.classic.HttpClient.executeOpen(HttpClient.java:183)
	at org.springframework.http.client.HttpComponentsClientHttpRequest.executeInternal(HttpComponentsClientHttpRequest.java:99)
	at org.springframework.http.client.AbstractStreamingClientHttpRequest.executeInternal(AbstractStreamingClientHttpRequest.java:71)
	at org.springframework.http.client.AbstractClientHttpRequest.execute(AbstractClientHttpRequest.java:81)
	at org.springframework.http.client.InterceptingClientHttpRequest$InterceptingRequestExecution.execute(InterceptingClientHttpRequest.java:117)
	at org.springframework.cloud.netflix.eureka.http.RestTemplateTransportClientFactory.lambda$restTemplate$3(RestTemplateTransportClientFactory.java:141)
	at org.springframework.http.client.InterceptingClientHttpRequest$InterceptingRequestExecution.execute(InterceptingClientHttpRequest.java:88)
	at org.springframework.http.client.support.BasicAuthenticationInterceptor.intercept(BasicAuthenticationInterceptor.java:79)
	at org.springframework.http.client.InterceptingClientHttpRequest$InterceptingRequestExecution.execute(InterceptingClientHttpRequest.java:88)
	at org.springframework.http.client.InterceptingClientHttpRequest.executeInternal(InterceptingClientHttpRequest.java:72)
	at org.springframework.http.client.AbstractBufferingClientHttpRequest.executeInternal(AbstractBufferingClientHttpRequest.java:48)
	at org.springframework.http.client.AbstractClientHttpRequest.execute(AbstractClientHttpRequest.java:81)
	at org.springframework.web.client.RestTemplate.doExecute(RestTemplate.java:900)
	... 20 more

2026-08-21T18:12:12.357+01:00  INFO 6432 --- [schools-portal] [reshExecutor-%d] c.n.d.s.t.d.RedirectingEurekaHttpClient  : Request execution error. endpoint=DefaultEndpoint{ serviceUrl='http://admin:admin@localhost:8761/eureka/} exception=I/O error on GET request for "http://localhost:8761/eureka/apps/delta": Connect to http://localhost:8761 [localhost/127.0.0.1, localhost/0:0:0:0:0:0:0:1] failed: Connection refused: getsockopt stacktrace=org.springframework.web.client.ResourceAccessException: I/O error on GET request for "http://localhost:8761/eureka/apps/delta": Connect to http://localhost:8761 [localhost/127.0.0.1, localhost/0:0:0:0:0:0:0:1] failed: Connection refused: getsockopt
	at org.springframework.web.client.RestTemplate.createResourceAccessException(RestTemplate.java:926)
	at org.springframework.web.client.RestTemplate.doExecute(RestTemplate.java:906)
	at org.springframework.web.client.RestTemplate.execute(RestTemplate.java:841)
	at org.springframework.web.client.RestTemplate.exchange(RestTemplate.java:702)
	at org.springframework.cloud.netflix.eureka.http.RestTemplateEurekaHttpClient.getApplicationsInternal(RestTemplateEurekaHttpClient.java:174)
	at org.springframework.cloud.netflix.eureka.http.RestTemplateEurekaHttpClient.getDelta(RestTemplateEurekaHttpClient.java:186)
	at com.netflix.discovery.shared.transport.decorator.EurekaHttpClientDecorator$7.execute(EurekaHttpClientDecorator.java:152)
	at com.netflix.discovery.shared.transport.decorator.RedirectingEurekaHttpClient.execute(RedirectingEurekaHttpClient.java:91)
	at com.netflix.discovery.shared.transport.decorator.EurekaHttpClientDecorator.getDelta(EurekaHttpClientDecorator.java:149)
	at com.netflix.discovery.shared.transport.decorator.EurekaHttpClientDecorator$7.execute(EurekaHttpClientDecorator.java:152)
	at com.netflix.discovery.shared.transport.decorator.RetryableEurekaHttpClient.execute(RetryableEurekaHttpClient.java:120)
	at com.netflix.discovery.shared.transport.decorator.EurekaHttpClientDecorator.getDelta(EurekaHttpClientDecorator.java:149)
	at com.netflix.discovery.shared.transport.decorator.EurekaHttpClientDecorator$7.execute(EurekaHttpClientDecorator.java:152)
	at com.netflix.discovery.shared.transport.decorator.SessionedEurekaHttpClient.execute(SessionedEurekaHttpClient.java:76)
	at com.netflix.discovery.shared.transport.decorator.EurekaHttpClientDecorator.getDelta(EurekaHttpClientDecorator.java:149)
	at com.netflix.discovery.DiscoveryClient.getAndUpdateDelta(DiscoveryClient.java:1080)
	at com.netflix.discovery.DiscoveryClient.fetchRegistry(DiscoveryClient.java:963)
	at com.netflix.discovery.DiscoveryClient.refreshRegistry(DiscoveryClient.java:1473)
	at com.netflix.discovery.DiscoveryClient$CacheRefreshThread.run(DiscoveryClient.java:1441)
	at java.base/java.util.concurrent.Executors$RunnableAdapter.call(Executors.java:572)
	at java.base/java.util.concurrent.FutureTask.run(FutureTask.java:317)
	at java.base/java.util.concurrent.ThreadPoolExecutor.runWorker(ThreadPoolExecutor.java:1144)
	at java.base/java.util.concurrent.ThreadPoolExecutor$Worker.run(ThreadPoolExecutor.java:642)
	at java.base/java.lang.Thread.run(Thread.java:1583)
Caused by: org.apache.hc.client5.http.HttpHostConnectException: Connect to http://localhost:8761 [localhost/127.0.0.1, localhost/0:0:0:0:0:0:0:1] failed: Connection refused: getsockopt
	at java.base/sun.nio.ch.Net.pollConnect(Native Method)
	at java.base/sun.nio.ch.Net.pollConnectNow(Net.java:694)
	at java.base/sun.nio.ch.NioSocketImpl.timedFinishConnect(NioSocketImpl.java:542)
	at java.base/sun.nio.ch.NioSocketImpl.connect(NioSocketImpl.java:592)
	at java.base/java.net.SocksSocketImpl.connect(SocksSocketImpl.java:327)
	at java.base/java.net.Socket.connect(Socket.java:751)
	at org.apache.hc.client5.http.impl.io.DefaultHttpClientConnectionOperator.connect(DefaultHttpClientConnectionOperator.java:216)
	at org.apache.hc.client5.http.impl.io.PoolingHttpClientConnectionManager.connect(PoolingHttpClientConnectionManager.java:490)
	at org.apache.hc.client5.http.impl.classic.InternalExecRuntime.connectEndpoint(InternalExecRuntime.java:164)
	at org.apache.hc.client5.http.impl.classic.InternalExecRuntime.connectEndpoint(InternalExecRuntime.java:174)
	at org.apache.hc.client5.http.impl.classic.ConnectExec.execute(ConnectExec.java:144)
	at org.apache.hc.client5.http.impl.classic.ExecChainElement.execute(ExecChainElement.java:51)
	at org.apache.hc.client5.http.impl.classic.ProtocolExec.execute(ProtocolExec.java:192)
	at org.apache.hc.client5.http.impl.classic.ExecChainElement.execute(ExecChainElement.java:51)
	at org.apache.hc.client5.http.impl.classic.ContentCompressionExec.execute(ContentCompressionExec.java:150)
	at org.apache.hc.client5.http.impl.classic.ExecChainElement.execute(ExecChainElement.java:51)
	at org.apache.hc.client5.http.impl.classic.HttpRequestRetryExec.execute(HttpRequestRetryExec.java:113)
	at org.apache.hc.client5.http.impl.classic.ExecChainElement.execute(ExecChainElement.java:51)
	at org.apache.hc.client5.http.impl.classic.RedirectExec.execute(RedirectExec.java:110)
	at org.apache.hc.client5.http.impl.classic.ExecChainElement.execute(ExecChainElement.java:51)
	at org.apache.hc.client5.http.impl.classic.InternalHttpClient.doExecute(InternalHttpClient.java:174)
	at org.apache.hc.client5.http.impl.classic.CloseableHttpClient.execute(CloseableHttpClient.java:87)
	at org.apache.hc.client5.http.impl.classic.CloseableHttpClient.execute(CloseableHttpClient.java:55)
	at org.apache.hc.client5.http.classic.HttpClient.executeOpen(HttpClient.java:183)
	at org.springframework.http.client.HttpComponentsClientHttpRequest.executeInternal(HttpComponentsClientHttpRequest.java:99)
	at org.springframework.http.client.AbstractStreamingClientHttpRequest.executeInternal(AbstractStreamingClientHttpRequest.java:71)
	at org.springframework.http.client.AbstractClientHttpRequest.execute(AbstractClientHttpRequest.java:81)
	at org.springframework.http.client.InterceptingClientHttpRequest$InterceptingRequestExecution.execute(InterceptingClientHttpRequest.java:117)
	at org.springframework.cloud.netflix.eureka.http.RestTemplateTransportClientFactory.lambda$restTemplate$3(RestTemplateTransportClientFactory.java:141)
	at org.springframework.http.client.InterceptingClientHttpRequest$InterceptingRequestExecution.execute(InterceptingClientHttpRequest.java:88)
	at org.springframework.http.client.support.BasicAuthenticationInterceptor.intercept(BasicAuthenticationInterceptor.java:79)
	at org.springframework.http.client.InterceptingClientHttpRequest$InterceptingRequestExecution.execute(InterceptingClientHttpRequest.java:88)
	at org.springframework.http.client.InterceptingClientHttpRequest.executeInternal(InterceptingClientHttpRequest.java:72)
	at org.springframework.http.client.AbstractBufferingClientHttpRequest.executeInternal(AbstractBufferingClientHttpRequest.java:48)
	at org.springframework.http.client.AbstractClientHttpRequest.execute(AbstractClientHttpRequest.java:81)
	at org.springframework.web.client.RestTemplate.doExecute(RestTemplate.java:900)
	... 22 more

2026-08-21T18:12:12.357+01:00  WARN 6432 --- [schools-portal] [reshExecutor-%d] c.n.d.s.t.d.RetryableEurekaHttpClient    : Request execution failed with message: I/O error on GET request for "http://localhost:8761/eureka/apps/delta": Connect to http://localhost:8761 [localhost/127.0.0.1, localhost/0:0:0:0:0:0:0:1] failed: Connection refused: getsockopt
2026-08-21T18:12:12.357+01:00  WARN 6432 --- [schools-portal] [beatExecutor-%d] c.n.d.s.t.d.RetryableEurekaHttpClient    : Request execution failed with message: I/O error on PUT request for "http://localhost:8761/eureka/apps/SCHOOLS-PORTAL/CYP-WEBTEST-01.development.local:schools-portal:8024": Connect to http://localhost:8761 [localhost/127.0.0.1, localhost/0:0:0:0:0:0:0:1] failed: Connection refused: getsockopt
2026-08-21T18:12:12.357+01:00 ERROR 6432 --- [schools-portal] [beatExecutor-%d] c.n.d.DiscoveryClient                    : DiscoveryClient_SCHOOLS-PORTAL/CYP-WEBTEST-01.development.local:schools-portal:8024 - was unable to send heartbeat!

com.netflix.discovery.shared.transport.TransportException: Cannot execute request on any known server
	at com.netflix.discovery.shared.transport.decorator.RetryableEurekaHttpClient.execute(RetryableEurekaHttpClient.java:112) ~[eureka-client-2.0.4.jar!/:2.0.4]
	at com.netflix.discovery.shared.transport.decorator.EurekaHttpClientDecorator.sendHeartBeat(EurekaHttpClientDecorator.java:89) ~[eureka-client-2.0.4.jar!/:2.0.4]
	at com.netflix.discovery.shared.transport.decorator.EurekaHttpClientDecorator$3.execute(EurekaHttpClientDecorator.java:92) ~[eureka-client-2.0.4.jar!/:2.0.4]
	at com.netflix.discovery.shared.transport.decorator.SessionedEurekaHttpClient.execute(SessionedEurekaHttpClient.java:76) ~[eureka-client-2.0.4.jar!/:2.0.4]
	at com.netflix.discovery.shared.transport.decorator.EurekaHttpClientDecorator.sendHeartBeat(EurekaHttpClientDecorator.java:89) ~[eureka-client-2.0.4.jar!/:2.0.4]
	at com.netflix.discovery.DiscoveryClient.renew(DiscoveryClient.java:845) ~[eureka-client-2.0.4.jar!/:2.0.4]
	at com.netflix.discovery.DiscoveryClient$HeartbeatThread.run(DiscoveryClient.java:1402) ~[eureka-client-2.0.4.jar!/:2.0.4]
	at java.base/java.util.concurrent.Executors$RunnableAdapter.call(Executors.java:572) ~[?:?]
	at java.base/java.util.concurrent.FutureTask.run(FutureTask.java:317) ~[?:?]
	at java.base/java.util.concurrent.ThreadPoolExecutor.runWorker(ThreadPoolExecutor.java:1144) ~[?:?]
	at java.base/java.util.concurrent.ThreadPoolExecutor$Worker.run(ThreadPoolExecutor.java:642) ~[?:?]
	at java.base/java.lang.Thread.run(Thread.java:1583) [?:?]

2026-08-21T18:12:12.370+01:00  INFO 6432 --- [schools-portal] [reshExecutor-%d] c.n.d.s.t.d.RedirectingEurekaHttpClient  : Request execution error. endpoint=DefaultEndpoint{ serviceUrl='http://admin:admin@localhost:8761/eureka/}, exception=I/O error on GET request for "http://localhost:8761/eureka/apps/delta": Connect to http://localhost:8761 [localhost/127.0.0.1, localhost/0:0:0:0:0:0:0:1] failed: Connection refused: getsockopt stacktrace=org.springframework.web.client.ResourceAccessException: I/O error on GET request for "http://localhost:8761/eureka/apps/delta": Connect to http://localhost:8761 [localhost/127.0.0.1, localhost/0:0:0:0:0:0:0:1] failed: Connection refused: getsockopt
	at org.springframework.web.client.RestTemplate.createResourceAccessException(RestTemplate.java:926)
	at org.springframework.web.client.RestTemplate.doExecute(RestTemplate.java:906)
	at org.springframework.web.client.RestTemplate.execute(RestTemplate.java:841)
	at org.springframework.web.client.RestTemplate.exchange(RestTemplate.java:702)
	at org.springframework.cloud.netflix.eureka.http.RestTemplateEurekaHttpClient.getApplicationsInternal(RestTemplateEurekaHttpClient.java:174)
	at org.springframework.cloud.netflix.eureka.http.RestTemplateEurekaHttpClient.getDelta(RestTemplateEurekaHttpClient.java:186)
	at com.netflix.discovery.shared.transport.decorator.EurekaHttpClientDecorator$7.execute(EurekaHttpClientDecorator.java:152)
	at com.netflix.discovery.shared.transport.decorator.RedirectingEurekaHttpClient.executeOnNewServer(RedirectingEurekaHttpClient.java:121)
	at com.netflix.discovery.shared.transport.decorator.RedirectingEurekaHttpClient.execute(RedirectingEurekaHttpClient.java:80)
	at com.netflix.discovery.shared.transport.decorator.EurekaHttpClientDecorator.getDelta(EurekaHttpClientDecorator.java:149)
	at com.netflix.discovery.shared.transport.decorator.EurekaHttpClientDecorator$7.execute(EurekaHttpClientDecorator.java:152)
	at com.netflix.discovery.shared.transport.decorator.RetryableEurekaHttpClient.execute(RetryableEurekaHttpClient.java:120)
	at com.netflix.discovery.shared.transport.decorator.EurekaHttpClientDecorator.getDelta(EurekaHttpClientDecorator.java:149)
	at com.netflix.discovery.shared.transport.decorator.EurekaHttpClientDecorator$7.execute(EurekaHttpClientDecorator.java:152)
	at com.netflix.discovery.shared.transport.decorator.SessionedEurekaHttpClient.execute(SessionedEurekaHttpClient.java:76)
	at com.netflix.discovery.shared.transport.decorator.EurekaHttpClientDecorator.getDelta(EurekaHttpClientDecorator.java:149)
	at com.netflix.discovery.DiscoveryClient.getAndUpdateDelta(DiscoveryClient.java:1080)
	at com.netflix.discovery.DiscoveryClient.fetchRegistry(DiscoveryClient.java:963)
	at com.netflix.discovery.DiscoveryClient.refreshRegistry(DiscoveryClient.java:1473)
	at com.netflix.discovery.DiscoveryClient$CacheRefreshThread.run(DiscoveryClient.java:1441)
	at java.base/java.util.concurrent.Executors$RunnableAdapter.call(Executors.java:572)
	at java.base/java.util.concurrent.FutureTask.run(FutureTask.java:317)
	at java.base/java.util.concurrent.ThreadPoolExecutor.runWorker(ThreadPoolExecutor.java:1144)
	at java.base/java.util.concurrent.ThreadPoolExecutor$Worker.run(ThreadPoolExecutor.java:642)
	at java.base/java.lang.Thread.run(Thread.java:1583)
Caused by: org.apache.hc.client5.http.HttpHostConnectException: Connect to http://localhost:8761 [localhost/127.0.0.1, localhost/0:0:0:0:0:0:0:1] failed: Connection refused: getsockopt
	at java.base/sun.nio.ch.Net.pollConnect(Native Method)
	at java.base/sun.nio.ch.Net.pollConnectNow(Net.java:694)
	at java.base/sun.nio.ch.NioSocketImpl.timedFinishConnect(NioSocketImpl.java:542)
	at java.base/sun.nio.ch.NioSocketImpl.connect(NioSocketImpl.java:592)
	at java.base/java.net.SocksSocketImpl.connect(SocksSocketImpl.java:327)
	at java.base/java.net.Socket.connect(Socket.java:751)
	at org.apache.hc.client5.http.impl.io.DefaultHttpClientConnectionOperator.connect(DefaultHttpClientConnectionOperator.java:216)
	at org.apache.hc.client5.http.impl.io.PoolingHttpClientConnectionManager.connect(PoolingHttpClientConnectionManager.java:490)
	at org.apache.hc.client5.http.impl.classic.InternalExecRuntime.connectEndpoint(InternalExecRuntime.java:164)
	at org.apache.hc.client5.http.impl.classic.InternalExecRuntime.connectEndpoint(InternalExecRuntime.java:174)
	at org.apache.hc.client5.http.impl.classic.ConnectExec.execute(ConnectExec.java:144)
	at org.apache.hc.client5.http.impl.classic.ExecChainElement.execute(ExecChainElement.java:51)
	at org.apache.hc.client5.http.impl.classic.ProtocolExec.execute(ProtocolExec.java:192)
	at org.apache.hc.client5.http.impl.classic.ExecChainElement.execute(ExecChainElement.java:51)
	at org.apache.hc.client5.http.impl.classic.ContentCompressionExec.execute(ContentCompressionExec.java:150)
	at org.apache.hc.client5.http.impl.classic.ExecChainElement.execute(ExecChainElement.java:51)
	at org.apache.hc.client5.http.impl.classic.HttpRequestRetryExec.execute(HttpRequestRetryExec.java:113)
	at org.apache.hc.client5.http.impl.classic.ExecChainElement.execute(ExecChainElement.java:51)
	at org.apache.hc.client5.http.impl.classic.RedirectExec.execute(RedirectExec.java:110)
	at org.apache.hc.client5.http.impl.classic.ExecChainElement.execute(ExecChainElement.java:51)
	at org.apache.hc.client5.http.impl.classic.InternalHttpClient.doExecute(InternalHttpClient.java:174)
	at org.apache.hc.client5.http.impl.classic.CloseableHttpClient.execute(CloseableHttpClient.java:87)
	at org.apache.hc.client5.http.impl.classic.CloseableHttpClient.execute(CloseableHttpClient.java:55)
	at org.apache.hc.client5.http.classic.HttpClient.executeOpen(HttpClient.java:183)
	at org.springframework.http.client.HttpComponentsClientHttpRequest.executeInternal(HttpComponentsClientHttpRequest.java:99)
	at org.springframework.http.client.AbstractStreamingClientHttpRequest.executeInternal(AbstractStreamingClientHttpRequest.java:71)
	at org.springframework.http.client.AbstractClientHttpRequest.execute(AbstractClientHttpRequest.java:81)
	at org.springframework.http.client.InterceptingClientHttpRequest$InterceptingRequestExecution.execute(InterceptingClientHttpRequest.java:117)
	at org.springframework.cloud.netflix.eureka.http.RestTemplateTransportClientFactory.lambda$restTemplate$3(RestTemplateTransportClientFactory.java:141)
	at org.springframework.http.client.InterceptingClientHttpRequest$InterceptingRequestExecution.execute(InterceptingClientHttpRequest.java:88)
	at org.springframework.http.client.support.BasicAuthenticationInterceptor.intercept(BasicAuthenticationInterceptor.java:79)
	at org.springframework.http.client.InterceptingClientHttpRequest$InterceptingRequestExecution.execute(InterceptingClientHttpRequest.java:88)
	at org.springframework.http.client.InterceptingClientHttpRequest.executeInternal(InterceptingClientHttpRequest.java:72)
	at org.springframework.http.client.AbstractBufferingClientHttpRequest.executeInternal(AbstractBufferingClientHttpRequest.java:48)
	at org.springframework.http.client.AbstractClientHttpRequest.execute(AbstractClientHttpRequest.java:81)
	at org.springframework.web.client.RestTemplate.doExecute(RestTemplate.java:900)
	... 23 more

2026-08-21T18:12:12.370+01:00  WARN 6432 --- [schools-portal] [reshExecutor-%d] c.n.d.s.t.d.RetryableEurekaHttpClient    : Request execution failed with message: I/O error on GET request for "http://localhost:8761/eureka/apps/delta": Connect to http://localhost:8761 [localhost/127.0.0.1, localhost/0:0:0:0:0:0:0:1] failed: Connection refused: getsockopt
2026-08-21T18:12:12.370+01:00  INFO 6432 --- [schools-portal] [reshExecutor-%d] c.n.d.DiscoveryClient                    : DiscoveryClient_SCHOOLS-PORTAL/CYP-WEBTEST-01.development.local:schools-portal:8024 - was unable to refresh its cache! This periodic background refresh will be retried in 30 seconds. status = Cannot execute request on any known server stacktrace = com.netflix.discovery.shared.transport.TransportException: Cannot execute request on any known server
	at com.netflix.discovery.shared.transport.decorator.RetryableEurekaHttpClient.execute(RetryableEurekaHttpClient.java:112)
	at com.netflix.discovery.shared.transport.decorator.EurekaHttpClientDecorator.getDelta(EurekaHttpClientDecorator.java:149)
	at com.netflix.discovery.shared.transport.decorator.EurekaHttpClientDecorator$7.execute(EurekaHttpClientDecorator.java:152)
	at com.netflix.discovery.shared.transport.decorator.SessionedEurekaHttpClient.execute(SessionedEurekaHttpClient.java:76)
	at com.netflix.discovery.shared.transport.decorator.EurekaHttpClientDecorator.getDelta(EurekaHttpClientDecorator.java:149)
	at com.netflix.discovery.DiscoveryClient.getAndUpdateDelta(DiscoveryClient.java:1080)
	at com.netflix.discovery.DiscoveryClient.fetchRegistry(DiscoveryClient.java:963)
	at com.netflix.discovery.DiscoveryClient.refreshRegistry(DiscoveryClient.java:1473)
	at com.netflix.discovery.DiscoveryClient$CacheRefreshThread.run(DiscoveryClient.java:1441)
	at java.base/java.util.concurrent.Executors$RunnableAdapter.call(Executors.java:572)
	at java.base/java.util.concurrent.FutureTask.run(FutureTask.java:317)
	at java.base/java.util.concurrent.ThreadPoolExecutor.runWorker(ThreadPoolExecutor.java:1144)
	at java.base/java.util.concurrent.ThreadPoolExecutor$Worker.run(ThreadPoolExecutor.java:642)
	at java.base/java.lang.Thread.run(Thread.java:1583)

2026-08-21T18:12:26.535+01:00  INFO 6432 --- [schools-portal] [ionShutdownHook] o.s.c.n.e.s.EurekaServiceRegistry        : Unregistering application SCHOOLS-PORTAL with eureka with status DOWN
2026-08-21T18:12:26.535+01:00  INFO 6432 --- [schools-portal] [ionShutdownHook] c.n.d.DiscoveryClient                    : Saw local status change event StatusChangeEvent [timestamp=1787332346535, current=DOWN, previous=UP]
2026-08-21T18:12:26.535+01:00  INFO 6432 --- [schools-portal] [foReplicator-%d] c.n.d.DiscoveryClient                    : DiscoveryClient_SCHOOLS-PORTAL/CYP-WEBTEST-01.development.local:schools-portal:8024: registering service...
2026-08-21T18:12:26.542+01:00  INFO 6432 --- [schools-portal] [ionShutdownHook] o.s.b.w.e.t.GracefulShutdown             : Commencing graceful shutdown. Waiting for active requests to complete
2026-08-21T18:12:26.558+01:00  INFO 6432 --- [schools-portal] [foReplicator-%d] c.n.d.s.t.d.RedirectingEurekaHttpClient  : Request execution error. endpoint=DefaultEndpoint{ serviceUrl='http://admin:admin@localhost:8761/eureka/}, exception=I/O error on POST request for "http://localhost:8761/eureka/apps/SCHOOLS-PORTAL": Connect to http://localhost:8761 [localhost/127.0.0.1, localhost/0:0:0:0:0:0:0:1] failed: Connection refused: getsockopt stacktrace=org.springframework.web.client.ResourceAccessException: I/O error on POST request for "http://localhost:8761/eureka/apps/SCHOOLS-PORTAL": Connect to http://localhost:8761 [localhost/127.0.0.1, localhost/0:0:0:0:0:0:0:1] failed: Connection refused: getsockopt
	at org.springframework.web.client.RestTemplate.createResourceAccessException(RestTemplate.java:926)
	at org.springframework.web.client.RestTemplate.doExecute(RestTemplate.java:906)
	at org.springframework.web.client.RestTemplate.execute(RestTemplate.java:841)
	at org.springframework.web.client.RestTemplate.exchange(RestTemplate.java:702)
	at org.springframework.cloud.netflix.eureka.http.RestTemplateEurekaHttpClient.register(RestTemplateEurekaHttpClient.java:87)
	at com.netflix.discovery.shared.transport.decorator.EurekaHttpClientDecorator$1.execute(EurekaHttpClientDecorator.java:59)
	at com.netflix.discovery.shared.transport.decorator.RedirectingEurekaHttpClient.executeOnNewServer(RedirectingEurekaHttpClient.java:121)
	at com.netflix.discovery.shared.transport.decorator.RedirectingEurekaHttpClient.execute(RedirectingEurekaHttpClient.java:80)
	at com.netflix.discovery.shared.transport.decorator.EurekaHttpClientDecorator.register(EurekaHttpClientDecorator.java:56)
	at com.netflix.discovery.shared.transport.decorator.EurekaHttpClientDecorator$1.execute(EurekaHttpClientDecorator.java:59)
	at com.netflix.discovery.shared.transport.decorator.RetryableEurekaHttpClient.execute(RetryableEurekaHttpClient.java:120)
	at com.netflix.discovery.shared.transport.decorator.EurekaHttpClientDecorator.register(EurekaHttpClientDecorator.java:56)
	at com.netflix.discovery.shared.transport.decorator.EurekaHttpClientDecorator$1.execute(EurekaHttpClientDecorator.java:59)
	at com.netflix.discovery.shared.transport.decorator.SessionedEurekaHttpClient.execute(SessionedEurekaHttpClient.java:76)
	at com.netflix.discovery.shared.transport.decorator.EurekaHttpClientDecorator.register(EurekaHttpClientDecorator.java:56)
	at com.netflix.discovery.DiscoveryClient.register(DiscoveryClient.java:828)
	at com.netflix.discovery.InstanceInfoReplicator.run(InstanceInfoReplicator.java:125)
	at com.netflix.discovery.InstanceInfoReplicator$2.run(InstanceInfoReplicator.java:105)
	at java.base/java.util.concurrent.Executors$RunnableAdapter.call(Executors.java:572)
	at java.base/java.util.concurrent.FutureTask.run(FutureTask.java:317)
	at java.base/java.util.concurrent.ScheduledThreadPoolExecutor$ScheduledFutureTask.run(ScheduledThreadPoolExecutor.java:304)
	at java.base/java.util.concurrent.ThreadPoolExecutor.runWorker(ThreadPoolExecutor.java:1144)
	at java.base/java.util.concurrent.ThreadPoolExecutor$Worker.run(ThreadPoolExecutor.java:642)
	at java.base/java.lang.Thread.run(Thread.java:1583)
Caused by: org.apache.hc.client5.http.HttpHostConnectException: Connect to http://localhost:8761 [localhost/127.0.0.1, localhost/0:0:0:0:0:0:0:1] failed: Connection refused: getsockopt
	at java.base/sun.nio.ch.Net.pollConnect(Native Method)
	at java.base/sun.nio.ch.Net.pollConnectNow(Net.java:694)
	at java.base/sun.nio.ch.NioSocketImpl.timedFinishConnect(NioSocketImpl.java:542)
	at java.base/sun.nio.ch.NioSocketImpl.connect(NioSocketImpl.java:592)
	at java.base/java.net.SocksSocketImpl.connect(SocksSocketImpl.java:327)
	at java.base/java.net.Socket.connect(Socket.java:751)
	at org.apache.hc.client5.http.impl.io.DefaultHttpClientConnectionOperator.connect(DefaultHttpClientConnectionOperator.java:216)
	at org.apache.hc.client5.http.impl.io.PoolingHttpClientConnectionManager.connect(PoolingHttpClientConnectionManager.java:490)
	at org.apache.hc.client5.http.impl.classic.InternalExecRuntime.connectEndpoint(InternalExecRuntime.java:164)
	at org.apache.hc.client5.http.impl.classic.InternalExecRuntime.connectEndpoint(InternalExecRuntime.java:174)
	at org.apache.hc.client5.http.impl.classic.ConnectExec.execute(ConnectExec.java:144)
	at org.apache.hc.client5.http.impl.classic.ExecChainElement.execute(ExecChainElement.java:51)
	at org.apache.hc.client5.http.impl.classic.ProtocolExec.execute(ProtocolExec.java:192)
	at org.apache.hc.client5.http.impl.classic.ExecChainElement.execute(ExecChainElement.java:51)
	at org.apache.hc.client5.http.impl.classic.ContentCompressionExec.execute(ContentCompressionExec.java:150)
	at org.apache.hc.client5.http.impl.classic.ExecChainElement.execute(ExecChainElement.java:51)
	at org.apache.hc.client5.http.impl.classic.HttpRequestRetryExec.execute(HttpRequestRetryExec.java:113)
	at org.apache.hc.client5.http.impl.classic.ExecChainElement.execute(ExecChainElement.java:51)
	at org.apache.hc.client5.http.impl.classic.RedirectExec.execute(RedirectExec.java:110)
	at org.apache.hc.client5.http.impl.classic.ExecChainElement.execute(ExecChainElement.java:51)
	at org.apache.hc.client5.http.impl.classic.InternalHttpClient.doExecute(InternalHttpClient.java:174)
	at org.apache.hc.client5.http.impl.classic.CloseableHttpClient.execute(CloseableHttpClient.java:87)
	at org.apache.hc.client5.http.impl.classic.CloseableHttpClient.execute(CloseableHttpClient.java:55)
	at org.apache.hc.client5.http.classic.HttpClient.executeOpen(HttpClient.java:183)
	at org.springframework.http.client.HttpComponentsClientHttpRequest.executeInternal(HttpComponentsClientHttpRequest.java:99)
	at org.springframework.http.client.AbstractStreamingClientHttpRequest.executeInternal(AbstractStreamingClientHttpRequest.java:71)
	at org.springframework.http.client.AbstractClientHttpRequest.execute(AbstractClientHttpRequest.java:81)
	at org.springframework.http.client.InterceptingClientHttpRequest$InterceptingRequestExecution.execute(InterceptingClientHttpRequest.java:117)
	at org.springframework.cloud.netflix.eureka.http.RestTemplateTransportClientFactory.lambda$restTemplate$3(RestTemplateTransportClientFactory.java:141)
	at org.springframework.http.client.InterceptingClientHttpRequest$InterceptingRequestExecution.execute(InterceptingClientHttpRequest.java:88)
	at org.springframework.http.client.support.BasicAuthenticationInterceptor.intercept(BasicAuthenticationInterceptor.java:79)
	at org.springframework.http.client.InterceptingClientHttpRequest$InterceptingRequestExecution.execute(InterceptingClientHttpRequest.java:88)
	at org.springframework.http.client.InterceptingClientHttpRequest.executeInternal(InterceptingClientHttpRequest.java:72)
	at org.springframework.http.client.AbstractBufferingClientHttpRequest.executeInternal(AbstractBufferingClientHttpRequest.java:48)
	at org.springframework.http.client.AbstractClientHttpRequest.execute(AbstractClientHttpRequest.java:81)
	at org.springframework.web.client.RestTemplate.doExecute(RestTemplate.java:900)
	... 22 more

2026-08-21T18:12:26.559+01:00  WARN 6432 --- [schools-portal] [foReplicator-%d] c.n.d.s.t.d.RetryableEurekaHttpClient    : Request execution failed with message: I/O error on POST request for "http://localhost:8761/eureka/apps/SCHOOLS-PORTAL": Connect to http://localhost:8761 [localhost/127.0.0.1, localhost/0:0:0:0:0:0:0:1] failed: Connection refused: getsockopt
2026-08-21T18:12:26.559+01:00  WARN 6432 --- [schools-portal] [foReplicator-%d] c.n.d.DiscoveryClient                    : DiscoveryClient_SCHOOLS-PORTAL/CYP-WEBTEST-01.development.local:schools-portal:8024 - registration failed Cannot execute request on any known server

com.netflix.discovery.shared.transport.TransportException: Cannot execute request on any known server
	at com.netflix.discovery.shared.transport.decorator.RetryableEurekaHttpClient.execute(RetryableEurekaHttpClient.java:112) ~[eureka-client-2.0.4.jar!/:2.0.4]
	at com.netflix.discovery.shared.transport.decorator.EurekaHttpClientDecorator.register(EurekaHttpClientDecorator.java:56) ~[eureka-client-2.0.4.jar!/:2.0.4]
	at com.netflix.discovery.shared.transport.decorator.EurekaHttpClientDecorator$1.execute(EurekaHttpClientDecorator.java:59) ~[eureka-client-2.0.4.jar!/:2.0.4]
	at com.netflix.discovery.shared.transport.decorator.SessionedEurekaHttpClient.execute(SessionedEurekaHttpClient.java:76) ~[eureka-client-2.0.4.jar!/:2.0.4]
	at com.netflix.discovery.shared.transport.decorator.EurekaHttpClientDecorator.register(EurekaHttpClientDecorator.java:56) ~[eureka-client-2.0.4.jar!/:2.0.4]
	at com.netflix.discovery.DiscoveryClient.register(DiscoveryClient.java:828) ~[eureka-client-2.0.4.jar!/:2.0.4]
	at com.netflix.discovery.InstanceInfoReplicator.run(InstanceInfoReplicator.java:125) ~[eureka-client-2.0.4.jar!/:2.0.4]
	at com.netflix.discovery.InstanceInfoReplicator$2.run(InstanceInfoReplicator.java:105) ~[eureka-client-2.0.4.jar!/:2.0.4]
	at java.base/java.util.concurrent.Executors$RunnableAdapter.call(Executors.java:572) ~[?:?]
	at java.base/java.util.concurrent.FutureTask.run(FutureTask.java:317) ~[?:?]
	at java.base/java.util.concurrent.ScheduledThreadPoolExecutor$ScheduledFutureTask.run(ScheduledThreadPoolExecutor.java:304) ~[?:?]
	at java.base/java.util.concurrent.ThreadPoolExecutor.runWorker(ThreadPoolExecutor.java:1144) ~[?:?]
	at java.base/java.util.concurrent.ThreadPoolExecutor$Worker.run(ThreadPoolExecutor.java:642) ~[?:?]
	at java.base/java.lang.Thread.run(Thread.java:1583) [?:?]

2026-08-21T18:12:26.559+01:00  WARN 6432 --- [schools-portal] [foReplicator-%d] c.n.d.InstanceInfoReplicator             : There was a problem with the instance info replicator

com.netflix.discovery.shared.transport.TransportException: Cannot execute request on any known server
	at com.netflix.discovery.shared.transport.decorator.RetryableEurekaHttpClient.execute(RetryableEurekaHttpClient.java:112) ~[eureka-client-2.0.4.jar!/:2.0.4]
	at com.netflix.discovery.shared.transport.decorator.EurekaHttpClientDecorator.register(EurekaHttpClientDecorator.java:56) ~[eureka-client-2.0.4.jar!/:2.0.4]
	at com.netflix.discovery.shared.transport.decorator.EurekaHttpClientDecorator$1.execute(EurekaHttpClientDecorator.java:59) ~[eureka-client-2.0.4.jar!/:2.0.4]
	at com.netflix.discovery.shared.transport.decorator.SessionedEurekaHttpClient.execute(SessionedEurekaHttpClient.java:76) ~[eureka-client-2.0.4.jar!/:2.0.4]
	at com.netflix.discovery.shared.transport.decorator.EurekaHttpClientDecorator.register(EurekaHttpClientDecorator.java:56) ~[eureka-client-2.0.4.jar!/:2.0.4]
	at com.netflix.discovery.DiscoveryClient.register(DiscoveryClient.java:828) ~[eureka-client-2.0.4.jar!/:2.0.4]
	at com.netflix.discovery.InstanceInfoReplicator.run(InstanceInfoReplicator.java:125) ~[eureka-client-2.0.4.jar!/:2.0.4]
	at com.netflix.discovery.InstanceInfoReplicator$2.run(InstanceInfoReplicator.java:105) ~[eureka-client-2.0.4.jar!/:2.0.4]
	at java.base/java.util.concurrent.Executors$RunnableAdapter.call(Executors.java:572) ~[?:?]
	at java.base/java.util.concurrent.FutureTask.run(FutureTask.java:317) ~[?:?]
	at java.base/java.util.concurrent.ScheduledThreadPoolExecutor$ScheduledFutureTask.run(ScheduledThreadPoolExecutor.java:304) ~[?:?]
	at java.base/java.util.concurrent.ThreadPoolExecutor.runWorker(ThreadPoolExecutor.java:1144) ~[?:?]
	at java.base/java.util.concurrent.ThreadPoolExecutor$Worker.run(ThreadPoolExecutor.java:642) ~[?:?]
	at java.base/java.lang.Thread.run(Thread.java:1583) [?:?]

2026-08-21T18:12:27.083+01:00  INFO 6432 --- [schools-portal] [tomcat-shutdown] o.s.b.w.e.t.GracefulShutdown             : Graceful shutdown complete
2026-08-21T18:12:27.095+01:00  INFO 6432 --- [schools-portal] [ionShutdownHook] c.n.d.DiscoveryClient                    : Shutting down DiscoveryClient ...
2026-08-21T18:12:30.421+01:00  INFO 6432 --- [schools-portal] [ionShutdownHook] c.n.d.DiscoveryClient                    : Unregistering ...
2026-08-21T18:12:30.838+01:00  INFO 6432 --- [schools-portal] [ionShutdownHook] c.n.d.s.t.d.RedirectingEurekaHttpClient  : Request execution error. endpoint=DefaultEndpoint{ serviceUrl='http://admin:admin@localhost:8761/eureka/}, exception=I/O error on DELETE request for "http://localhost:8761/eureka/apps/SCHOOLS-PORTAL/CYP-WEBTEST-01.development.local:schools-portal:8024": Connect to http://localhost:8761 [localhost/127.0.0.1, localhost/0:0:0:0:0:0:0:1] failed: Connection refused: getsockopt stacktrace=org.springframework.web.client.ResourceAccessException: I/O error on DELETE request for "http://localhost:8761/eureka/apps/SCHOOLS-PORTAL/CYP-WEBTEST-01.development.local:schools-portal:8024": Connect to http://localhost:8761 [localhost/127.0.0.1, localhost/0:0:0:0:0:0:0:1] failed: Connection refused: getsockopt
	at org.springframework.web.client.RestTemplate.createResourceAccessException(RestTemplate.java:926)
	at org.springframework.web.client.RestTemplate.doExecute(RestTemplate.java:906)
	at org.springframework.web.client.RestTemplate.execute(RestTemplate.java:841)
	at org.springframework.web.client.RestTemplate.exchange(RestTemplate.java:702)
	at org.springframework.cloud.netflix.eureka.http.RestTemplateEurekaHttpClient.cancel(RestTemplateEurekaHttpClient.java:100)
	at com.netflix.discovery.shared.transport.decorator.EurekaHttpClientDecorator$2.execute(EurekaHttpClientDecorator.java:74)
	at com.netflix.discovery.shared.transport.decorator.RedirectingEurekaHttpClient.executeOnNewServer(RedirectingEurekaHttpClient.java:121)
	at com.netflix.discovery.shared.transport.decorator.RedirectingEurekaHttpClient.execute(RedirectingEurekaHttpClient.java:80)
	at com.netflix.discovery.shared.transport.decorator.EurekaHttpClientDecorator.cancel(EurekaHttpClientDecorator.java:71)
	at com.netflix.discovery.shared.transport.decorator.EurekaHttpClientDecorator$2.execute(EurekaHttpClientDecorator.java:74)
	at com.netflix.discovery.shared.transport.decorator.RetryableEurekaHttpClient.execute(RetryableEurekaHttpClient.java:120)
	at com.netflix.discovery.shared.transport.decorator.EurekaHttpClientDecorator.cancel(EurekaHttpClientDecorator.java:71)
	at com.netflix.discovery.shared.transport.decorator.EurekaHttpClientDecorator$2.execute(EurekaHttpClientDecorator.java:74)
	at com.netflix.discovery.shared.transport.decorator.SessionedEurekaHttpClient.execute(SessionedEurekaHttpClient.java:76)
	at com.netflix.discovery.shared.transport.decorator.EurekaHttpClientDecorator.cancel(EurekaHttpClientDecorator.java:71)
	at com.netflix.discovery.DiscoveryClient.unregister(DiscoveryClient.java:919)
	at com.netflix.discovery.DiscoveryClient.shutdown(DiscoveryClient.java:900)
	at java.base/jdk.internal.reflect.DirectMethodHandleAccessor.invoke(DirectMethodHandleAccessor.java:103)
	at java.base/java.lang.reflect.Method.invoke(Method.java:580)
	at org.springframework.beans.factory.annotation.InitDestroyAnnotationBeanPostProcessor$LifecycleMethod.invoke(InitDestroyAnnotationBeanPostProcessor.java:457)
	at org.springframework.beans.factory.annotation.InitDestroyAnnotationBeanPostProcessor$LifecycleMetadata.invokeDestroyMethods(InitDestroyAnnotationBeanPostProcessor.java:415)
	at org.springframework.beans.factory.annotation.InitDestroyAnnotationBeanPostProcessor.postProcessBeforeDestruction(InitDestroyAnnotationBeanPostProcessor.java:239)
	at org.springframework.beans.factory.support.DisposableBeanAdapter.destroy(DisposableBeanAdapter.java:202)
	at org.springframework.beans.factory.support.DisposableBeanAdapter.run(DisposableBeanAdapter.java:195)
	at org.springframework.cloud.context.scope.GenericScope$BeanLifecycleWrapper.destroy(GenericScope.java:389)
	at org.springframework.cloud.context.scope.GenericScope.destroy(GenericScope.java:136)
	at org.springframework.beans.factory.support.DisposableBeanAdapter.destroy(DisposableBeanAdapter.java:211)
	at org.springframework.beans.factory.support.DefaultSingletonBeanRegistry.destroyBean(DefaultSingletonBeanRegistry.java:668)
	at org.springframework.beans.factory.support.DefaultSingletonBeanRegistry.destroySingleton(DefaultSingletonBeanRegistry.java:625)
	at org.springframework.beans.factory.support.DefaultListableBeanFactory.destroySingleton(DefaultListableBeanFactory.java:1368)
	at org.springframework.beans.factory.support.DefaultSingletonBeanRegistry.destroySingletons(DefaultSingletonBeanRegistry.java:584)
	at org.springframework.beans.factory.support.DefaultListableBeanFactory.destroySingletons(DefaultListableBeanFactory.java:1361)
	at org.springframework.context.support.AbstractApplicationContext.destroyBeans(AbstractApplicationContext.java:1219)
	at org.springframework.context.support.AbstractApplicationContext.doClose(AbstractApplicationContext.java:1180)
	at org.springframework.boot.web.servlet.context.ServletWebServerApplicationContext.doClose(ServletWebServerApplicationContext.java:174)
	at org.springframework.context.support.AbstractApplicationContext.close(AbstractApplicationContext.java:1126)
	at org.springframework.boot.SpringApplicationShutdownHook.closeAndWait(SpringApplicationShutdownHook.java:147)
	at java.base/java.lang.Iterable.forEach(Iterable.java:75)
	at org.springframework.boot.SpringApplicationShutdownHook.run(SpringApplicationShutdownHook.java:116)
	at java.base/java.lang.Thread.run(Thread.java:1583)
Caused by: org.apache.hc.client5.http.HttpHostConnectException: Connect to http://localhost:8761 [localhost/127.0.0.1, localhost/0:0:0:0:0:0:0:1] failed: Connection refused: getsockopt
	at java.base/sun.nio.ch.Net.pollConnect(Native Method)
	at java.base/sun.nio.ch.Net.pollConnectNow(Net.java:694)
	at java.base/sun.nio.ch.NioSocketImpl.timedFinishConnect(NioSocketImpl.java:542)
	at java.base/sun.nio.ch.NioSocketImpl.connect(NioSocketImpl.java:592)
	at java.base/java.net.SocksSocketImpl.connect(SocksSocketImpl.java:327)
	at java.base/java.net.Socket.connect(Socket.java:751)
	at org.apache.hc.client5.http.impl.io.DefaultHttpClientConnectionOperator.connect(DefaultHttpClientConnectionOperator.java:216)
	at org.apache.hc.client5.http.impl.io.PoolingHttpClientConnectionManager.connect(PoolingHttpClientConnectionManager.java:490)
	at org.apache.hc.client5.http.impl.classic.InternalExecRuntime.connectEndpoint(InternalExecRuntime.java:164)
	at org.apache.hc.client5.http.impl.classic.InternalExecRuntime.connectEndpoint(InternalExecRuntime.java:174)
	at org.apache.hc.client5.http.impl.classic.ConnectExec.execute(ConnectExec.java:144)
	at org.apache.hc.client5.http.impl.classic.ExecChainElement.execute(ExecChainElement.java:51)
	at org.apache.hc.client5.http.impl.classic.ProtocolExec.execute(ProtocolExec.java:192)
	at org.apache.hc.client5.http.impl.classic.ExecChainElement.execute(ExecChainElement.java:51)
	at org.apache.hc.client5.http.impl.classic.ContentCompressionExec.execute(ContentCompressionExec.java:150)
	at org.apache.hc.client5.http.impl.classic.ExecChainElement.execute(ExecChainElement.java:51)
	at org.apache.hc.client5.http.impl.classic.HttpRequestRetryExec.execute(HttpRequestRetryExec.java:113)
	at org.apache.hc.client5.http.impl.classic.ExecChainElement.execute(ExecChainElement.java:51)
	at org.apache.hc.client5.http.impl.classic.RedirectExec.execute(RedirectExec.java:110)
	at org.apache.hc.client5.http.impl.classic.ExecChainElement.execute(ExecChainElement.java:51)
	at org.apache.hc.client5.http.impl.classic.InternalHttpClient.doExecute(InternalHttpClient.java:174)
	at org.apache.hc.client5.http.impl.classic.CloseableHttpClient.execute(CloseableHttpClient.java:87)
	at org.apache.hc.client5.http.impl.classic.CloseableHttpClient.execute(CloseableHttpClient.java:55)
	at org.apache.hc.client5.http.classic.HttpClient.executeOpen(HttpClient.java:183)
	at org.springframework.http.client.HttpComponentsClientHttpRequest.executeInternal(HttpComponentsClientHttpRequest.java:99)
	at org.springframework.http.client.AbstractStreamingClientHttpRequest.executeInternal(AbstractStreamingClientHttpRequest.java:71)
	at org.springframework.http.client.AbstractClientHttpRequest.execute(AbstractClientHttpRequest.java:81)
	at org.springframework.http.client.InterceptingClientHttpRequest$InterceptingRequestExecution.execute(InterceptingClientHttpRequest.java:117)
	at org.springframework.cloud.netflix.eureka.http.RestTemplateTransportClientFactory.lambda$restTemplate$3(RestTemplateTransportClientFactory.java:141)
	at org.springframework.http.client.InterceptingClientHttpRequest$InterceptingRequestExecution.execute(InterceptingClientHttpRequest.java:88)
	at org.springframework.http.client.support.BasicAuthenticationInterceptor.intercept(BasicAuthenticationInterceptor.java:79)
	at org.springframework.http.client.InterceptingClientHttpRequest$InterceptingRequestExecution.execute(InterceptingClientHttpRequest.java:88)
	at org.springframework.http.client.InterceptingClientHttpRequest.executeInternal(InterceptingClientHttpRequest.java:72)
	at org.springframework.http.client.AbstractBufferingClientHttpRequest.executeInternal(AbstractBufferingClientHttpRequest.java:48)
	at org.springframework.http.client.AbstractClientHttpRequest.execute(AbstractClientHttpRequest.java:81)
	at org.springframework.web.client.RestTemplate.doExecute(RestTemplate.java:900)
	... 38 more

2026-08-21T18:12:30.838+01:00  WARN 6432 --- [schools-portal] [ionShutdownHook] c.n.d.s.t.d.RetryableEurekaHttpClient    : Request execution failed with message: I/O error on DELETE request for "http://localhost:8761/eureka/apps/SCHOOLS-PORTAL/CYP-WEBTEST-01.development.local:schools-portal:8024": Connect to http://localhost:8761 [localhost/127.0.0.1, localhost/0:0:0:0:0:0:0:1] failed: Connection refused: getsockopt
2026-08-21T18:12:30.839+01:00 ERROR 6432 --- [schools-portal] [ionShutdownHook] c.n.d.DiscoveryClient                    : DiscoveryClient_SCHOOLS-PORTAL/CYP-WEBTEST-01.development.local:schools-portal:8024 - de-registration failedCannot execute request on any known server

com.netflix.discovery.shared.transport.TransportException: Cannot execute request on any known server
	at com.netflix.discovery.shared.transport.decorator.RetryableEurekaHttpClient.execute(RetryableEurekaHttpClient.java:112) ~[eureka-client-2.0.4.jar!/:2.0.4]
	at com.netflix.discovery.shared.transport.decorator.EurekaHttpClientDecorator.cancel(EurekaHttpClientDecorator.java:71) ~[eureka-client-2.0.4.jar!/:2.0.4]
	at com.netflix.discovery.shared.transport.decorator.EurekaHttpClientDecorator$2.execute(EurekaHttpClientDecorator.java:74) ~[eureka-client-2.0.4.jar!/:2.0.4]
	at com.netflix.discovery.shared.transport.decorator.SessionedEurekaHttpClient.execute(SessionedEurekaHttpClient.java:76) ~[eureka-client-2.0.4.jar!/:2.0.4]
	at com.netflix.discovery.shared.transport.decorator.EurekaHttpClientDecorator.cancel(EurekaHttpClientDecorator.java:71) ~[eureka-client-2.0.4.jar!/:2.0.4]
	at com.netflix.discovery.DiscoveryClient.unregister(DiscoveryClient.java:919) ~[eureka-client-2.0.4.jar!/:2.0.4]
	at com.netflix.discovery.DiscoveryClient.shutdown(DiscoveryClient.java:900) ~[eureka-client-2.0.4.jar!/:2.0.4]
	at java.base/jdk.internal.reflect.DirectMethodHandleAccessor.invoke(DirectMethodHandleAccessor.java:103) ~[?:?]
	at java.base/java.lang.reflect.Method.invoke(Method.java:580) ~[?:?]
	at org.springframework.beans.factory.annotation.InitDestroyAnnotationBeanPostProcessor$LifecycleMethod.invoke(InitDestroyAnnotationBeanPostProcessor.java:457) ~[spring-beans-6.2.1.jar!/:6.2.1]
	at org.springframework.beans.factory.annotation.InitDestroyAnnotationBeanPostProcessor$LifecycleMetadata.invokeDestroyMethods(InitDestroyAnnotationBeanPostProcessor.java:415) ~[spring-beans-6.2.1.jar!/:6.2.1]
	at org.springframework.beans.factory.annotation.InitDestroyAnnotationBeanPostProcessor.postProcessBeforeDestruction(InitDestroyAnnotationBeanPostProcessor.java:239) ~[spring-beans-6.2.1.jar!/:6.2.1]
	at org.springframework.beans.factory.support.DisposableBeanAdapter.destroy(DisposableBeanAdapter.java:202) ~[spring-beans-6.2.1.jar!/:6.2.1]
	at org.springframework.beans.factory.support.DisposableBeanAdapter.run(DisposableBeanAdapter.java:195) ~[spring-beans-6.2.1.jar!/:6.2.1]
	at org.springframework.cloud.context.scope.GenericScope$BeanLifecycleWrapper.destroy(GenericScope.java:389) ~[spring-cloud-context-4.2.0.jar!/:4.2.0]
	at org.springframework.cloud.context.scope.GenericScope.destroy(GenericScope.java:136) ~[spring-cloud-context-4.2.0.jar!/:4.2.0]
	at org.springframework.beans.factory.support.DisposableBeanAdapter.destroy(DisposableBeanAdapter.java:211) ~[spring-beans-6.2.1.jar!/:6.2.1]
	at org.springframework.beans.factory.support.DefaultSingletonBeanRegistry.destroyBean(DefaultSingletonBeanRegistry.java:668) ~[spring-beans-6.2.1.jar!/:6.2.1]
	at org.springframework.beans.factory.support.DefaultSingletonBeanRegistry.destroySingleton(DefaultSingletonBeanRegistry.java:625) ~[spring-beans-6.2.1.jar!/:6.2.1]
	at org.springframework.beans.factory.support.DefaultListableBeanFactory.destroySingleton(DefaultListableBeanFactory.java:1368) ~[spring-beans-6.2.1.jar!/:6.2.1]
	at org.springframework.beans.factory.support.DefaultSingletonBeanRegistry.destroySingletons(DefaultSingletonBeanRegistry.java:584) ~[spring-beans-6.2.1.jar!/:6.2.1]
	at org.springframework.beans.factory.support.DefaultListableBeanFactory.destroySingletons(DefaultListableBeanFactory.java:1361) ~[spring-beans-6.2.1.jar!/:6.2.1]
	at org.springframework.context.support.AbstractApplicationContext.destroyBeans(AbstractApplicationContext.java:1219) ~[spring-context-6.2.1.jar!/:6.2.1]
	at org.springframework.context.support.AbstractApplicationContext.doClose(AbstractApplicationContext.java:1180) ~[spring-context-6.2.1.jar!/:6.2.1]
	at org.springframework.boot.web.servlet.context.ServletWebServerApplicationContext.doClose(ServletWebServerApplicationContext.java:174) ~[spring-boot-3.4.1.jar!/:3.4.1]
	at org.springframework.context.support.AbstractApplicationContext.close(AbstractApplicationContext.java:1126) ~[spring-context-6.2.1.jar!/:6.2.1]
	at org.springframework.boot.SpringApplicationShutdownHook.closeAndWait(SpringApplicationShutdownHook.java:147) ~[spring-boot-3.4.1.jar!/:3.4.1]
	at java.base/java.lang.Iterable.forEach(Iterable.java:75) ~[?:?]
	at org.springframework.boot.SpringApplicationShutdownHook.run(SpringApplicationShutdownHook.java:116) ~[spring-boot-3.4.1.jar!/:3.4.1]
	at java.base/java.lang.Thread.run(Thread.java:1583) [?:?]

2026-08-21T18:12:30.839+01:00  INFO 6432 --- [schools-portal] [ionShutdownHook] c.n.d.DiscoveryClient                    : Completed shut down of DiscoveryClient
   _____      _                 _       _____           _        _
  / ____|    | |               | |     |  __ \         | |      | |
 | (___   ___| |__   ___   ___ | |___  | |__) |__  _ __| |_ __ _| |
  \___ \ / __| '_ \ / _ \ / _ \| / __| |  ___/ _ \| '__| __/ _` | |
  ____) | (__| | | | (_) | (_) | \__ \ | |  | (_) | |  | || (_| | |
 |_____/ \___|_| |_|\___/ \___/|_|___/ |_|   \___/|_|   \__\__,_|_|

schools-portal - 17.0.1
2026-08-21T18:12:53.302+01:00  INFO 17028 --- [schools-portal] [           main] u.c.c.i.s.p.ImpulseSchoolsPortal         : Starting ImpulseSchoolsPortal v17.0.1 using Java 21.0.12.1 with PID 17028 (D:\CACI\WebTier\Portals\pgTest01\impulse-schools-portal\impulse-schools-portal.war started by CYP-WEBTEST-01$ in D:\CACI\WebTier\Portals\pgTest01\impulse-schools-portal)
2026-08-21T18:12:53.322+01:00  INFO 17028 --- [schools-portal] [           main] u.c.c.i.s.p.ImpulseSchoolsPortal         : The following 2 profiles are active: "postgres", "onsite-pgTest01"
2026-08-21T18:13:03.660+01:00  INFO 17028 --- [schools-portal] [           main] o.s.c.c.s.GenericScope                   : BeanFactory id=9db2cc42-6285-36c4-922f-d5d3c94dc86a
2026-08-21T18:13:03.878+01:00  INFO 17028 --- [schools-portal] [           main] ptablePropertiesBeanFactoryPostProcessor : Post-processing PropertySource instances
2026-08-21T18:13:03.881+01:00  INFO 17028 --- [schools-portal] [           main] c.u.j.EncryptablePropertySourceConverter : Skipping PropertySource configurationProperties [class org.springframework.boot.context.properties.source.ConfigurationPropertySourcesPropertySource
2026-08-21T18:13:03.883+01:00  INFO 17028 --- [schools-portal] [           main] c.u.j.EncryptablePropertySourceConverter : Converting PropertySource commandLineArgs [org.springframework.core.env.SimpleCommandLinePropertySource] to EncryptableEnumerablePropertySourceWrapper
2026-08-21T18:13:03.884+01:00  INFO 17028 --- [schools-portal] [           main] c.u.j.EncryptablePropertySourceConverter : Skipping PropertySource servletConfigInitParams [class org.springframework.core.env.PropertySource$StubPropertySource
2026-08-21T18:13:03.884+01:00  INFO 17028 --- [schools-portal] [           main] c.u.j.EncryptablePropertySourceConverter : Skipping PropertySource servletContextInitParams [class org.springframework.core.env.PropertySource$StubPropertySource
2026-08-21T18:13:03.884+01:00  INFO 17028 --- [schools-portal] [           main] c.u.j.EncryptablePropertySourceConverter : Converting PropertySource systemProperties [org.springframework.core.env.PropertiesPropertySource] to EncryptableMapPropertySourceWrapper
2026-08-21T18:13:03.884+01:00  INFO 17028 --- [schools-portal] [           main] c.u.j.EncryptablePropertySourceConverter : Converting PropertySource systemEnvironment [org.springframework.boot.env.SystemEnvironmentPropertySourceEnvironmentPostProcessor$OriginAwareSystemEnvironmentPropertySource] to EncryptableSystemEnvironmentPropertySourceWrapper
2026-08-21T18:13:03.885+01:00  INFO 17028 --- [schools-portal] [           main] c.u.j.EncryptablePropertySourceConverter : Converting PropertySource random [org.springframework.boot.env.RandomValuePropertySource] to EncryptablePropertySourceWrapper
2026-08-21T18:13:03.892+01:00  INFO 17028 --- [schools-portal] [           main] c.u.j.EncryptablePropertySourceConverter : Converting PropertySource cachedrandom [org.springframework.cloud.util.random.CachedRandomPropertySource] to EncryptablePropertySourceWrapper
2026-08-21T18:13:03.893+01:00  INFO 17028 --- [schools-portal] [           main] c.u.j.EncryptablePropertySourceConverter : Converting PropertySource Config resource 'file [D:\CACI\WebTier\Config\Portals\pgTest01\application-postgres.yml]' via location 'file:///D:/CACI/WebTier/Config/Portals/pgTest01/' [org.springframework.boot.env.OriginTrackedMapPropertySource] to EncryptableMapPropertySourceWrapper
2026-08-21T18:13:03.893+01:00  INFO 17028 --- [schools-portal] [           main] c.u.j.EncryptablePropertySourceConverter : Converting PropertySource Config resource 'file [application-onsite-pgTest01.yml]' via location 'optional:file:./' [org.springframework.boot.env.OriginTrackedMapPropertySource] to EncryptableMapPropertySourceWrapper
2026-08-21T18:13:03.893+01:00  INFO 17028 --- [schools-portal] [           main] c.u.j.EncryptablePropertySourceConverter : Converting PropertySource Config resource 'class path resource [config/application.yml]' via location 'optional:classpath:/config/' [org.springframework.boot.env.OriginTrackedMapPropertySource] to EncryptableMapPropertySourceWrapper
2026-08-21T18:13:03.904+01:00  INFO 17028 --- [schools-portal] [           main] c.u.j.EncryptablePropertySourceConverter : Converting PropertySource springCloudClientHostInfo [org.springframework.core.env.MapPropertySource] to EncryptableMapPropertySourceWrapper
2026-08-21T18:13:03.905+01:00  INFO 17028 --- [schools-portal] [           main] c.u.j.EncryptablePropertySourceConverter : Converting PropertySource applicationInfo [org.springframework.boot.ApplicationInfoPropertySource] to EncryptableMapPropertySourceWrapper
2026-08-21T18:13:03.905+01:00  INFO 17028 --- [schools-portal] [           main] c.u.j.EncryptablePropertySourceConverter : Converting PropertySource defaultProperties [org.springframework.boot.DefaultPropertiesPropertySource] to EncryptableMapPropertySourceWrapper
2026-08-21T18:13:05.104+01:00  INFO 17028 --- [schools-portal] [           main] c.u.j.f.DefaultLazyPropertyFilter        : Property Filter custom Bean not found with name 'encryptablePropertyFilter'. Initializing Default Property Filter
2026-08-21T18:13:05.317+01:00  INFO 17028 --- [schools-portal] [           main] c.u.j.r.DefaultLazyPropertyResolver      : Property Resolver custom Bean not found with name 'encryptablePropertyResolver'. Initializing Default Property Resolver
2026-08-21T18:13:05.320+01:00  INFO 17028 --- [schools-portal] [           main] c.u.j.d.DefaultLazyPropertyDetector      : Property Detector custom Bean not found with name 'encryptablePropertyDetector'. Initializing Default Property Detector
2026-08-21T18:13:06.896+01:00  INFO 17028 --- [schools-portal] [           main] o.s.b.w.e.t.TomcatWebServer              : Tomcat initialized with port 8024 (http)
2026-08-21T18:13:07.960+01:00  INFO 17028 --- [schools-portal] [           main] w.s.c.ServletWebServerApplicationContext : Root WebApplicationContext: initialization completed in 13931 ms
2026-08-21T18:13:15.714+01:00  INFO 17028 --- [schools-portal] [           main] DiscoveryClientOptionalArgsConfiguration : Eureka HTTP Client uses RestTemplate.
2026-08-21T18:13:15.849+01:00  INFO 17028 --- [schools-portal] [           main] o.s.c.n.e.InstanceInfoFactory            : Setting initial instance status as: STARTING
2026-08-21T18:13:15.911+01:00  INFO 17028 --- [schools-portal] [           main] c.n.d.DiscoveryClient                    : Initializing Eureka in region us-east-1
2026-08-21T18:13:15.924+01:00  INFO 17028 --- [schools-portal] [           main] c.n.d.s.r.a.ConfigClusterResolver        : Resolving eureka endpoints via configuration
2026-08-21T18:13:15.998+01:00  INFO 17028 --- [schools-portal] [           main] c.n.d.DiscoveryClient                    : Disable delta property : false
2026-08-21T18:13:15.998+01:00  INFO 17028 --- [schools-portal] [           main] c.n.d.DiscoveryClient                    : Single vip registry refresh property : null
2026-08-21T18:13:16.000+01:00  INFO 17028 --- [schools-portal] [           main] c.n.d.DiscoveryClient                    : Force full registry fetch : false
2026-08-21T18:13:16.000+01:00  INFO 17028 --- [schools-portal] [           main] c.n.d.DiscoveryClient                    : Application is null : false
2026-08-21T18:13:16.000+01:00  INFO 17028 --- [schools-portal] [           main] c.n.d.DiscoveryClient                    : Registered Applications size is zero : true
2026-08-21T18:13:16.000+01:00  INFO 17028 --- [schools-portal] [           main] c.n.d.DiscoveryClient                    : Application version is -1: true
2026-08-21T18:13:16.000+01:00  INFO 17028 --- [schools-portal] [           main] c.n.d.DiscoveryClient                    : Getting all instance registry info from the eureka server
2026-08-21T18:13:17.348+01:00  INFO 17028 --- [schools-portal] [           main] c.n.d.DiscoveryClient                    : The response status is 200
2026-08-21T18:13:17.352+01:00  INFO 17028 --- [schools-portal] [           main] c.n.d.DiscoveryClient                    : Starting heartbeat executor: renew interval is: 30
2026-08-21T18:13:17.363+01:00  INFO 17028 --- [schools-portal] [           main] c.n.d.InstanceInfoReplicator             : InstanceInfoReplicator onDemand update allowed rate per min is 4
2026-08-21T18:13:17.371+01:00  INFO 17028 --- [schools-portal] [           main] c.n.d.DiscoveryClient                    : Discovery Client initialized at timestamp 1787332397370 with initial instances count: 6
2026-08-21T18:13:17.817+01:00  INFO 17028 --- [schools-portal] [           main] o.s.b.a.w.s.WelcomePageHandlerMapping    : Adding welcome page: ServletContext resource [/index.html]
2026-08-21T18:13:18.553+01:00  WARN 17028 --- [schools-portal] [           main] iguration$LoadBalancerCaffeineWarnLogger : Spring Cloud LoadBalancer is currently working with the default cache. While this cache implementation is useful for development and tests, it's recommended to use Caffeine cache in production.You can switch to using Caffeine cache, by adding it and org.springframework.cache.caffeine.CaffeineCacheManager to the classpath.
2026-08-21T18:13:18.583+01:00  INFO 17028 --- [schools-portal] [           main] o.s.c.n.e.s.EurekaServiceRegistry        : Registering application SCHOOLS-PORTAL with eureka with status UP
2026-08-21T18:13:18.585+01:00  INFO 17028 --- [schools-portal] [           main] c.n.d.DiscoveryClient                    : Saw local status change event StatusChangeEvent [timestamp=1787332398585, current=UP, previous=STARTING]
2026-08-21T18:13:18.625+01:00  INFO 17028 --- [schools-portal] [foReplicator-%d] c.n.d.DiscoveryClient                    : DiscoveryClient_SCHOOLS-PORTAL/CYP-WEBTEST-01.development.local:schools-portal:8024: registering service...
2026-08-21T18:13:18.712+01:00  INFO 17028 --- [schools-portal] [           main] o.s.b.w.e.t.TomcatWebServer              : Tomcat started on port 8024 (http) with context path '/'
2026-08-21T18:13:18.714+01:00  INFO 17028 --- [schools-portal] [           main] .s.c.n.e.s.EurekaAutoServiceRegistration : Updating port to 8024
2026-08-21T18:13:18.714+01:00  INFO 17028 --- [schools-portal] [           main] u.j.c.RefreshScopeRefreshedEventListener : Refreshing cached encryptable property sources on ServletWebServerInitializedEvent
2026-08-21T18:13:18.715+01:00  INFO 17028 --- [schools-portal] [           main] CachingDelegateEncryptablePropertySource : Property Source commandLineArgs refreshed
2026-08-21T18:13:18.715+01:00  INFO 17028 --- [schools-portal] [           main] CachingDelegateEncryptablePropertySource : Property Source systemProperties refreshed
2026-08-21T18:13:18.715+01:00  INFO 17028 --- [schools-portal] [           main] CachingDelegateEncryptablePropertySource : Property Source systemEnvironment refreshed
2026-08-21T18:13:18.715+01:00  INFO 17028 --- [schools-portal] [           main] CachingDelegateEncryptablePropertySource : Property Source random refreshed
2026-08-21T18:13:18.715+01:00  INFO 17028 --- [schools-portal] [           main] CachingDelegateEncryptablePropertySource : Property Source cachedrandom refreshed
2026-08-21T18:13:18.715+01:00  INFO 17028 --- [schools-portal] [           main] CachingDelegateEncryptablePropertySource : Property Source Config resource 'file [D:\CACI\WebTier\Config\Portals\pgTest01\application-postgres.yml]' via location 'file:///D:/CACI/WebTier/Config/Portals/pgTest01/' refreshed
2026-08-21T18:13:18.716+01:00  INFO 17028 --- [schools-portal] [           main] CachingDelegateEncryptablePropertySource : Property Source Config resource 'file [application-onsite-pgTest01.yml]' via location 'optional:file:./' refreshed
2026-08-21T18:13:18.717+01:00  INFO 17028 --- [schools-portal] [           main] CachingDelegateEncryptablePropertySource : Property Source Config resource 'class path resource [config/application.yml]' via location 'optional:classpath:/config/' refreshed
2026-08-21T18:13:18.717+01:00  INFO 17028 --- [schools-portal] [           main] CachingDelegateEncryptablePropertySource : Property Source springCloudClientHostInfo refreshed
2026-08-21T18:13:18.717+01:00  INFO 17028 --- [schools-portal] [           main] CachingDelegateEncryptablePropertySource : Property Source applicationInfo refreshed
2026-08-21T18:13:18.717+01:00  INFO 17028 --- [schools-portal] [           main] CachingDelegateEncryptablePropertySource : Property Source defaultProperties refreshed
2026-08-21T18:13:18.717+01:00  INFO 17028 --- [schools-portal] [           main] c.u.j.EncryptablePropertySourceConverter : Skipping PropertySource configurationProperties [class org.springframework.boot.context.properties.source.ConfigurationPropertySourcesPropertySource
2026-08-21T18:13:18.717+01:00  INFO 17028 --- [schools-portal] [           main] c.u.j.EncryptablePropertySourceConverter : Skipping PropertySource servletConfigInitParams [class org.springframework.core.env.PropertySource$StubPropertySource
2026-08-21T18:13:18.718+01:00  INFO 17028 --- [schools-portal] [           main] c.u.j.EncryptablePropertySourceConverter : Converting PropertySource servletContextInitParams [org.springframework.web.context.support.ServletContextPropertySource] to EncryptableEnumerablePropertySourceWrapper
2026-08-21T18:13:18.958+01:00  INFO 17028 --- [schools-portal] [foReplicator-%d] c.n.d.DiscoveryClient                    : DiscoveryClient_SCHOOLS-PORTAL/CYP-WEBTEST-01.development.local:schools-portal:8024 - registration status: 204
2026-08-21T18:13:18.976+01:00  INFO 17028 --- [schools-portal] [           main] u.c.c.i.s.p.ImpulseSchoolsPortal         : Started ImpulseSchoolsPortal in 32.166 seconds (process running for 40.669)
2026-08-21T18:13:18.984+01:00  INFO 17028 --- [schools-portal] [           main] u.c.c.i.s.p.ImpulseSchoolsPortal         : 
----------------------------------------------------------
	Application 'schools-portal' is running! Access URLs:
	Local: http://localhost:8024
	External: http://10.102.18.72:8024
	Profile(s): [postgres, onsite-pgTest01]
----------------------------------------------------------
2026-08-21T18:18:16.005+01:00  INFO 17028 --- [schools-portal] [rap-executor-%d] c.n.d.s.r.a.ConfigClusterResolver        : Resolving eureka endpoints via configuration
2026-08-21T18:23:16.014+01:00  INFO 17028 --- [schools-portal] [rap-executor-%d] c.n.d.s.r.a.ConfigClusterResolver        : Resolving eureka endpoints via configuration
2026-08-21T18:24:17.524+01:00  INFO 17028 --- [schools-portal] [ionShutdownHook] o.s.c.n.e.s.EurekaServiceRegistry        : Unregistering application SCHOOLS-PORTAL with eureka with status DOWN
2026-08-21T18:24:17.525+01:00  INFO 17028 --- [schools-portal] [ionShutdownHook] c.n.d.DiscoveryClient                    : Saw local status change event StatusChangeEvent [timestamp=1787333057525, current=DOWN, previous=UP]
2026-08-21T18:24:17.527+01:00  INFO 17028 --- [schools-portal] [foReplicator-%d] c.n.d.DiscoveryClient                    : DiscoveryClient_SCHOOLS-PORTAL/CYP-WEBTEST-01.development.local:schools-portal:8024: registering service...
2026-08-21T18:24:17.530+01:00  INFO 17028 --- [schools-portal] [ionShutdownHook] o.s.b.w.e.t.GracefulShutdown             : Commencing graceful shutdown. Waiting for active requests to complete
2026-08-21T18:24:17.538+01:00  INFO 17028 --- [schools-portal] [foReplicator-%d] c.n.d.s.t.d.RedirectingEurekaHttpClient  : Request execution error. endpoint=DefaultEndpoint{ serviceUrl='http://admin:admin@localhost:8761/eureka/} exception=I/O error on POST request for "http://localhost:8761/eureka/apps/SCHOOLS-PORTAL": Connect to http://localhost:8761 [localhost/127.0.0.1, localhost/0:0:0:0:0:0:0:1] failed: Connection refused: getsockopt stacktrace=org.springframework.web.client.ResourceAccessException: I/O error on POST request for "http://localhost:8761/eureka/apps/SCHOOLS-PORTAL": Connect to http://localhost:8761 [localhost/127.0.0.1, localhost/0:0:0:0:0:0:0:1] failed: Connection refused: getsockopt
	at org.springframework.web.client.RestTemplate.createResourceAccessException(RestTemplate.java:926)
	at org.springframework.web.client.RestTemplate.doExecute(RestTemplate.java:906)
	at org.springframework.web.client.RestTemplate.execute(RestTemplate.java:841)
	at org.springframework.web.client.RestTemplate.exchange(RestTemplate.java:702)
	at org.springframework.cloud.netflix.eureka.http.RestTemplateEurekaHttpClient.register(RestTemplateEurekaHttpClient.java:87)
	at com.netflix.discovery.shared.transport.decorator.EurekaHttpClientDecorator$1.execute(EurekaHttpClientDecorator.java:59)
	at com.netflix.discovery.shared.transport.decorator.RedirectingEurekaHttpClient.execute(RedirectingEurekaHttpClient.java:91)
	at com.netflix.discovery.shared.transport.decorator.EurekaHttpClientDecorator.register(EurekaHttpClientDecorator.java:56)
	at com.netflix.discovery.shared.transport.decorator.EurekaHttpClientDecorator$1.execute(EurekaHttpClientDecorator.java:59)
	at com.netflix.discovery.shared.transport.decorator.RetryableEurekaHttpClient.execute(RetryableEurekaHttpClient.java:120)
	at com.netflix.discovery.shared.transport.decorator.EurekaHttpClientDecorator.register(EurekaHttpClientDecorator.java:56)
	at com.netflix.discovery.shared.transport.decorator.EurekaHttpClientDecorator$1.execute(EurekaHttpClientDecorator.java:59)
	at com.netflix.discovery.shared.transport.decorator.SessionedEurekaHttpClient.execute(SessionedEurekaHttpClient.java:76)
	at com.netflix.discovery.shared.transport.decorator.EurekaHttpClientDecorator.register(EurekaHttpClientDecorator.java:56)
	at com.netflix.discovery.DiscoveryClient.register(DiscoveryClient.java:828)
	at com.netflix.discovery.InstanceInfoReplicator.run(InstanceInfoReplicator.java:125)
	at com.netflix.discovery.InstanceInfoReplicator$2.run(InstanceInfoReplicator.java:105)
	at java.base/java.util.concurrent.Executors$RunnableAdapter.call(Executors.java:572)
	at java.base/java.util.concurrent.FutureTask.run(FutureTask.java:317)
	at java.base/java.util.concurrent.ScheduledThreadPoolExecutor$ScheduledFutureTask.run(ScheduledThreadPoolExecutor.java:304)
	at java.base/java.util.concurrent.ThreadPoolExecutor.runWorker(ThreadPoolExecutor.java:1144)
	at java.base/java.util.concurrent.ThreadPoolExecutor$Worker.run(ThreadPoolExecutor.java:642)
	at java.base/java.lang.Thread.run(Thread.java:1583)
Caused by: org.apache.hc.client5.http.HttpHostConnectException: Connect to http://localhost:8761 [localhost/127.0.0.1, localhost/0:0:0:0:0:0:0:1] failed: Connection refused: getsockopt
	at java.base/sun.nio.ch.Net.pollConnect(Native Method)
	at java.base/sun.nio.ch.Net.pollConnectNow(Net.java:694)
	at java.base/sun.nio.ch.NioSocketImpl.timedFinishConnect(NioSocketImpl.java:542)
	at java.base/sun.nio.ch.NioSocketImpl.connect(NioSocketImpl.java:592)
	at java.base/java.net.SocksSocketImpl.connect(SocksSocketImpl.java:327)
	at java.base/java.net.Socket.connect(Socket.java:751)
	at org.apache.hc.client5.http.impl.io.DefaultHttpClientConnectionOperator.connect(DefaultHttpClientConnectionOperator.java:216)
	at org.apache.hc.client5.http.impl.io.PoolingHttpClientConnectionManager.connect(PoolingHttpClientConnectionManager.java:490)
	at org.apache.hc.client5.http.impl.classic.InternalExecRuntime.connectEndpoint(InternalExecRuntime.java:164)
	at org.apache.hc.client5.http.impl.classic.InternalExecRuntime.connectEndpoint(InternalExecRuntime.java:174)
	at org.apache.hc.client5.http.impl.classic.ConnectExec.execute(ConnectExec.java:144)
	at org.apache.hc.client5.http.impl.classic.ExecChainElement.execute(ExecChainElement.java:51)
	at org.apache.hc.client5.http.impl.classic.ProtocolExec.execute(ProtocolExec.java:192)
	at org.apache.hc.client5.http.impl.classic.ExecChainElement.execute(ExecChainElement.java:51)
	at org.apache.hc.client5.http.impl.classic.ContentCompressionExec.execute(ContentCompressionExec.java:150)
	at org.apache.hc.client5.http.impl.classic.ExecChainElement.execute(ExecChainElement.java:51)
	at org.apache.hc.client5.http.impl.classic.HttpRequestRetryExec.execute(HttpRequestRetryExec.java:113)
	at org.apache.hc.client5.http.impl.classic.ExecChainElement.execute(ExecChainElement.java:51)
	at org.apache.hc.client5.http.impl.classic.RedirectExec.execute(RedirectExec.java:110)
	at org.apache.hc.client5.http.impl.classic.ExecChainElement.execute(ExecChainElement.java:51)
	at org.apache.hc.client5.http.impl.classic.InternalHttpClient.doExecute(InternalHttpClient.java:174)
	at org.apache.hc.client5.http.impl.classic.CloseableHttpClient.execute(CloseableHttpClient.java:87)
	at org.apache.hc.client5.http.impl.classic.CloseableHttpClient.execute(CloseableHttpClient.java:55)
	at org.apache.hc.client5.http.classic.HttpClient.executeOpen(HttpClient.java:183)
	at org.springframework.http.client.HttpComponentsClientHttpRequest.executeInternal(HttpComponentsClientHttpRequest.java:99)
	at org.springframework.http.client.AbstractStreamingClientHttpRequest.executeInternal(AbstractStreamingClientHttpRequest.java:71)
	at org.springframework.http.client.AbstractClientHttpRequest.execute(AbstractClientHttpRequest.java:81)
	at org.springframework.http.client.InterceptingClientHttpRequest$InterceptingRequestExecution.execute(InterceptingClientHttpRequest.java:117)
	at org.springframework.cloud.netflix.eureka.http.RestTemplateTransportClientFactory.lambda$restTemplate$3(RestTemplateTransportClientFactory.java:141)
	at org.springframework.http.client.InterceptingClientHttpRequest$InterceptingRequestExecution.execute(InterceptingClientHttpRequest.java:88)
	at org.springframework.http.client.support.BasicAuthenticationInterceptor.intercept(BasicAuthenticationInterceptor.java:79)
	at org.springframework.http.client.InterceptingClientHttpRequest$InterceptingRequestExecution.execute(InterceptingClientHttpRequest.java:88)
	at org.springframework.http.client.InterceptingClientHttpRequest.executeInternal(InterceptingClientHttpRequest.java:72)
	at org.springframework.http.client.AbstractBufferingClientHttpRequest.executeInternal(AbstractBufferingClientHttpRequest.java:48)
	at org.springframework.http.client.AbstractClientHttpRequest.execute(AbstractClientHttpRequest.java:81)
	at org.springframework.web.client.RestTemplate.doExecute(RestTemplate.java:900)
	... 21 more

2026-08-21T18:24:17.539+01:00  WARN 17028 --- [schools-portal] [foReplicator-%d] c.n.d.s.t.d.RetryableEurekaHttpClient    : Request execution failed with message: I/O error on POST request for "http://localhost:8761/eureka/apps/SCHOOLS-PORTAL": Connect to http://localhost:8761 [localhost/127.0.0.1, localhost/0:0:0:0:0:0:0:1] failed: Connection refused: getsockopt
2026-08-21T18:24:17.550+01:00  INFO 17028 --- [schools-portal] [foReplicator-%d] c.n.d.s.t.d.RedirectingEurekaHttpClient  : Request execution error. endpoint=DefaultEndpoint{ serviceUrl='http://admin:admin@localhost:8761/eureka/}, exception=I/O error on POST request for "http://localhost:8761/eureka/apps/SCHOOLS-PORTAL": Connect to http://localhost:8761 [localhost/127.0.0.1, localhost/0:0:0:0:0:0:0:1] failed: Connection refused: getsockopt stacktrace=org.springframework.web.client.ResourceAccessException: I/O error on POST request for "http://localhost:8761/eureka/apps/SCHOOLS-PORTAL": Connect to http://localhost:8761 [localhost/127.0.0.1, localhost/0:0:0:0:0:0:0:1] failed: Connection refused: getsockopt
	at org.springframework.web.client.RestTemplate.createResourceAccessException(RestTemplate.java:926)
	at org.springframework.web.client.RestTemplate.doExecute(RestTemplate.java:906)
	at org.springframework.web.client.RestTemplate.execute(RestTemplate.java:841)
	at org.springframework.web.client.RestTemplate.exchange(RestTemplate.java:702)
	at org.springframework.cloud.netflix.eureka.http.RestTemplateEurekaHttpClient.register(RestTemplateEurekaHttpClient.java:87)
	at com.netflix.discovery.shared.transport.decorator.EurekaHttpClientDecorator$1.execute(EurekaHttpClientDecorator.java:59)
	at com.netflix.discovery.shared.transport.decorator.RedirectingEurekaHttpClient.executeOnNewServer(RedirectingEurekaHttpClient.java:121)
	at com.netflix.discovery.shared.transport.decorator.RedirectingEurekaHttpClient.execute(RedirectingEurekaHttpClient.java:80)
	at com.netflix.discovery.shared.transport.decorator.EurekaHttpClientDecorator.register(EurekaHttpClientDecorator.java:56)
	at com.netflix.discovery.shared.transport.decorator.EurekaHttpClientDecorator$1.execute(EurekaHttpClientDecorator.java:59)
	at com.netflix.discovery.shared.transport.decorator.RetryableEurekaHttpClient.execute(RetryableEurekaHttpClient.java:120)
	at com.netflix.discovery.shared.transport.decorator.EurekaHttpClientDecorator.register(EurekaHttpClientDecorator.java:56)
	at com.netflix.discovery.shared.transport.decorator.EurekaHttpClientDecorator$1.execute(EurekaHttpClientDecorator.java:59)
	at com.netflix.discovery.shared.transport.decorator.SessionedEurekaHttpClient.execute(SessionedEurekaHttpClient.java:76)
	at com.netflix.discovery.shared.transport.decorator.EurekaHttpClientDecorator.register(EurekaHttpClientDecorator.java:56)
	at com.netflix.discovery.DiscoveryClient.register(DiscoveryClient.java:828)
	at com.netflix.discovery.InstanceInfoReplicator.run(InstanceInfoReplicator.java:125)
	at com.netflix.discovery.InstanceInfoReplicator$2.run(InstanceInfoReplicator.java:105)
	at java.base/java.util.concurrent.Executors$RunnableAdapter.call(Executors.java:572)
	at java.base/java.util.concurrent.FutureTask.run(FutureTask.java:317)
	at java.base/java.util.concurrent.ScheduledThreadPoolExecutor$ScheduledFutureTask.run(ScheduledThreadPoolExecutor.java:304)
	at java.base/java.util.concurrent.ThreadPoolExecutor.runWorker(ThreadPoolExecutor.java:1144)
	at java.base/java.util.concurrent.ThreadPoolExecutor$Worker.run(ThreadPoolExecutor.java:642)
	at java.base/java.lang.Thread.run(Thread.java:1583)
Caused by: org.apache.hc.client5.http.HttpHostConnectException: Connect to http://localhost:8761 [localhost/127.0.0.1, localhost/0:0:0:0:0:0:0:1] failed: Connection refused: getsockopt
	at java.base/sun.nio.ch.Net.pollConnect(Native Method)
	at java.base/sun.nio.ch.Net.pollConnectNow(Net.java:694)
	at java.base/sun.nio.ch.NioSocketImpl.timedFinishConnect(NioSocketImpl.java:542)
	at java.base/sun.nio.ch.NioSocketImpl.connect(NioSocketImpl.java:592)
	at java.base/java.net.SocksSocketImpl.connect(SocksSocketImpl.java:327)
	at java.base/java.net.Socket.connect(Socket.java:751)
	at org.apache.hc.client5.http.impl.io.DefaultHttpClientConnectionOperator.connect(DefaultHttpClientConnectionOperator.java:216)
	at org.apache.hc.client5.http.impl.io.PoolingHttpClientConnectionManager.connect(PoolingHttpClientConnectionManager.java:490)
	at org.apache.hc.client5.http.impl.classic.InternalExecRuntime.connectEndpoint(InternalExecRuntime.java:164)
	at org.apache.hc.client5.http.impl.classic.InternalExecRuntime.connectEndpoint(InternalExecRuntime.java:174)
	at org.apache.hc.client5.http.impl.classic.ConnectExec.execute(ConnectExec.java:144)
	at org.apache.hc.client5.http.impl.classic.ExecChainElement.execute(ExecChainElement.java:51)
	at org.apache.hc.client5.http.impl.classic.ProtocolExec.execute(ProtocolExec.java:192)
	at org.apache.hc.client5.http.impl.classic.ExecChainElement.execute(ExecChainElement.java:51)
	at org.apache.hc.client5.http.impl.classic.ContentCompressionExec.execute(ContentCompressionExec.java:150)
	at org.apache.hc.client5.http.impl.classic.ExecChainElement.execute(ExecChainElement.java:51)
	at org.apache.hc.client5.http.impl.classic.HttpRequestRetryExec.execute(HttpRequestRetryExec.java:113)
	at org.apache.hc.client5.http.impl.classic.ExecChainElement.execute(ExecChainElement.java:51)
	at org.apache.hc.client5.http.impl.classic.RedirectExec.execute(RedirectExec.java:110)
	at org.apache.hc.client5.http.impl.classic.ExecChainElement.execute(ExecChainElement.java:51)
	at org.apache.hc.client5.http.impl.classic.InternalHttpClient.doExecute(InternalHttpClient.java:174)
	at org.apache.hc.client5.http.impl.classic.CloseableHttpClient.execute(CloseableHttpClient.java:87)
	at org.apache.hc.client5.http.impl.classic.CloseableHttpClient.execute(CloseableHttpClient.java:55)
	at org.apache.hc.client5.http.classic.HttpClient.executeOpen(HttpClient.java:183)
	at org.springframework.http.client.HttpComponentsClientHttpRequest.executeInternal(HttpComponentsClientHttpRequest.java:99)
	at org.springframework.http.client.AbstractStreamingClientHttpRequest.executeInternal(AbstractStreamingClientHttpRequest.java:71)
	at org.springframework.http.client.AbstractClientHttpRequest.execute(AbstractClientHttpRequest.java:81)
	at org.springframework.http.client.InterceptingClientHttpRequest$InterceptingRequestExecution.execute(InterceptingClientHttpRequest.java:117)
	at org.springframework.cloud.netflix.eureka.http.RestTemplateTransportClientFactory.lambda$restTemplate$3(RestTemplateTransportClientFactory.java:141)
	at org.springframework.http.client.InterceptingClientHttpRequest$InterceptingRequestExecution.execute(InterceptingClientHttpRequest.java:88)
	at org.springframework.http.client.support.BasicAuthenticationInterceptor.intercept(BasicAuthenticationInterceptor.java:79)
	at org.springframework.http.client.InterceptingClientHttpRequest$InterceptingRequestExecution.execute(InterceptingClientHttpRequest.java:88)
	at org.springframework.http.client.InterceptingClientHttpRequest.executeInternal(InterceptingClientHttpRequest.java:72)
	at org.springframework.http.client.AbstractBufferingClientHttpRequest.executeInternal(AbstractBufferingClientHttpRequest.java:48)
	at org.springframework.http.client.AbstractClientHttpRequest.execute(AbstractClientHttpRequest.java:81)
	at org.springframework.web.client.RestTemplate.doExecute(RestTemplate.java:900)
	... 22 more

2026-08-21T18:24:17.550+01:00  WARN 17028 --- [schools-portal] [foReplicator-%d] c.n.d.s.t.d.RetryableEurekaHttpClient    : Request execution failed with message: I/O error on POST request for "http://localhost:8761/eureka/apps/SCHOOLS-PORTAL": Connect to http://localhost:8761 [localhost/127.0.0.1, localhost/0:0:0:0:0:0:0:1] failed: Connection refused: getsockopt
2026-08-21T18:24:17.550+01:00  WARN 17028 --- [schools-portal] [foReplicator-%d] c.n.d.DiscoveryClient                    : DiscoveryClient_SCHOOLS-PORTAL/CYP-WEBTEST-01.development.local:schools-portal:8024 - registration failed Cannot execute request on any known server

com.netflix.discovery.shared.transport.TransportException: Cannot execute request on any known server
	at com.netflix.discovery.shared.transport.decorator.RetryableEurekaHttpClient.execute(RetryableEurekaHttpClient.java:112) ~[eureka-client-2.0.4.jar!/:2.0.4]
	at com.netflix.discovery.shared.transport.decorator.EurekaHttpClientDecorator.register(EurekaHttpClientDecorator.java:56) ~[eureka-client-2.0.4.jar!/:2.0.4]
	at com.netflix.discovery.shared.transport.decorator.EurekaHttpClientDecorator$1.execute(EurekaHttpClientDecorator.java:59) ~[eureka-client-2.0.4.jar!/:2.0.4]
	at com.netflix.discovery.shared.transport.decorator.SessionedEurekaHttpClient.execute(SessionedEurekaHttpClient.java:76) ~[eureka-client-2.0.4.jar!/:2.0.4]
	at com.netflix.discovery.shared.transport.decorator.EurekaHttpClientDecorator.register(EurekaHttpClientDecorator.java:56) ~[eureka-client-2.0.4.jar!/:2.0.4]
	at com.netflix.discovery.DiscoveryClient.register(DiscoveryClient.java:828) ~[eureka-client-2.0.4.jar!/:2.0.4]
	at com.netflix.discovery.InstanceInfoReplicator.run(InstanceInfoReplicator.java:125) ~[eureka-client-2.0.4.jar!/:2.0.4]
	at com.netflix.discovery.InstanceInfoReplicator$2.run(InstanceInfoReplicator.java:105) ~[eureka-client-2.0.4.jar!/:2.0.4]
	at java.base/java.util.concurrent.Executors$RunnableAdapter.call(Executors.java:572) ~[?:?]
	at java.base/java.util.concurrent.FutureTask.run(FutureTask.java:317) ~[?:?]
	at java.base/java.util.concurrent.ScheduledThreadPoolExecutor$ScheduledFutureTask.run(ScheduledThreadPoolExecutor.java:304) ~[?:?]
	at java.base/java.util.concurrent.ThreadPoolExecutor.runWorker(ThreadPoolExecutor.java:1144) ~[?:?]
	at java.base/java.util.concurrent.ThreadPoolExecutor$Worker.run(ThreadPoolExecutor.java:642) ~[?:?]
	at java.base/java.lang.Thread.run(Thread.java:1583) [?:?]

2026-08-21T18:24:17.557+01:00  WARN 17028 --- [schools-portal] [foReplicator-%d] c.n.d.InstanceInfoReplicator             : There was a problem with the instance info replicator

com.netflix.discovery.shared.transport.TransportException: Cannot execute request on any known server
	at com.netflix.discovery.shared.transport.decorator.RetryableEurekaHttpClient.execute(RetryableEurekaHttpClient.java:112) ~[eureka-client-2.0.4.jar!/:2.0.4]
	at com.netflix.discovery.shared.transport.decorator.EurekaHttpClientDecorator.register(EurekaHttpClientDecorator.java:56) ~[eureka-client-2.0.4.jar!/:2.0.4]
	at com.netflix.discovery.shared.transport.decorator.EurekaHttpClientDecorator$1.execute(EurekaHttpClientDecorator.java:59) ~[eureka-client-2.0.4.jar!/:2.0.4]
	at com.netflix.discovery.shared.transport.decorator.SessionedEurekaHttpClient.execute(SessionedEurekaHttpClient.java:76) ~[eureka-client-2.0.4.jar!/:2.0.4]
	at com.netflix.discovery.shared.transport.decorator.EurekaHttpClientDecorator.register(EurekaHttpClientDecorator.java:56) ~[eureka-client-2.0.4.jar!/:2.0.4]
	at com.netflix.discovery.DiscoveryClient.register(DiscoveryClient.java:828) ~[eureka-client-2.0.4.jar!/:2.0.4]
	at com.netflix.discovery.InstanceInfoReplicator.run(InstanceInfoReplicator.java:125) ~[eureka-client-2.0.4.jar!/:2.0.4]
	at com.netflix.discovery.InstanceInfoReplicator$2.run(InstanceInfoReplicator.java:105) ~[eureka-client-2.0.4.jar!/:2.0.4]
	at java.base/java.util.concurrent.Executors$RunnableAdapter.call(Executors.java:572) ~[?:?]
	at java.base/java.util.concurrent.FutureTask.run(FutureTask.java:317) ~[?:?]
	at java.base/java.util.concurrent.ScheduledThreadPoolExecutor$ScheduledFutureTask.run(ScheduledThreadPoolExecutor.java:304) ~[?:?]
	at java.base/java.util.concurrent.ThreadPoolExecutor.runWorker(ThreadPoolExecutor.java:1144) ~[?:?]
	at java.base/java.util.concurrent.ThreadPoolExecutor$Worker.run(ThreadPoolExecutor.java:642) ~[?:?]
	at java.base/java.lang.Thread.run(Thread.java:1583) [?:?]

2026-08-21T18:24:18.095+01:00  INFO 17028 --- [schools-portal] [tomcat-shutdown] o.s.b.w.e.t.GracefulShutdown             : Graceful shutdown complete
2026-08-21T18:24:18.103+01:00  INFO 17028 --- [schools-portal] [ionShutdownHook] c.n.d.DiscoveryClient                    : Shutting down DiscoveryClient ...
2026-08-21T18:24:20.162+01:00  INFO 17028 --- [schools-portal] [reshExecutor-%d] c.n.d.s.t.d.RedirectingEurekaHttpClient  : Request execution error. endpoint=DefaultEndpoint{ serviceUrl='http://admin:admin@localhost:8761/eureka/} exception=I/O error on GET request for "http://localhost:8761/eureka/apps/delta": Connect to http://localhost:8761 [localhost/127.0.0.1, localhost/0:0:0:0:0:0:0:1] failed: Connection refused: getsockopt stacktrace=org.springframework.web.client.ResourceAccessException: I/O error on GET request for "http://localhost:8761/eureka/apps/delta": Connect to http://localhost:8761 [localhost/127.0.0.1, localhost/0:0:0:0:0:0:0:1] failed: Connection refused: getsockopt
	at org.springframework.web.client.RestTemplate.createResourceAccessException(RestTemplate.java:926)
	at org.springframework.web.client.RestTemplate.doExecute(RestTemplate.java:906)
	at org.springframework.web.client.RestTemplate.execute(RestTemplate.java:841)
	at org.springframework.web.client.RestTemplate.exchange(RestTemplate.java:702)
	at org.springframework.cloud.netflix.eureka.http.RestTemplateEurekaHttpClient.getApplicationsInternal(RestTemplateEurekaHttpClient.java:174)
	at org.springframework.cloud.netflix.eureka.http.RestTemplateEurekaHttpClient.getDelta(RestTemplateEurekaHttpClient.java:186)
	at com.netflix.discovery.shared.transport.decorator.EurekaHttpClientDecorator$7.execute(EurekaHttpClientDecorator.java:152)
	at com.netflix.discovery.shared.transport.decorator.RedirectingEurekaHttpClient.execute(RedirectingEurekaHttpClient.java:91)
	at com.netflix.discovery.shared.transport.decorator.EurekaHttpClientDecorator.getDelta(EurekaHttpClientDecorator.java:149)
	at com.netflix.discovery.shared.transport.decorator.EurekaHttpClientDecorator$7.execute(EurekaHttpClientDecorator.java:152)
	at com.netflix.discovery.shared.transport.decorator.RetryableEurekaHttpClient.execute(RetryableEurekaHttpClient.java:120)
	at com.netflix.discovery.shared.transport.decorator.EurekaHttpClientDecorator.getDelta(EurekaHttpClientDecorator.java:149)
	at com.netflix.discovery.shared.transport.decorator.EurekaHttpClientDecorator$7.execute(EurekaHttpClientDecorator.java:152)
	at com.netflix.discovery.shared.transport.decorator.SessionedEurekaHttpClient.execute(SessionedEurekaHttpClient.java:76)
	at com.netflix.discovery.shared.transport.decorator.EurekaHttpClientDecorator.getDelta(EurekaHttpClientDecorator.java:149)
	at com.netflix.discovery.DiscoveryClient.getAndUpdateDelta(DiscoveryClient.java:1080)
	at com.netflix.discovery.DiscoveryClient.fetchRegistry(DiscoveryClient.java:963)
	at com.netflix.discovery.DiscoveryClient.refreshRegistry(DiscoveryClient.java:1473)
	at com.netflix.discovery.DiscoveryClient$CacheRefreshThread.run(DiscoveryClient.java:1441)
	at java.base/java.util.concurrent.Executors$RunnableAdapter.call(Executors.java:572)
	at java.base/java.util.concurrent.FutureTask.run(FutureTask.java:317)
	at java.base/java.util.concurrent.ThreadPoolExecutor.runWorker(ThreadPoolExecutor.java:1144)
	at java.base/java.util.concurrent.ThreadPoolExecutor$Worker.run(ThreadPoolExecutor.java:642)
	at java.base/java.lang.Thread.run(Thread.java:1583)
Caused by: org.apache.hc.client5.http.HttpHostConnectException: Connect to http://localhost:8761 [localhost/127.0.0.1, localhost/0:0:0:0:0:0:0:1] failed: Connection refused: getsockopt
	at java.base/sun.nio.ch.Net.pollConnect(Native Method)
	at java.base/sun.nio.ch.Net.pollConnectNow(Net.java:694)
	at java.base/sun.nio.ch.NioSocketImpl.timedFinishConnect(NioSocketImpl.java:542)
	at java.base/sun.nio.ch.NioSocketImpl.connect(NioSocketImpl.java:592)
	at java.base/java.net.SocksSocketImpl.connect(SocksSocketImpl.java:327)
	at java.base/java.net.Socket.connect(Socket.java:751)
	at org.apache.hc.client5.http.impl.io.DefaultHttpClientConnectionOperator.connect(DefaultHttpClientConnectionOperator.java:216)
	at org.apache.hc.client5.http.impl.io.PoolingHttpClientConnectionManager.connect(PoolingHttpClientConnectionManager.java:490)
	at org.apache.hc.client5.http.impl.classic.InternalExecRuntime.connectEndpoint(InternalExecRuntime.java:164)
	at org.apache.hc.client5.http.impl.classic.InternalExecRuntime.connectEndpoint(InternalExecRuntime.java:174)
	at org.apache.hc.client5.http.impl.classic.ConnectExec.execute(ConnectExec.java:144)
	at org.apache.hc.client5.http.impl.classic.ExecChainElement.execute(ExecChainElement.java:51)
	at org.apache.hc.client5.http.impl.classic.ProtocolExec.execute(ProtocolExec.java:192)
	at org.apache.hc.client5.http.impl.classic.ExecChainElement.execute(ExecChainElement.java:51)
	at org.apache.hc.client5.http.impl.classic.ContentCompressionExec.execute(ContentCompressionExec.java:150)
	at org.apache.hc.client5.http.impl.classic.ExecChainElement.execute(ExecChainElement.java:51)
	at org.apache.hc.client5.http.impl.classic.HttpRequestRetryExec.execute(HttpRequestRetryExec.java:113)
	at org.apache.hc.client5.http.impl.classic.ExecChainElement.execute(ExecChainElement.java:51)
	at org.apache.hc.client5.http.impl.classic.RedirectExec.execute(RedirectExec.java:110)
	at org.apache.hc.client5.http.impl.classic.ExecChainElement.execute(ExecChainElement.java:51)
	at org.apache.hc.client5.http.impl.classic.InternalHttpClient.doExecute(InternalHttpClient.java:174)
	at org.apache.hc.client5.http.impl.classic.CloseableHttpClient.execute(CloseableHttpClient.java:87)
	at org.apache.hc.client5.http.impl.classic.CloseableHttpClient.execute(CloseableHttpClient.java:55)
	at org.apache.hc.client5.http.classic.HttpClient.executeOpen(HttpClient.java:183)
	at org.springframework.http.client.HttpComponentsClientHttpRequest.executeInternal(HttpComponentsClientHttpRequest.java:99)
	at org.springframework.http.client.AbstractStreamingClientHttpRequest.executeInternal(AbstractStreamingClientHttpRequest.java:71)
	at org.springframework.http.client.AbstractClientHttpRequest.execute(AbstractClientHttpRequest.java:81)
	at org.springframework.http.client.InterceptingClientHttpRequest$InterceptingRequestExecution.execute(InterceptingClientHttpRequest.java:117)
	at org.springframework.cloud.netflix.eureka.http.RestTemplateTransportClientFactory.lambda$restTemplate$3(RestTemplateTransportClientFactory.java:141)
	at org.springframework.http.client.InterceptingClientHttpRequest$InterceptingRequestExecution.execute(InterceptingClientHttpRequest.java:88)
	at org.springframework.http.client.support.BasicAuthenticationInterceptor.intercept(BasicAuthenticationInterceptor.java:79)
	at org.springframework.http.client.InterceptingClientHttpRequest$InterceptingRequestExecution.execute(InterceptingClientHttpRequest.java:88)
	at org.springframework.http.client.InterceptingClientHttpRequest.executeInternal(InterceptingClientHttpRequest.java:72)
	at org.springframework.http.client.AbstractBufferingClientHttpRequest.executeInternal(AbstractBufferingClientHttpRequest.java:48)
	at org.springframework.http.client.AbstractClientHttpRequest.execute(AbstractClientHttpRequest.java:81)
	at org.springframework.web.client.RestTemplate.doExecute(RestTemplate.java:900)
	... 22 more

2026-08-21T18:24:20.163+01:00  WARN 17028 --- [schools-portal] [reshExecutor-%d] c.n.d.s.t.d.RetryableEurekaHttpClient    : Request execution failed with message: I/O error on GET request for "http://localhost:8761/eureka/apps/delta": Connect to http://localhost:8761 [localhost/127.0.0.1, localhost/0:0:0:0:0:0:0:1] failed: Connection refused: getsockopt
2026-08-21T18:24:20.180+01:00  INFO 17028 --- [schools-portal] [reshExecutor-%d] c.n.d.s.t.d.RedirectingEurekaHttpClient  : Request execution error. endpoint=DefaultEndpoint{ serviceUrl='http://admin:admin@localhost:8761/eureka/}, exception=I/O error on GET request for "http://localhost:8761/eureka/apps/delta": Connect to http://localhost:8761 [localhost/127.0.0.1, localhost/0:0:0:0:0:0:0:1] failed: Connection refused: getsockopt stacktrace=org.springframework.web.client.ResourceAccessException: I/O error on GET request for "http://localhost:8761/eureka/apps/delta": Connect to http://localhost:8761 [localhost/127.0.0.1, localhost/0:0:0:0:0:0:0:1] failed: Connection refused: getsockopt
	at org.springframework.web.client.RestTemplate.createResourceAccessException(RestTemplate.java:926)
	at org.springframework.web.client.RestTemplate.doExecute(RestTemplate.java:906)
	at org.springframework.web.client.RestTemplate.execute(RestTemplate.java:841)
	at org.springframework.web.client.RestTemplate.exchange(RestTemplate.java:702)
	at org.springframework.cloud.netflix.eureka.http.RestTemplateEurekaHttpClient.getApplicationsInternal(RestTemplateEurekaHttpClient.java:174)
	at org.springframework.cloud.netflix.eureka.http.RestTemplateEurekaHttpClient.getDelta(RestTemplateEurekaHttpClient.java:186)
	at com.netflix.discovery.shared.transport.decorator.EurekaHttpClientDecorator$7.execute(EurekaHttpClientDecorator.java:152)
	at com.netflix.discovery.shared.transport.decorator.RedirectingEurekaHttpClient.executeOnNewServer(RedirectingEurekaHttpClient.java:121)
	at com.netflix.discovery.shared.transport.decorator.RedirectingEurekaHttpClient.execute(RedirectingEurekaHttpClient.java:80)
	at com.netflix.discovery.shared.transport.decorator.EurekaHttpClientDecorator.getDelta(EurekaHttpClientDecorator.java:149)
	at com.netflix.discovery.shared.transport.decorator.EurekaHttpClientDecorator$7.execute(EurekaHttpClientDecorator.java:152)
	at com.netflix.discovery.shared.transport.decorator.RetryableEurekaHttpClient.execute(RetryableEurekaHttpClient.java:120)
	at com.netflix.discovery.shared.transport.decorator.EurekaHttpClientDecorator.getDelta(EurekaHttpClientDecorator.java:149)
	at com.netflix.discovery.shared.transport.decorator.EurekaHttpClientDecorator$7.execute(EurekaHttpClientDecorator.java:152)
	at com.netflix.discovery.shared.transport.decorator.SessionedEurekaHttpClient.execute(SessionedEurekaHttpClient.java:76)
	at com.netflix.discovery.shared.transport.decorator.EurekaHttpClientDecorator.getDelta(EurekaHttpClientDecorator.java:149)
	at com.netflix.discovery.DiscoveryClient.getAndUpdateDelta(DiscoveryClient.java:1080)
	at com.netflix.discovery.DiscoveryClient.fetchRegistry(DiscoveryClient.java:963)
	at com.netflix.discovery.DiscoveryClient.refreshRegistry(DiscoveryClient.java:1473)
	at com.netflix.discovery.DiscoveryClient$CacheRefreshThread.run(DiscoveryClient.java:1441)
	at java.base/java.util.concurrent.Executors$RunnableAdapter.call(Executors.java:572)
	at java.base/java.util.concurrent.FutureTask.run(FutureTask.java:317)
	at java.base/java.util.concurrent.ThreadPoolExecutor.runWorker(ThreadPoolExecutor.java:1144)
	at java.base/java.util.concurrent.ThreadPoolExecutor$Worker.run(ThreadPoolExecutor.java:642)
	at java.base/java.lang.Thread.run(Thread.java:1583)
Caused by: org.apache.hc.client5.http.HttpHostConnectException: Connect to http://localhost:8761 [localhost/127.0.0.1, localhost/0:0:0:0:0:0:0:1] failed: Connection refused: getsockopt
	at java.base/sun.nio.ch.Net.pollConnect(Native Method)
	at java.base/sun.nio.ch.Net.pollConnectNow(Net.java:694)
	at java.base/sun.nio.ch.NioSocketImpl.timedFinishConnect(NioSocketImpl.java:542)
	at java.base/sun.nio.ch.NioSocketImpl.connect(NioSocketImpl.java:592)
	at java.base/java.net.SocksSocketImpl.connect(SocksSocketImpl.java:327)
	at java.base/java.net.Socket.connect(Socket.java:751)
	at org.apache.hc.client5.http.impl.io.DefaultHttpClientConnectionOperator.connect(DefaultHttpClientConnectionOperator.java:216)
	at org.apache.hc.client5.http.impl.io.PoolingHttpClientConnectionManager.connect(PoolingHttpClientConnectionManager.java:490)
	at org.apache.hc.client5.http.impl.classic.InternalExecRuntime.connectEndpoint(InternalExecRuntime.java:164)
	at org.apache.hc.client5.http.impl.classic.InternalExecRuntime.connectEndpoint(InternalExecRuntime.java:174)
	at org.apache.hc.client5.http.impl.classic.ConnectExec.execute(ConnectExec.java:144)
	at org.apache.hc.client5.http.impl.classic.ExecChainElement.execute(ExecChainElement.java:51)
	at org.apache.hc.client5.http.impl.classic.ProtocolExec.execute(ProtocolExec.java:192)
	at org.apache.hc.client5.http.impl.classic.ExecChainElement.execute(ExecChainElement.java:51)
	at org.apache.hc.client5.http.impl.classic.ContentCompressionExec.execute(ContentCompressionExec.java:150)
	at org.apache.hc.client5.http.impl.classic.ExecChainElement.execute(ExecChainElement.java:51)
	at org.apache.hc.client5.http.impl.classic.HttpRequestRetryExec.execute(HttpRequestRetryExec.java:113)
	at org.apache.hc.client5.http.impl.classic.ExecChainElement.execute(ExecChainElement.java:51)
	at org.apache.hc.client5.http.impl.classic.RedirectExec.execute(RedirectExec.java:110)
	at org.apache.hc.client5.http.impl.classic.ExecChainElement.execute(ExecChainElement.java:51)
	at org.apache.hc.client5.http.impl.classic.InternalHttpClient.doExecute(InternalHttpClient.java:174)
	at org.apache.hc.client5.http.impl.classic.CloseableHttpClient.execute(CloseableHttpClient.java:87)
	at org.apache.hc.client5.http.impl.classic.CloseableHttpClient.execute(CloseableHttpClient.java:55)
	at org.apache.hc.client5.http.classic.HttpClient.executeOpen(HttpClient.java:183)
	at org.springframework.http.client.HttpComponentsClientHttpRequest.executeInternal(HttpComponentsClientHttpRequest.java:99)
	at org.springframework.http.client.AbstractStreamingClientHttpRequest.executeInternal(AbstractStreamingClientHttpRequest.java:71)
	at org.springframework.http.client.AbstractClientHttpRequest.execute(AbstractClientHttpRequest.java:81)
	at org.springframework.http.client.InterceptingClientHttpRequest$InterceptingRequestExecution.execute(InterceptingClientHttpRequest.java:117)
	at org.springframework.cloud.netflix.eureka.http.RestTemplateTransportClientFactory.lambda$restTemplate$3(RestTemplateTransportClientFactory.java:141)
	at org.springframework.http.client.InterceptingClientHttpRequest$InterceptingRequestExecution.execute(InterceptingClientHttpRequest.java:88)
	at org.springframework.http.client.support.BasicAuthenticationInterceptor.intercept(BasicAuthenticationInterceptor.java:79)
	at org.springframework.http.client.InterceptingClientHttpRequest$InterceptingRequestExecution.execute(InterceptingClientHttpRequest.java:88)
	at org.springframework.http.client.InterceptingClientHttpRequest.executeInternal(InterceptingClientHttpRequest.java:72)
	at org.springframework.http.client.AbstractBufferingClientHttpRequest.executeInternal(AbstractBufferingClientHttpRequest.java:48)
	at org.springframework.http.client.AbstractClientHttpRequest.execute(AbstractClientHttpRequest.java:81)
	at org.springframework.web.client.RestTemplate.doExecute(RestTemplate.java:900)
	... 23 more

2026-08-21T18:24:20.181+01:00  WARN 17028 --- [schools-portal] [reshExecutor-%d] c.n.d.s.t.d.RetryableEurekaHttpClient    : Request execution failed with message: I/O error on GET request for "http://localhost:8761/eureka/apps/delta": Connect to http://localhost:8761 [localhost/127.0.0.1, localhost/0:0:0:0:0:0:0:1] failed: Connection refused: getsockopt
2026-08-21T18:24:20.181+01:00  INFO 17028 --- [schools-portal] [reshExecutor-%d] c.n.d.DiscoveryClient                    : DiscoveryClient_SCHOOLS-PORTAL/CYP-WEBTEST-01.development.local:schools-portal:8024 - was unable to refresh its cache! This periodic background refresh will be retried in 30 seconds. status = Cannot execute request on any known server stacktrace = com.netflix.discovery.shared.transport.TransportException: Cannot execute request on any known server
	at com.netflix.discovery.shared.transport.decorator.RetryableEurekaHttpClient.execute(RetryableEurekaHttpClient.java:112)
	at com.netflix.discovery.shared.transport.decorator.EurekaHttpClientDecorator.getDelta(EurekaHttpClientDecorator.java:149)
	at com.netflix.discovery.shared.transport.decorator.EurekaHttpClientDecorator$7.execute(EurekaHttpClientDecorator.java:152)
	at com.netflix.discovery.shared.transport.decorator.SessionedEurekaHttpClient.execute(SessionedEurekaHttpClient.java:76)
	at com.netflix.discovery.shared.transport.decorator.EurekaHttpClientDecorator.getDelta(EurekaHttpClientDecorator.java:149)
	at com.netflix.discovery.DiscoveryClient.getAndUpdateDelta(DiscoveryClient.java:1080)
	at com.netflix.discovery.DiscoveryClient.fetchRegistry(DiscoveryClient.java:963)
	at com.netflix.discovery.DiscoveryClient.refreshRegistry(DiscoveryClient.java:1473)
	at com.netflix.discovery.DiscoveryClient$CacheRefreshThread.run(DiscoveryClient.java:1441)
	at java.base/java.util.concurrent.Executors$RunnableAdapter.call(Executors.java:572)
	at java.base/java.util.concurrent.FutureTask.run(FutureTask.java:317)
	at java.base/java.util.concurrent.ThreadPoolExecutor.runWorker(ThreadPoolExecutor.java:1144)
	at java.base/java.util.concurrent.ThreadPoolExecutor$Worker.run(ThreadPoolExecutor.java:642)
	at java.base/java.lang.Thread.run(Thread.java:1583)

2026-08-21T18:24:20.206+01:00  INFO 17028 --- [schools-portal] [beatExecutor-%d] c.n.d.s.t.d.RedirectingEurekaHttpClient  : Request execution error. endpoint=DefaultEndpoint{ serviceUrl='http://admin:admin@localhost:8761/eureka/}, exception=I/O error on PUT request for "http://localhost:8761/eureka/apps/SCHOOLS-PORTAL/CYP-WEBTEST-01.development.local:schools-portal:8024": Connect to http://localhost:8761 [localhost/127.0.0.1, localhost/0:0:0:0:0:0:0:1] failed: Connection refused: getsockopt stacktrace=org.springframework.web.client.ResourceAccessException: I/O error on PUT request for "http://localhost:8761/eureka/apps/SCHOOLS-PORTAL/CYP-WEBTEST-01.development.local:schools-portal:8024": Connect to http://localhost:8761 [localhost/127.0.0.1, localhost/0:0:0:0:0:0:0:1] failed: Connection refused: getsockopt
	at org.springframework.web.client.RestTemplate.createResourceAccessException(RestTemplate.java:926)
	at org.springframework.web.client.RestTemplate.doExecute(RestTemplate.java:906)
	at org.springframework.web.client.RestTemplate.execute(RestTemplate.java:841)
	at org.springframework.web.client.RestTemplate.exchange(RestTemplate.java:702)
	at org.springframework.cloud.netflix.eureka.http.RestTemplateEurekaHttpClient.sendHeartBeat(RestTemplateEurekaHttpClient.java:119)
	at com.netflix.discovery.shared.transport.decorator.EurekaHttpClientDecorator$3.execute(EurekaHttpClientDecorator.java:92)
	at com.netflix.discovery.shared.transport.decorator.RedirectingEurekaHttpClient.executeOnNewServer(RedirectingEurekaHttpClient.java:121)
	at com.netflix.discovery.shared.transport.decorator.RedirectingEurekaHttpClient.execute(RedirectingEurekaHttpClient.java:80)
	at com.netflix.discovery.shared.transport.decorator.EurekaHttpClientDecorator.sendHeartBeat(EurekaHttpClientDecorator.java:89)
	at com.netflix.discovery.shared.transport.decorator.EurekaHttpClientDecorator$3.execute(EurekaHttpClientDecorator.java:92)
	at com.netflix.discovery.shared.transport.decorator.RetryableEurekaHttpClient.execute(RetryableEurekaHttpClient.java:120)
	at com.netflix.discovery.shared.transport.decorator.EurekaHttpClientDecorator.sendHeartBeat(EurekaHttpClientDecorator.java:89)
	at com.netflix.discovery.shared.transport.decorator.EurekaHttpClientDecorator$3.execute(EurekaHttpClientDecorator.java:92)
	at com.netflix.discovery.shared.transport.decorator.SessionedEurekaHttpClient.execute(SessionedEurekaHttpClient.java:76)
	at com.netflix.discovery.shared.transport.decorator.EurekaHttpClientDecorator.sendHeartBeat(EurekaHttpClientDecorator.java:89)
	at com.netflix.discovery.DiscoveryClient.renew(DiscoveryClient.java:845)
	at com.netflix.discovery.DiscoveryClient$HeartbeatThread.run(DiscoveryClient.java:1402)
	at java.base/java.util.concurrent.Executors$RunnableAdapter.call(Executors.java:572)
	at java.base/java.util.concurrent.FutureTask.run(FutureTask.java:317)
	at java.base/java.util.concurrent.ThreadPoolExecutor.runWorker(ThreadPoolExecutor.java:1144)
	at java.base/java.util.concurrent.ThreadPoolExecutor$Worker.run(ThreadPoolExecutor.java:642)
	at java.base/java.lang.Thread.run(Thread.java:1583)
Caused by: org.apache.hc.client5.http.HttpHostConnectException: Connect to http://localhost:8761 [localhost/127.0.0.1, localhost/0:0:0:0:0:0:0:1] failed: Connection refused: getsockopt
	at java.base/sun.nio.ch.Net.pollConnect(Native Method)
	at java.base/sun.nio.ch.Net.pollConnectNow(Net.java:694)
	at java.base/sun.nio.ch.NioSocketImpl.timedFinishConnect(NioSocketImpl.java:542)
	at java.base/sun.nio.ch.NioSocketImpl.connect(NioSocketImpl.java:592)
	at java.base/java.net.SocksSocketImpl.connect(SocksSocketImpl.java:327)
	at java.base/java.net.Socket.connect(Socket.java:751)
	at org.apache.hc.client5.http.impl.io.DefaultHttpClientConnectionOperator.connect(DefaultHttpClientConnectionOperator.java:216)
	at org.apache.hc.client5.http.impl.io.PoolingHttpClientConnectionManager.connect(PoolingHttpClientConnectionManager.java:490)
	at org.apache.hc.client5.http.impl.classic.InternalExecRuntime.connectEndpoint(InternalExecRuntime.java:164)
	at org.apache.hc.client5.http.impl.classic.InternalExecRuntime.connectEndpoint(InternalExecRuntime.java:174)
	at org.apache.hc.client5.http.impl.classic.ConnectExec.execute(ConnectExec.java:144)
	at org.apache.hc.client5.http.impl.classic.ExecChainElement.execute(ExecChainElement.java:51)
	at org.apache.hc.client5.http.impl.classic.ProtocolExec.execute(ProtocolExec.java:192)
	at org.apache.hc.client5.http.impl.classic.ExecChainElement.execute(ExecChainElement.java:51)
	at org.apache.hc.client5.http.impl.classic.ContentCompressionExec.execute(ContentCompressionExec.java:150)
	at org.apache.hc.client5.http.impl.classic.ExecChainElement.execute(ExecChainElement.java:51)
	at org.apache.hc.client5.http.impl.classic.HttpRequestRetryExec.execute(HttpRequestRetryExec.java:113)
	at org.apache.hc.client5.http.impl.classic.ExecChainElement.execute(ExecChainElement.java:51)
	at org.apache.hc.client5.http.impl.classic.RedirectExec.execute(RedirectExec.java:110)
	at org.apache.hc.client5.http.impl.classic.ExecChainElement.execute(ExecChainElement.java:51)
	at org.apache.hc.client5.http.impl.classic.InternalHttpClient.doExecute(InternalHttpClient.java:174)
	at org.apache.hc.client5.http.impl.classic.CloseableHttpClient.execute(CloseableHttpClient.java:87)
	at org.apache.hc.client5.http.impl.classic.CloseableHttpClient.execute(CloseableHttpClient.java:55)
	at org.apache.hc.client5.http.classic.HttpClient.executeOpen(HttpClient.java:183)
	at org.springframework.http.client.HttpComponentsClientHttpRequest.executeInternal(HttpComponentsClientHttpRequest.java:99)
	at org.springframework.http.client.AbstractStreamingClientHttpRequest.executeInternal(AbstractStreamingClientHttpRequest.java:71)
	at org.springframework.http.client.AbstractClientHttpRequest.execute(AbstractClientHttpRequest.java:81)
	at org.springframework.http.client.InterceptingClientHttpRequest$InterceptingRequestExecution.execute(InterceptingClientHttpRequest.java:117)
	at org.springframework.cloud.netflix.eureka.http.RestTemplateTransportClientFactory.lambda$restTemplate$3(RestTemplateTransportClientFactory.java:141)
	at org.springframework.http.client.InterceptingClientHttpRequest$InterceptingRequestExecution.execute(InterceptingClientHttpRequest.java:88)
	at org.springframework.http.client.support.BasicAuthenticationInterceptor.intercept(BasicAuthenticationInterceptor.java:79)
	at org.springframework.http.client.InterceptingClientHttpRequest$InterceptingRequestExecution.execute(InterceptingClientHttpRequest.java:88)
	at org.springframework.http.client.InterceptingClientHttpRequest.executeInternal(InterceptingClientHttpRequest.java:72)
	at org.springframework.http.client.AbstractBufferingClientHttpRequest.executeInternal(AbstractBufferingClientHttpRequest.java:48)
	at org.springframework.http.client.AbstractClientHttpRequest.execute(AbstractClientHttpRequest.java:81)
	at org.springframework.web.client.RestTemplate.doExecute(RestTemplate.java:900)
	... 20 more

2026-08-21T18:24:20.207+01:00  WARN 17028 --- [schools-portal] [beatExecutor-%d] c.n.d.s.t.d.RetryableEurekaHttpClient    : Request execution failed with message: I/O error on PUT request for "http://localhost:8761/eureka/apps/SCHOOLS-PORTAL/CYP-WEBTEST-01.development.local:schools-portal:8024": Connect to http://localhost:8761 [localhost/127.0.0.1, localhost/0:0:0:0:0:0:0:1] failed: Connection refused: getsockopt
2026-08-21T18:24:20.207+01:00 ERROR 17028 --- [schools-portal] [beatExecutor-%d] c.n.d.DiscoveryClient                    : DiscoveryClient_SCHOOLS-PORTAL/CYP-WEBTEST-01.development.local:schools-portal:8024 - was unable to send heartbeat!

com.netflix.discovery.shared.transport.TransportException: Cannot execute request on any known server
	at com.netflix.discovery.shared.transport.decorator.RetryableEurekaHttpClient.execute(RetryableEurekaHttpClient.java:112) ~[eureka-client-2.0.4.jar!/:2.0.4]
	at com.netflix.discovery.shared.transport.decorator.EurekaHttpClientDecorator.sendHeartBeat(EurekaHttpClientDecorator.java:89) ~[eureka-client-2.0.4.jar!/:2.0.4]
	at com.netflix.discovery.shared.transport.decorator.EurekaHttpClientDecorator$3.execute(EurekaHttpClientDecorator.java:92) ~[eureka-client-2.0.4.jar!/:2.0.4]
	at com.netflix.discovery.shared.transport.decorator.SessionedEurekaHttpClient.execute(SessionedEurekaHttpClient.java:76) ~[eureka-client-2.0.4.jar!/:2.0.4]
	at com.netflix.discovery.shared.transport.decorator.EurekaHttpClientDecorator.sendHeartBeat(EurekaHttpClientDecorator.java:89) ~[eureka-client-2.0.4.jar!/:2.0.4]
	at com.netflix.discovery.DiscoveryClient.renew(DiscoveryClient.java:845) ~[eureka-client-2.0.4.jar!/:2.0.4]
	at com.netflix.discovery.DiscoveryClient$HeartbeatThread.run(DiscoveryClient.java:1402) ~[eureka-client-2.0.4.jar!/:2.0.4]
	at java.base/java.util.concurrent.Executors$RunnableAdapter.call(Executors.java:572) ~[?:?]
	at java.base/java.util.concurrent.FutureTask.run(FutureTask.java:317) ~[?:?]
	at java.base/java.util.concurrent.ThreadPoolExecutor.runWorker(ThreadPoolExecutor.java:1144) ~[?:?]
	at java.base/java.util.concurrent.ThreadPoolExecutor$Worker.run(ThreadPoolExecutor.java:642) ~[?:?]
	at java.base/java.lang.Thread.run(Thread.java:1583) [?:?]

2026-08-21T18:24:21.206+01:00  INFO 17028 --- [schools-portal] [ionShutdownHook] c.n.d.DiscoveryClient                    : Unregistering ...
2026-08-21T18:24:21.358+01:00  INFO 17028 --- [schools-portal] [ionShutdownHook] c.n.d.s.t.d.RedirectingEurekaHttpClient  : Request execution error. endpoint=DefaultEndpoint{ serviceUrl='http://admin:admin@localhost:8761/eureka/}, exception=I/O error on DELETE request for "http://localhost:8761/eureka/apps/SCHOOLS-PORTAL/CYP-WEBTEST-01.development.local:schools-portal:8024": Connect to http://localhost:8761 [localhost/127.0.0.1, localhost/0:0:0:0:0:0:0:1] failed: Connection refused: getsockopt stacktrace=org.springframework.web.client.ResourceAccessException: I/O error on DELETE request for "http://localhost:8761/eureka/apps/SCHOOLS-PORTAL/CYP-WEBTEST-01.development.local:schools-portal:8024": Connect to http://localhost:8761 [localhost/127.0.0.1, localhost/0:0:0:0:0:0:0:1] failed: Connection refused: getsockopt
	at org.springframework.web.client.RestTemplate.createResourceAccessException(RestTemplate.java:926)
	at org.springframework.web.client.RestTemplate.doExecute(RestTemplate.java:906)
	at org.springframework.web.client.RestTemplate.execute(RestTemplate.java:841)
	at org.springframework.web.client.RestTemplate.exchange(RestTemplate.java:702)
	at org.springframework.cloud.netflix.eureka.http.RestTemplateEurekaHttpClient.cancel(RestTemplateEurekaHttpClient.java:100)
	at com.netflix.discovery.shared.transport.decorator.EurekaHttpClientDecorator$2.execute(EurekaHttpClientDecorator.java:74)
	at com.netflix.discovery.shared.transport.decorator.RedirectingEurekaHttpClient.executeOnNewServer(RedirectingEurekaHttpClient.java:121)
	at com.netflix.discovery.shared.transport.decorator.RedirectingEurekaHttpClient.execute(RedirectingEurekaHttpClient.java:80)
	at com.netflix.discovery.shared.transport.decorator.EurekaHttpClientDecorator.cancel(EurekaHttpClientDecorator.java:71)
	at com.netflix.discovery.shared.transport.decorator.EurekaHttpClientDecorator$2.execute(EurekaHttpClientDecorator.java:74)
	at com.netflix.discovery.shared.transport.decorator.RetryableEurekaHttpClient.execute(RetryableEurekaHttpClient.java:120)
	at com.netflix.discovery.shared.transport.decorator.EurekaHttpClientDecorator.cancel(EurekaHttpClientDecorator.java:71)
	at com.netflix.discovery.shared.transport.decorator.EurekaHttpClientDecorator$2.execute(EurekaHttpClientDecorator.java:74)
	at com.netflix.discovery.shared.transport.decorator.SessionedEurekaHttpClient.execute(SessionedEurekaHttpClient.java:76)
	at com.netflix.discovery.shared.transport.decorator.EurekaHttpClientDecorator.cancel(EurekaHttpClientDecorator.java:71)
	at com.netflix.discovery.DiscoveryClient.unregister(DiscoveryClient.java:919)
	at com.netflix.discovery.DiscoveryClient.shutdown(DiscoveryClient.java:900)
	at java.base/jdk.internal.reflect.DirectMethodHandleAccessor.invoke(DirectMethodHandleAccessor.java:103)
	at java.base/java.lang.reflect.Method.invoke(Method.java:580)
	at org.springframework.beans.factory.annotation.InitDestroyAnnotationBeanPostProcessor$LifecycleMethod.invoke(InitDestroyAnnotationBeanPostProcessor.java:457)
	at org.springframework.beans.factory.annotation.InitDestroyAnnotationBeanPostProcessor$LifecycleMetadata.invokeDestroyMethods(InitDestroyAnnotationBeanPostProcessor.java:415)
	at org.springframework.beans.factory.annotation.InitDestroyAnnotationBeanPostProcessor.postProcessBeforeDestruction(InitDestroyAnnotationBeanPostProcessor.java:239)
	at org.springframework.beans.factory.support.DisposableBeanAdapter.destroy(DisposableBeanAdapter.java:202)
	at org.springframework.beans.factory.support.DisposableBeanAdapter.run(DisposableBeanAdapter.java:195)
	at org.springframework.cloud.context.scope.GenericScope$BeanLifecycleWrapper.destroy(GenericScope.java:389)
	at org.springframework.cloud.context.scope.GenericScope.destroy(GenericScope.java:136)
	at org.springframework.beans.factory.support.DisposableBeanAdapter.destroy(DisposableBeanAdapter.java:211)
	at org.springframework.beans.factory.support.DefaultSingletonBeanRegistry.destroyBean(DefaultSingletonBeanRegistry.java:668)
	at org.springframework.beans.factory.support.DefaultSingletonBeanRegistry.destroySingleton(DefaultSingletonBeanRegistry.java:625)
	at org.springframework.beans.factory.support.DefaultListableBeanFactory.destroySingleton(DefaultListableBeanFactory.java:1368)
	at org.springframework.beans.factory.support.DefaultSingletonBeanRegistry.destroySingletons(DefaultSingletonBeanRegistry.java:584)
	at org.springframework.beans.factory.support.DefaultListableBeanFactory.destroySingletons(DefaultListableBeanFactory.java:1361)
	at org.springframework.context.support.AbstractApplicationContext.destroyBeans(AbstractApplicationContext.java:1219)
	at org.springframework.context.support.AbstractApplicationContext.doClose(AbstractApplicationContext.java:1180)
	at org.springframework.boot.web.servlet.context.ServletWebServerApplicationContext.doClose(ServletWebServerApplicationContext.java:174)
	at org.springframework.context.support.AbstractApplicationContext.close(AbstractApplicationContext.java:1126)
	at org.springframework.boot.SpringApplicationShutdownHook.closeAndWait(SpringApplicationShutdownHook.java:147)
	at java.base/java.lang.Iterable.forEach(Iterable.java:75)
	at org.springframework.boot.SpringApplicationShutdownHook.run(SpringApplicationShutdownHook.java:116)
	at java.base/java.lang.Thread.run(Thread.java:1583)
Caused by: org.apache.hc.client5.http.HttpHostConnectException: Connect to http://localhost:8761 [localhost/127.0.0.1, localhost/0:0:0:0:0:0:0:1] failed: Connection refused: getsockopt
	at java.base/sun.nio.ch.Net.pollConnect(Native Method)
	at java.base/sun.nio.ch.Net.pollConnectNow(Net.java:694)
	at java.base/sun.nio.ch.NioSocketImpl.timedFinishConnect(NioSocketImpl.java:542)
	at java.base/sun.nio.ch.NioSocketImpl.connect(NioSocketImpl.java:592)
	at java.base/java.net.SocksSocketImpl.connect(SocksSocketImpl.java:327)
	at java.base/java.net.Socket.connect(Socket.java:751)
	at org.apache.hc.client5.http.impl.io.DefaultHttpClientConnectionOperator.connect(DefaultHttpClientConnectionOperator.java:216)
	at org.apache.hc.client5.http.impl.io.PoolingHttpClientConnectionManager.connect(PoolingHttpClientConnectionManager.java:490)
	at org.apache.hc.client5.http.impl.classic.InternalExecRuntime.connectEndpoint(InternalExecRuntime.java:164)
	at org.apache.hc.client5.http.impl.classic.InternalExecRuntime.connectEndpoint(InternalExecRuntime.java:174)
	at org.apache.hc.client5.http.impl.classic.ConnectExec.execute(ConnectExec.java:144)
	at org.apache.hc.client5.http.impl.classic.ExecChainElement.execute(ExecChainElement.java:51)
	at org.apache.hc.client5.http.impl.classic.ProtocolExec.execute(ProtocolExec.java:192)
	at org.apache.hc.client5.http.impl.classic.ExecChainElement.execute(ExecChainElement.java:51)
	at org.apache.hc.client5.http.impl.classic.ContentCompressionExec.execute(ContentCompressionExec.java:150)
	at org.apache.hc.client5.http.impl.classic.ExecChainElement.execute(ExecChainElement.java:51)
	at org.apache.hc.client5.http.impl.classic.HttpRequestRetryExec.execute(HttpRequestRetryExec.java:113)
	at org.apache.hc.client5.http.impl.classic.ExecChainElement.execute(ExecChainElement.java:51)
	at org.apache.hc.client5.http.impl.classic.RedirectExec.execute(RedirectExec.java:110)
	at org.apache.hc.client5.http.impl.classic.ExecChainElement.execute(ExecChainElement.java:51)
	at org.apache.hc.client5.http.impl.classic.InternalHttpClient.doExecute(InternalHttpClient.java:174)
	at org.apache.hc.client5.http.impl.classic.CloseableHttpClient.execute(CloseableHttpClient.java:87)
	at org.apache.hc.client5.http.impl.classic.CloseableHttpClient.execute(CloseableHttpClient.java:55)
	at org.apache.hc.client5.http.classic.HttpClient.executeOpen(HttpClient.java:183)
	at org.springframework.http.client.HttpComponentsClientHttpRequest.executeInternal(HttpComponentsClientHttpRequest.java:99)
	at org.springframework.http.client.AbstractStreamingClientHttpRequest.executeInternal(AbstractStreamingClientHttpRequest.java:71)
	at org.springframework.http.client.AbstractClientHttpRequest.execute(AbstractClientHttpRequest.java:81)
	at org.springframework.http.client.InterceptingClientHttpRequest$InterceptingRequestExecution.execute(InterceptingClientHttpRequest.java:117)
	at org.springframework.cloud.netflix.eureka.http.RestTemplateTransportClientFactory.lambda$restTemplate$3(RestTemplateTransportClientFactory.java:141)
	at org.springframework.http.client.InterceptingClientHttpRequest$InterceptingRequestExecution.execute(InterceptingClientHttpRequest.java:88)
	at org.springframework.http.client.support.BasicAuthenticationInterceptor.intercept(BasicAuthenticationInterceptor.java:79)
	at org.springframework.http.client.InterceptingClientHttpRequest$InterceptingRequestExecution.execute(InterceptingClientHttpRequest.java:88)
	at org.springframework.http.client.InterceptingClientHttpRequest.executeInternal(InterceptingClientHttpRequest.java:72)
	at org.springframework.http.client.AbstractBufferingClientHttpRequest.executeInternal(AbstractBufferingClientHttpRequest.java:48)
	at org.springframework.http.client.AbstractClientHttpRequest.execute(AbstractClientHttpRequest.java:81)
	at org.springframework.web.client.RestTemplate.doExecute(RestTemplate.java:900)
	... 38 more

2026-08-21T18:24:21.361+01:00  WARN 17028 --- [schools-portal] [ionShutdownHook] c.n.d.s.t.d.RetryableEurekaHttpClient    : Request execution failed with message: I/O error on DELETE request for "http://localhost:8761/eureka/apps/SCHOOLS-PORTAL/CYP-WEBTEST-01.development.local:schools-portal:8024": Connect to http://localhost:8761 [localhost/127.0.0.1, localhost/0:0:0:0:0:0:0:1] failed: Connection refused: getsockopt
2026-08-21T18:24:21.362+01:00 ERROR 17028 --- [schools-portal] [ionShutdownHook] c.n.d.DiscoveryClient                    : DiscoveryClient_SCHOOLS-PORTAL/CYP-WEBTEST-01.development.local:schools-portal:8024 - de-registration failedCannot execute request on any known server

com.netflix.discovery.shared.transport.TransportException: Cannot execute request on any known server
	at com.netflix.discovery.shared.transport.decorator.RetryableEurekaHttpClient.execute(RetryableEurekaHttpClient.java:112) ~[eureka-client-2.0.4.jar!/:2.0.4]
	at com.netflix.discovery.shared.transport.decorator.EurekaHttpClientDecorator.cancel(EurekaHttpClientDecorator.java:71) ~[eureka-client-2.0.4.jar!/:2.0.4]
	at com.netflix.discovery.shared.transport.decorator.EurekaHttpClientDecorator$2.execute(EurekaHttpClientDecorator.java:74) ~[eureka-client-2.0.4.jar!/:2.0.4]
	at com.netflix.discovery.shared.transport.decorator.SessionedEurekaHttpClient.execute(SessionedEurekaHttpClient.java:76) ~[eureka-client-2.0.4.jar!/:2.0.4]
	at com.netflix.discovery.shared.transport.decorator.EurekaHttpClientDecorator.cancel(EurekaHttpClientDecorator.java:71) ~[eureka-client-2.0.4.jar!/:2.0.4]
	at com.netflix.discovery.DiscoveryClient.unregister(DiscoveryClient.java:919) ~[eureka-client-2.0.4.jar!/:2.0.4]
	at com.netflix.discovery.DiscoveryClient.shutdown(DiscoveryClient.java:900) ~[eureka-client-2.0.4.jar!/:2.0.4]
	at java.base/jdk.internal.reflect.DirectMethodHandleAccessor.invoke(DirectMethodHandleAccessor.java:103) ~[?:?]
	at java.base/java.lang.reflect.Method.invoke(Method.java:580) ~[?:?]
	at org.springframework.beans.factory.annotation.InitDestroyAnnotationBeanPostProcessor$LifecycleMethod.invoke(InitDestroyAnnotationBeanPostProcessor.java:457) ~[spring-beans-6.2.1.jar!/:6.2.1]
	at org.springframework.beans.factory.annotation.InitDestroyAnnotationBeanPostProcessor$LifecycleMetadata.invokeDestroyMethods(InitDestroyAnnotationBeanPostProcessor.java:415) ~[spring-beans-6.2.1.jar!/:6.2.1]
	at org.springframework.beans.factory.annotation.InitDestroyAnnotationBeanPostProcessor.postProcessBeforeDestruction(InitDestroyAnnotationBeanPostProcessor.java:239) ~[spring-beans-6.2.1.jar!/:6.2.1]
	at org.springframework.beans.factory.support.DisposableBeanAdapter.destroy(DisposableBeanAdapter.java:202) ~[spring-beans-6.2.1.jar!/:6.2.1]
	at org.springframework.beans.factory.support.DisposableBeanAdapter.run(DisposableBeanAdapter.java:195) ~[spring-beans-6.2.1.jar!/:6.2.1]
	at org.springframework.cloud.context.scope.GenericScope$BeanLifecycleWrapper.destroy(GenericScope.java:389) ~[spring-cloud-context-4.2.0.jar!/:4.2.0]
	at org.springframework.cloud.context.scope.GenericScope.destroy(GenericScope.java:136) ~[spring-cloud-context-4.2.0.jar!/:4.2.0]
	at org.springframework.beans.factory.support.DisposableBeanAdapter.destroy(DisposableBeanAdapter.java:211) ~[spring-beans-6.2.1.jar!/:6.2.1]
	at org.springframework.beans.factory.support.DefaultSingletonBeanRegistry.destroyBean(DefaultSingletonBeanRegistry.java:668) ~[spring-beans-6.2.1.jar!/:6.2.1]
	at org.springframework.beans.factory.support.DefaultSingletonBeanRegistry.destroySingleton(DefaultSingletonBeanRegistry.java:625) ~[spring-beans-6.2.1.jar!/:6.2.1]
	at org.springframework.beans.factory.support.DefaultListableBeanFactory.destroySingleton(DefaultListableBeanFactory.java:1368) ~[spring-beans-6.2.1.jar!/:6.2.1]
	at org.springframework.beans.factory.support.DefaultSingletonBeanRegistry.destroySingletons(DefaultSingletonBeanRegistry.java:584) ~[spring-beans-6.2.1.jar!/:6.2.1]
	at org.springframework.beans.factory.support.DefaultListableBeanFactory.destroySingletons(DefaultListableBeanFactory.java:1361) ~[spring-beans-6.2.1.jar!/:6.2.1]
	at org.springframework.context.support.AbstractApplicationContext.destroyBeans(AbstractApplicationContext.java:1219) ~[spring-context-6.2.1.jar!/:6.2.1]
	at org.springframework.context.support.AbstractApplicationContext.doClose(AbstractApplicationContext.java:1180) ~[spring-context-6.2.1.jar!/:6.2.1]
	at org.springframework.boot.web.servlet.context.ServletWebServerApplicationContext.doClose(ServletWebServerApplicationContext.java:174) ~[spring-boot-3.4.1.jar!/:3.4.1]
	at org.springframework.context.support.AbstractApplicationContext.close(AbstractApplicationContext.java:1126) ~[spring-context-6.2.1.jar!/:6.2.1]
	at org.springframework.boot.SpringApplicationShutdownHook.closeAndWait(SpringApplicationShutdownHook.java:147) ~[spring-boot-3.4.1.jar!/:3.4.1]
	at java.base/java.lang.Iterable.forEach(Iterable.java:75) ~[?:?]
	at org.springframework.boot.SpringApplicationShutdownHook.run(SpringApplicationShutdownHook.java:116) ~[spring-boot-3.4.1.jar!/:3.4.1]
	at java.base/java.lang.Thread.run(Thread.java:1583) [?:?]

2026-08-21T18:24:21.363+01:00  INFO 17028 --- [schools-portal] [ionShutdownHook] c.n.d.DiscoveryClient                    : Completed shut down of DiscoveryClient
   _____      _                 _       _____           _        _
  / ____|    | |               | |     |  __ \         | |      | |
 | (___   ___| |__   ___   ___ | |___  | |__) |__  _ __| |_ __ _| |
  \___ \ / __| '_ \ / _ \ / _ \| / __| |  ___/ _ \| '__| __/ _` | |
  ____) | (__| | | | (_) | (_) | \__ \ | |  | (_) | |  | || (_| | |
 |_____/ \___|_| |_|\___/ \___/|_|___/ |_|   \___/|_|   \__\__,_|_|

schools-portal - 17.0.1
2026-08-21T18:24:43.415+01:00  INFO 24920 --- [schools-portal] [           main] u.c.c.i.s.p.ImpulseSchoolsPortal         : Starting ImpulseSchoolsPortal v17.0.1 using Java 21.0.12.1 with PID 24920 (D:\CACI\WebTier\Portals\pgTest01\impulse-schools-portal\impulse-schools-portal.war started by CYP-WEBTEST-01$ in D:\CACI\WebTier\Portals\pgTest01\impulse-schools-portal)
2026-08-21T18:24:43.442+01:00  INFO 24920 --- [schools-portal] [           main] u.c.c.i.s.p.ImpulseSchoolsPortal         : The following 2 profiles are active: "postgres", "onsite-pgTest01"
2026-08-21T18:24:51.816+01:00  INFO 24920 --- [schools-portal] [           main] o.s.c.c.s.GenericScope                   : BeanFactory id=9db2cc42-6285-36c4-922f-d5d3c94dc86a
2026-08-21T18:24:51.917+01:00  INFO 24920 --- [schools-portal] [           main] ptablePropertiesBeanFactoryPostProcessor : Post-processing PropertySource instances
2026-08-21T18:24:51.927+01:00  INFO 24920 --- [schools-portal] [           main] c.u.j.EncryptablePropertySourceConverter : Skipping PropertySource configurationProperties [class org.springframework.boot.context.properties.source.ConfigurationPropertySourcesPropertySource
2026-08-21T18:24:51.928+01:00  INFO 24920 --- [schools-portal] [           main] c.u.j.EncryptablePropertySourceConverter : Converting PropertySource commandLineArgs [org.springframework.core.env.SimpleCommandLinePropertySource] to EncryptableEnumerablePropertySourceWrapper
2026-08-21T18:24:51.929+01:00  INFO 24920 --- [schools-portal] [           main] c.u.j.EncryptablePropertySourceConverter : Skipping PropertySource servletConfigInitParams [class org.springframework.core.env.PropertySource$StubPropertySource
2026-08-21T18:24:51.929+01:00  INFO 24920 --- [schools-portal] [           main] c.u.j.EncryptablePropertySourceConverter : Skipping PropertySource servletContextInitParams [class org.springframework.core.env.PropertySource$StubPropertySource
2026-08-21T18:24:51.929+01:00  INFO 24920 --- [schools-portal] [           main] c.u.j.EncryptablePropertySourceConverter : Converting PropertySource systemProperties [org.springframework.core.env.PropertiesPropertySource] to EncryptableMapPropertySourceWrapper
2026-08-21T18:24:51.929+01:00  INFO 24920 --- [schools-portal] [           main] c.u.j.EncryptablePropertySourceConverter : Converting PropertySource systemEnvironment [org.springframework.boot.env.SystemEnvironmentPropertySourceEnvironmentPostProcessor$OriginAwareSystemEnvironmentPropertySource] to EncryptableSystemEnvironmentPropertySourceWrapper
2026-08-21T18:24:51.930+01:00  INFO 24920 --- [schools-portal] [           main] c.u.j.EncryptablePropertySourceConverter : Converting PropertySource random [org.springframework.boot.env.RandomValuePropertySource] to EncryptablePropertySourceWrapper
2026-08-21T18:24:51.930+01:00  INFO 24920 --- [schools-portal] [           main] c.u.j.EncryptablePropertySourceConverter : Converting PropertySource cachedrandom [org.springframework.cloud.util.random.CachedRandomPropertySource] to EncryptablePropertySourceWrapper
2026-08-21T18:24:51.930+01:00  INFO 24920 --- [schools-portal] [           main] c.u.j.EncryptablePropertySourceConverter : Converting PropertySource Config resource 'file [D:\CACI\WebTier\Config\Portals\pgTest01\application-postgres.yml]' via location 'file:///D:/CACI/WebTier/Config/Portals/pgTest01/' [org.springframework.boot.env.OriginTrackedMapPropertySource] to EncryptableMapPropertySourceWrapper
2026-08-21T18:24:51.930+01:00  INFO 24920 --- [schools-portal] [           main] c.u.j.EncryptablePropertySourceConverter : Converting PropertySource Config resource 'file [application-onsite-pgTest01.yml]' via location 'optional:file:./' [org.springframework.boot.env.OriginTrackedMapPropertySource] to EncryptableMapPropertySourceWrapper
2026-08-21T18:24:51.931+01:00  INFO 24920 --- [schools-portal] [           main] c.u.j.EncryptablePropertySourceConverter : Converting PropertySource Config resource 'class path resource [config/application.yml]' via location 'optional:classpath:/config/' [org.springframework.boot.env.OriginTrackedMapPropertySource] to EncryptableMapPropertySourceWrapper
2026-08-21T18:24:51.931+01:00  INFO 24920 --- [schools-portal] [           main] c.u.j.EncryptablePropertySourceConverter : Converting PropertySource springCloudClientHostInfo [org.springframework.core.env.MapPropertySource] to EncryptableMapPropertySourceWrapper
2026-08-21T18:24:51.931+01:00  INFO 24920 --- [schools-portal] [           main] c.u.j.EncryptablePropertySourceConverter : Converting PropertySource applicationInfo [org.springframework.boot.ApplicationInfoPropertySource] to EncryptableMapPropertySourceWrapper
2026-08-21T18:24:51.931+01:00  INFO 24920 --- [schools-portal] [           main] c.u.j.EncryptablePropertySourceConverter : Converting PropertySource defaultProperties [org.springframework.boot.DefaultPropertiesPropertySource] to EncryptableMapPropertySourceWrapper
2026-08-21T18:24:52.778+01:00  INFO 24920 --- [schools-portal] [           main] c.u.j.f.DefaultLazyPropertyFilter        : Property Filter custom Bean not found with name 'encryptablePropertyFilter'. Initializing Default Property Filter
2026-08-21T18:24:52.794+01:00  INFO 24920 --- [schools-portal] [           main] c.u.j.r.DefaultLazyPropertyResolver      : Property Resolver custom Bean not found with name 'encryptablePropertyResolver'. Initializing Default Property Resolver
2026-08-21T18:24:52.796+01:00  INFO 24920 --- [schools-portal] [           main] c.u.j.d.DefaultLazyPropertyDetector      : Property Detector custom Bean not found with name 'encryptablePropertyDetector'. Initializing Default Property Detector
2026-08-21T18:24:56.082+01:00  INFO 24920 --- [schools-portal] [           main] o.s.b.w.e.t.TomcatWebServer              : Tomcat initialized with port 8024 (http)
2026-08-21T18:24:57.565+01:00  INFO 24920 --- [schools-portal] [           main] w.s.c.ServletWebServerApplicationContext : Root WebApplicationContext: initialization completed in 13230 ms
2026-08-21T18:25:03.968+01:00  INFO 24920 --- [schools-portal] [           main] DiscoveryClientOptionalArgsConfiguration : Eureka HTTP Client uses RestTemplate.
2026-08-21T18:25:04.944+01:00  INFO 24920 --- [schools-portal] [           main] o.s.c.n.e.InstanceInfoFactory            : Setting initial instance status as: STARTING
2026-08-21T18:25:05.533+01:00  INFO 24920 --- [schools-portal] [           main] c.n.d.DiscoveryClient                    : Initializing Eureka in region us-east-1
2026-08-21T18:25:05.632+01:00  INFO 24920 --- [schools-portal] [           main] c.n.d.s.r.a.ConfigClusterResolver        : Resolving eureka endpoints via configuration
2026-08-21T18:25:05.734+01:00  INFO 24920 --- [schools-portal] [           main] c.n.d.DiscoveryClient                    : Disable delta property : false
2026-08-21T18:25:05.735+01:00  INFO 24920 --- [schools-portal] [           main] c.n.d.DiscoveryClient                    : Single vip registry refresh property : null
2026-08-21T18:25:05.735+01:00  INFO 24920 --- [schools-portal] [           main] c.n.d.DiscoveryClient                    : Force full registry fetch : false
2026-08-21T18:25:05.735+01:00  INFO 24920 --- [schools-portal] [           main] c.n.d.DiscoveryClient                    : Application is null : false
2026-08-21T18:25:05.735+01:00  INFO 24920 --- [schools-portal] [           main] c.n.d.DiscoveryClient                    : Registered Applications size is zero : true
2026-08-21T18:25:05.736+01:00  INFO 24920 --- [schools-portal] [           main] c.n.d.DiscoveryClient                    : Application version is -1: true
2026-08-21T18:25:05.736+01:00  INFO 24920 --- [schools-portal] [           main] c.n.d.DiscoveryClient                    : Getting all instance registry info from the eureka server
2026-08-21T18:25:09.444+01:00  INFO 24920 --- [schools-portal] [           main] c.n.d.DiscoveryClient                    : The response status is 200
2026-08-21T18:25:09.447+01:00  INFO 24920 --- [schools-portal] [           main] c.n.d.DiscoveryClient                    : Starting heartbeat executor: renew interval is: 30
2026-08-21T18:25:09.450+01:00  INFO 24920 --- [schools-portal] [           main] c.n.d.InstanceInfoReplicator             : InstanceInfoReplicator onDemand update allowed rate per min is 4
2026-08-21T18:25:09.452+01:00  INFO 24920 --- [schools-portal] [           main] c.n.d.DiscoveryClient                    : Discovery Client initialized at timestamp 1787333109451 with initial instances count: 7
2026-08-21T18:25:10.139+01:00  INFO 24920 --- [schools-portal] [           main] o.s.b.a.w.s.WelcomePageHandlerMapping    : Adding welcome page: ServletContext resource [/index.html]
2026-08-21T18:25:11.612+01:00  WARN 24920 --- [schools-portal] [           main] iguration$LoadBalancerCaffeineWarnLogger : Spring Cloud LoadBalancer is currently working with the default cache. While this cache implementation is useful for development and tests, it's recommended to use Caffeine cache in production.You can switch to using Caffeine cache, by adding it and org.springframework.cache.caffeine.CaffeineCacheManager to the classpath.
2026-08-21T18:25:11.649+01:00  INFO 24920 --- [schools-portal] [           main] o.s.c.n.e.s.EurekaServiceRegistry        : Registering application SCHOOLS-PORTAL with eureka with status UP
2026-08-21T18:25:11.681+01:00  INFO 24920 --- [schools-portal] [           main] c.n.d.DiscoveryClient                    : Saw local status change event StatusChangeEvent [timestamp=1787333111681, current=UP, previous=STARTING]
2026-08-21T18:25:11.684+01:00  INFO 24920 --- [schools-portal] [foReplicator-%d] c.n.d.DiscoveryClient                    : DiscoveryClient_SCHOOLS-PORTAL/CYP-WEBTEST-01.development.local:schools-portal:8024: registering service...
2026-08-21T18:25:11.799+01:00  INFO 24920 --- [schools-portal] [           main] o.s.b.w.e.t.TomcatWebServer              : Tomcat started on port 8024 (http) with context path '/'
2026-08-21T18:25:11.801+01:00  INFO 24920 --- [schools-portal] [           main] .s.c.n.e.s.EurekaAutoServiceRegistration : Updating port to 8024
2026-08-21T18:25:11.801+01:00  INFO 24920 --- [schools-portal] [           main] u.j.c.RefreshScopeRefreshedEventListener : Refreshing cached encryptable property sources on ServletWebServerInitializedEvent
2026-08-21T18:25:11.802+01:00  INFO 24920 --- [schools-portal] [           main] CachingDelegateEncryptablePropertySource : Property Source commandLineArgs refreshed
2026-08-21T18:25:11.802+01:00  INFO 24920 --- [schools-portal] [           main] CachingDelegateEncryptablePropertySource : Property Source systemProperties refreshed
2026-08-21T18:25:11.802+01:00  INFO 24920 --- [schools-portal] [           main] CachingDelegateEncryptablePropertySource : Property Source systemEnvironment refreshed
2026-08-21T18:25:11.802+01:00  INFO 24920 --- [schools-portal] [           main] CachingDelegateEncryptablePropertySource : Property Source random refreshed
2026-08-21T18:25:11.802+01:00  INFO 24920 --- [schools-portal] [           main] CachingDelegateEncryptablePropertySource : Property Source cachedrandom refreshed
2026-08-21T18:25:11.802+01:00  INFO 24920 --- [schools-portal] [           main] CachingDelegateEncryptablePropertySource : Property Source Config resource 'file [D:\CACI\WebTier\Config\Portals\pgTest01\application-postgres.yml]' via location 'file:///D:/CACI/WebTier/Config/Portals/pgTest01/' refreshed
2026-08-21T18:25:11.802+01:00  INFO 24920 --- [schools-portal] [           main] CachingDelegateEncryptablePropertySource : Property Source Config resource 'file [application-onsite-pgTest01.yml]' via location 'optional:file:./' refreshed
2026-08-21T18:25:11.802+01:00  INFO 24920 --- [schools-portal] [           main] CachingDelegateEncryptablePropertySource : Property Source Config resource 'class path resource [config/application.yml]' via location 'optional:classpath:/config/' refreshed
2026-08-21T18:25:11.803+01:00  INFO 24920 --- [schools-portal] [           main] CachingDelegateEncryptablePropertySource : Property Source springCloudClientHostInfo refreshed
2026-08-21T18:25:11.803+01:00  INFO 24920 --- [schools-portal] [           main] CachingDelegateEncryptablePropertySource : Property Source applicationInfo refreshed
2026-08-21T18:25:11.803+01:00  INFO 24920 --- [schools-portal] [           main] CachingDelegateEncryptablePropertySource : Property Source defaultProperties refreshed
2026-08-21T18:25:11.803+01:00  INFO 24920 --- [schools-portal] [           main] c.u.j.EncryptablePropertySourceConverter : Skipping PropertySource configurationProperties [class org.springframework.boot.context.properties.source.ConfigurationPropertySourcesPropertySource
2026-08-21T18:25:11.803+01:00  INFO 24920 --- [schools-portal] [           main] c.u.j.EncryptablePropertySourceConverter : Skipping PropertySource servletConfigInitParams [class org.springframework.core.env.PropertySource$StubPropertySource
2026-08-21T18:25:11.803+01:00  INFO 24920 --- [schools-portal] [           main] c.u.j.EncryptablePropertySourceConverter : Converting PropertySource servletContextInitParams [org.springframework.web.context.support.ServletContextPropertySource] to EncryptableEnumerablePropertySourceWrapper
2026-08-21T18:25:11.832+01:00  INFO 24920 --- [schools-portal] [           main] u.c.c.i.s.p.ImpulseSchoolsPortal         : Started ImpulseSchoolsPortal in 34.628 seconds (process running for 45.641)
2026-08-21T18:25:11.839+01:00  INFO 24920 --- [schools-portal] [           main] u.c.c.i.s.p.ImpulseSchoolsPortal         : 
----------------------------------------------------------
	Application 'schools-portal' is running! Access URLs:
	Local: http://localhost:8024
	External: http://10.102.18.72:8024
	Profile(s): [postgres, onsite-pgTest01]
----------------------------------------------------------
2026-08-21T18:25:12.010+01:00  INFO 24920 --- [schools-portal] [foReplicator-%d] c.n.d.DiscoveryClient                    : DiscoveryClient_SCHOOLS-PORTAL/CYP-WEBTEST-01.development.local:schools-portal:8024 - registration status: 204
2026-08-21T18:30:05.741+01:00  INFO 24920 --- [schools-portal] [rap-executor-%d] c.n.d.s.r.a.ConfigClusterResolver        : Resolving eureka endpoints via configuration
2026-08-21T18:35:05.746+01:00  INFO 24920 --- [schools-portal] [rap-executor-%d] c.n.d.s.r.a.ConfigClusterResolver        : Resolving eureka endpoints via configuration
2026-08-21T18:40:05.750+01:00  INFO 24920 --- [schools-portal] [rap-executor-%d] c.n.d.s.r.a.ConfigClusterResolver        : Resolving eureka endpoints via configuration
2026-08-21T18:45:05.755+01:00  INFO 24920 --- [schools-portal] [rap-executor-%d] c.n.d.s.r.a.ConfigClusterResolver        : Resolving eureka endpoints via configuration
2026-08-21T18:50:05.759+01:00  INFO 24920 --- [schools-portal] [rap-executor-%d] c.n.d.s.r.a.ConfigClusterResolver        : Resolving eureka endpoints via configuration
2026-08-21T18:55:05.763+01:00  INFO 24920 --- [schools-portal] [rap-executor-%d] c.n.d.s.r.a.ConfigClusterResolver        : Resolving eureka endpoints via configuration
2026-08-21T19:00:05.766+01:00  INFO 24920 --- [schools-portal] [rap-executor-%d] c.n.d.s.r.a.ConfigClusterResolver        : Resolving eureka endpoints via configuration
2026-08-21T19:05:05.771+01:00  INFO 24920 --- [schools-portal] [rap-executor-%d] c.n.d.s.r.a.ConfigClusterResolver        : Resolving eureka endpoints via configuration
2026-08-21T19:10:05.774+01:00  INFO 24920 --- [schools-portal] [rap-executor-%d] c.n.d.s.r.a.ConfigClusterResolver        : Resolving eureka endpoints via configuration
2026-08-21T19:15:05.778+01:00  INFO 24920 --- [schools-portal] [rap-executor-%d] c.n.d.s.r.a.ConfigClusterResolver        : Resolving eureka endpoints via configuration
2026-08-21T19:20:05.782+01:00  INFO 24920 --- [schools-portal] [rap-executor-%d] c.n.d.s.r.a.ConfigClusterResolver        : Resolving eureka endpoints via configuration
2026-08-21T19:25:05.786+01:00  INFO 24920 --- [schools-portal] [rap-executor-%d] c.n.d.s.r.a.ConfigClusterResolver        : Resolving eureka endpoints via configuration
2026-08-21T19:30:05.791+01:00  INFO 24920 --- [schools-portal] [rap-executor-%d] c.n.d.s.r.a.ConfigClusterResolver        : Resolving eureka endpoints via configuration
2026-08-21T19:35:05.795+01:00  INFO 24920 --- [schools-portal] [rap-executor-%d] c.n.d.s.r.a.ConfigClusterResolver        : Resolving eureka endpoints via configuration
2026-08-21T19:40:05.799+01:00  INFO 24920 --- [schools-portal] [rap-executor-%d] c.n.d.s.r.a.ConfigClusterResolver        : Resolving eureka endpoints via configuration
2026-08-21T19:45:05.802+01:00  INFO 24920 --- [schools-portal] [rap-executor-%d] c.n.d.s.r.a.ConfigClusterResolver        : Resolving eureka endpoints via configuration
2026-08-21T19:50:05.805+01:00  INFO 24920 --- [schools-portal] [rap-executor-%d] c.n.d.s.r.a.ConfigClusterResolver        : Resolving eureka endpoints via configuration
2026-08-21T19:55:05.808+01:00  INFO 24920 --- [schools-portal] [rap-executor-%d] c.n.d.s.r.a.ConfigClusterResolver        : Resolving eureka endpoints via configuration
2026-08-21T20:00:05.811+01:00  INFO 24920 --- [schools-portal] [rap-executor-%d] c.n.d.s.r.a.ConfigClusterResolver        : Resolving eureka endpoints via configuration
2026-08-21T20:05:05.815+01:00  INFO 24920 --- [schools-portal] [rap-executor-%d] c.n.d.s.r.a.ConfigClusterResolver        : Resolving eureka endpoints via configuration
2026-08-21T20:10:05.820+01:00  INFO 24920 --- [schools-portal] [rap-executor-%d] c.n.d.s.r.a.ConfigClusterResolver        : Resolving eureka endpoints via configuration
2026-08-21T20:15:05.822+01:00  INFO 24920 --- [schools-portal] [rap-executor-%d] c.n.d.s.r.a.ConfigClusterResolver        : Resolving eureka endpoints via configuration
2026-08-21T20:20:05.827+01:00  INFO 24920 --- [schools-portal] [rap-executor-%d] c.n.d.s.r.a.ConfigClusterResolver        : Resolving eureka endpoints via configuration
2026-08-21T20:25:05.830+01:00  INFO 24920 --- [schools-portal] [rap-executor-%d] c.n.d.s.r.a.ConfigClusterResolver        : Resolving eureka endpoints via configuration
2026-08-21T20:30:05.832+01:00  INFO 24920 --- [schools-portal] [rap-executor-%d] c.n.d.s.r.a.ConfigClusterResolver        : Resolving eureka endpoints via configuration
2026-08-21T20:35:05.836+01:00  INFO 24920 --- [schools-portal] [rap-executor-%d] c.n.d.s.r.a.ConfigClusterResolver        : Resolving eureka endpoints via configuration
2026-08-21T20:40:05.840+01:00  INFO 24920 --- [schools-portal] [rap-executor-%d] c.n.d.s.r.a.ConfigClusterResolver        : Resolving eureka endpoints via configuration
2026-08-21T20:45:05.843+01:00  INFO 24920 --- [schools-portal] [rap-executor-%d] c.n.d.s.r.a.ConfigClusterResolver        : Resolving eureka endpoints via configuration
2026-08-21T20:50:05.847+01:00  INFO 24920 --- [schools-portal] [rap-executor-%d] c.n.d.s.r.a.ConfigClusterResolver        : Resolving eureka endpoints via configuration
2026-08-21T20:55:05.851+01:00  INFO 24920 --- [schools-portal] [rap-executor-%d] c.n.d.s.r.a.ConfigClusterResolver        : Resolving eureka endpoints via configuration
2026-08-21T21:00:05.854+01:00  INFO 24920 --- [schools-portal] [rap-executor-%d] c.n.d.s.r.a.ConfigClusterResolver        : Resolving eureka endpoints via configuration
2026-08-21T21:05:05.859+01:00  INFO 24920 --- [schools-portal] [rap-executor-%d] c.n.d.s.r.a.ConfigClusterResolver        : Resolving eureka endpoints via configuration
2026-08-21T21:10:05.863+01:00  INFO 24920 --- [schools-portal] [rap-executor-%d] c.n.d.s.r.a.ConfigClusterResolver        : Resolving eureka endpoints via configuration
2026-08-21T21:15:05.866+01:00  INFO 24920 --- [schools-portal] [rap-executor-%d] c.n.d.s.r.a.ConfigClusterResolver        : Resolving eureka endpoints via configuration
2026-08-21T21:20:05.870+01:00  INFO 24920 --- [schools-portal] [rap-executor-%d] c.n.d.s.r.a.ConfigClusterResolver        : Resolving eureka endpoints via configuration
2026-08-21T21:25:05.873+01:00  INFO 24920 --- [schools-portal] [rap-executor-%d] c.n.d.s.r.a.ConfigClusterResolver        : Resolving eureka endpoints via configuration
2026-08-21T21:30:05.876+01:00  INFO 24920 --- [schools-portal] [rap-executor-%d] c.n.d.s.r.a.ConfigClusterResolver        : Resolving eureka endpoints via configuration
2026-08-21T21:35:05.879+01:00  INFO 24920 --- [schools-portal] [rap-executor-%d] c.n.d.s.r.a.ConfigClusterResolver        : Resolving eureka endpoints via configuration
2026-08-21T21:40:05.883+01:00  INFO 24920 --- [schools-portal] [rap-executor-%d] c.n.d.s.r.a.ConfigClusterResolver        : Resolving eureka endpoints via configuration
2026-08-21T21:45:05.886+01:00  INFO 24920 --- [schools-portal] [rap-executor-%d] c.n.d.s.r.a.ConfigClusterResolver        : Resolving eureka endpoints via configuration
2026-08-21T21:50:05.890+01:00  INFO 24920 --- [schools-portal] [rap-executor-%d] c.n.d.s.r.a.ConfigClusterResolver        : Resolving eureka endpoints via configuration
2026-08-21T21:55:05.893+01:00  INFO 24920 --- [schools-portal] [rap-executor-%d] c.n.d.s.r.a.ConfigClusterResolver        : Resolving eureka endpoints via configuration
2026-08-21T22:00:05.896+01:00  INFO 24920 --- [schools-portal] [rap-executor-%d] c.n.d.s.r.a.ConfigClusterResolver        : Resolving eureka endpoints via configuration
2026-08-21T22:05:05.900+01:00  INFO 24920 --- [schools-portal] [rap-executor-%d] c.n.d.s.r.a.ConfigClusterResolver        : Resolving eureka endpoints via configuration
2026-08-21T22:10:05.902+01:00  INFO 24920 --- [schools-portal] [rap-executor-%d] c.n.d.s.r.a.ConfigClusterResolver        : Resolving eureka endpoints via configuration
2026-08-21T22:15:05.905+01:00  INFO 24920 --- [schools-portal] [rap-executor-%d] c.n.d.s.r.a.ConfigClusterResolver        : Resolving eureka endpoints via configuration
2026-08-21T22:20:05.908+01:00  INFO 24920 --- [schools-portal] [rap-executor-%d] c.n.d.s.r.a.ConfigClusterResolver        : Resolving eureka endpoints via configuration
2026-08-21T22:25:05.911+01:00  INFO 24920 --- [schools-portal] [rap-executor-%d] c.n.d.s.r.a.ConfigClusterResolver        : Resolving eureka endpoints via configuration
2026-08-21T22:30:05.915+01:00  INFO 24920 --- [schools-portal] [rap-executor-%d] c.n.d.s.r.a.ConfigClusterResolver        : Resolving eureka endpoints via configuration
2026-08-21T22:35:05.919+01:00  INFO 24920 --- [schools-portal] [rap-executor-%d] c.n.d.s.r.a.ConfigClusterResolver        : Resolving eureka endpoints via configuration
2026-08-21T22:40:05.924+01:00  INFO 24920 --- [schools-portal] [rap-executor-%d] c.n.d.s.r.a.ConfigClusterResolver        : Resolving eureka endpoints via configuration
2026-08-21T22:45:05.928+01:00  INFO 24920 --- [schools-portal] [rap-executor-%d] c.n.d.s.r.a.ConfigClusterResolver        : Resolving eureka endpoints via configuration
2026-08-21T22:50:05.931+01:00  INFO 24920 --- [schools-portal] [rap-executor-%d] c.n.d.s.r.a.ConfigClusterResolver        : Resolving eureka endpoints via configuration
2026-08-21T22:55:05.935+01:00  INFO 24920 --- [schools-portal] [rap-executor-%d] c.n.d.s.r.a.ConfigClusterResolver        : Resolving eureka endpoints via configuration
2026-08-21T23:00:05.937+01:00  INFO 24920 --- [schools-portal] [rap-executor-%d] c.n.d.s.r.a.ConfigClusterResolver        : Resolving eureka endpoints via configuration
2026-08-21T23:05:05.941+01:00  INFO 24920 --- [schools-portal] [rap-executor-%d] c.n.d.s.r.a.ConfigClusterResolver        : Resolving eureka endpoints via configuration
2026-08-21T23:10:05.943+01:00  INFO 24920 --- [schools-portal] [rap-executor-%d] c.n.d.s.r.a.ConfigClusterResolver        : Resolving eureka endpoints via configuration
2026-08-21T23:15:05.946+01:00  INFO 24920 --- [schools-portal] [rap-executor-%d] c.n.d.s.r.a.ConfigClusterResolver        : Resolving eureka endpoints via configuration
2026-08-21T23:20:05.950+01:00  INFO 24920 --- [schools-portal] [rap-executor-%d] c.n.d.s.r.a.ConfigClusterResolver        : Resolving eureka endpoints via configuration
2026-08-21T23:25:05.953+01:00  INFO 24920 --- [schools-portal] [rap-executor-%d] c.n.d.s.r.a.ConfigClusterResolver        : Resolving eureka endpoints via configuration
2026-08-21T23:30:05.956+01:00  INFO 24920 --- [schools-portal] [rap-executor-%d] c.n.d.s.r.a.ConfigClusterResolver        : Resolving eureka endpoints via configuration
2026-08-21T23:35:05.959+01:00  INFO 24920 --- [schools-portal] [rap-executor-%d] c.n.d.s.r.a.ConfigClusterResolver        : Resolving eureka endpoints via configuration
2026-08-21T23:40:05.964+01:00  INFO 24920 --- [schools-portal] [rap-executor-%d] c.n.d.s.r.a.ConfigClusterResolver        : Resolving eureka endpoints via configuration
2026-08-21T23:45:05.969+01:00  INFO 24920 --- [schools-portal] [rap-executor-%d] c.n.d.s.r.a.ConfigClusterResolver        : Resolving eureka endpoints via configuration
2026-08-21T23:50:05.982+01:00  INFO 24920 --- [schools-portal] [rap-executor-%d] c.n.d.s.r.a.ConfigClusterResolver        : Resolving eureka endpoints via configuration
2026-08-21T23:55:05.985+01:00  INFO 24920 --- [schools-portal] [rap-executor-%d] c.n.d.s.r.a.ConfigClusterResolver        : Resolving eureka endpoints via configuration
2026-08-22T00:00:05.990+01:00  INFO 24920 --- [schools-portal] [rap-executor-%d] c.n.d.s.r.a.ConfigClusterResolver        : Resolving eureka endpoints via configuration
2026-08-22T00:05:05.993+01:00  INFO 24920 --- [schools-portal] [rap-executor-%d] c.n.d.s.r.a.ConfigClusterResolver        : Resolving eureka endpoints via configuration
2026-08-22T00:10:05.996+01:00  INFO 24920 --- [schools-portal] [rap-executor-%d] c.n.d.s.r.a.ConfigClusterResolver        : Resolving eureka endpoints via configuration
2026-08-22T00:15:05.999+01:00  INFO 24920 --- [schools-portal] [rap-executor-%d] c.n.d.s.r.a.ConfigClusterResolver        : Resolving eureka endpoints via configuration
2026-08-22T00:20:06.003+01:00  INFO 24920 --- [schools-portal] [rap-executor-%d] c.n.d.s.r.a.ConfigClusterResolver        : Resolving eureka endpoints via configuration
2026-08-22T00:25:06.007+01:00  INFO 24920 --- [schools-portal] [rap-executor-%d] c.n.d.s.r.a.ConfigClusterResolver        : Resolving eureka endpoints via configuration
2026-08-22T00:30:06.011+01:00  INFO 24920 --- [schools-portal] [rap-executor-%d] c.n.d.s.r.a.ConfigClusterResolver        : Resolving eureka endpoints via configuration
2026-08-22T00:35:06.015+01:00  INFO 24920 --- [schools-portal] [rap-executor-%d] c.n.d.s.r.a.ConfigClusterResolver        : Resolving eureka endpoints via configuration
2026-08-22T00:40:06.019+01:00  INFO 24920 --- [schools-portal] [rap-executor-%d] c.n.d.s.r.a.ConfigClusterResolver        : Resolving eureka endpoints via configuration
2026-08-22T00:45:06.022+01:00  INFO 24920 --- [schools-portal] [rap-executor-%d] c.n.d.s.r.a.ConfigClusterResolver        : Resolving eureka endpoints via configuration
2026-08-22T00:50:06.026+01:00  INFO 24920 --- [schools-portal] [rap-executor-%d] c.n.d.s.r.a.ConfigClusterResolver        : Resolving eureka endpoints via configuration
2026-08-22T00:55:06.031+01:00  INFO 24920 --- [schools-portal] [rap-executor-%d] c.n.d.s.r.a.ConfigClusterResolver        : Resolving eureka endpoints via configuration
2026-08-22T01:00:06.034+01:00  INFO 24920 --- [schools-portal] [rap-executor-%d] c.n.d.s.r.a.ConfigClusterResolver        : Resolving eureka endpoints via configuration
2026-08-22T01:05:06.037+01:00  INFO 24920 --- [schools-portal] [rap-executor-%d] c.n.d.s.r.a.ConfigClusterResolver        : Resolving eureka endpoints via configuration
2026-08-22T01:10:06.041+01:00  INFO 24920 --- [schools-portal] [rap-executor-%d] c.n.d.s.r.a.ConfigClusterResolver        : Resolving eureka endpoints via configuration
2026-08-22T01:15:06.045+01:00  INFO 24920 --- [schools-portal] [rap-executor-%d] c.n.d.s.r.a.ConfigClusterResolver        : Resolving eureka endpoints via configuration
2026-08-22T01:20:06.050+01:00  INFO 24920 --- [schools-portal] [rap-executor-%d] c.n.d.s.r.a.ConfigClusterResolver        : Resolving eureka endpoints via configuration
2026-08-22T01:25:06.053+01:00  INFO 24920 --- [schools-portal] [rap-executor-%d] c.n.d.s.r.a.ConfigClusterResolver        : Resolving eureka endpoints via configuration
2026-08-22T01:30:06.055+01:00  INFO 24920 --- [schools-portal] [rap-executor-%d] c.n.d.s.r.a.ConfigClusterResolver        : Resolving eureka endpoints via configuration
2026-08-22T01:35:06.059+01:00  INFO 24920 --- [schools-portal] [rap-executor-%d] c.n.d.s.r.a.ConfigClusterResolver        : Resolving eureka endpoints via configuration
2026-08-22T01:40:06.061+01:00  INFO 24920 --- [schools-portal] [rap-executor-%d] c.n.d.s.r.a.ConfigClusterResolver        : Resolving eureka endpoints via configuration
2026-08-22T01:45:06.066+01:00  INFO 24920 --- [schools-portal] [rap-executor-%d] c.n.d.s.r.a.ConfigClusterResolver        : Resolving eureka endpoints via configuration
2026-08-22T01:50:06.069+01:00  INFO 24920 --- [schools-portal] [rap-executor-%d] c.n.d.s.r.a.ConfigClusterResolver        : Resolving eureka endpoints via configuration
2026-08-22T01:55:06.072+01:00  INFO 24920 --- [schools-portal] [rap-executor-%d] c.n.d.s.r.a.ConfigClusterResolver        : Resolving eureka endpoints via configuration
2026-08-22T02:00:06.075+01:00  INFO 24920 --- [schools-portal] [rap-executor-%d] c.n.d.s.r.a.ConfigClusterResolver        : Resolving eureka endpoints via configuration
2026-08-22T02:05:06.078+01:00  INFO 24920 --- [schools-portal] [rap-executor-%d] c.n.d.s.r.a.ConfigClusterResolver        : Resolving eureka endpoints via configuration
2026-08-22T02:10:06.081+01:00  INFO 24920 --- [schools-portal] [rap-executor-%d] c.n.d.s.r.a.ConfigClusterResolver        : Resolving eureka endpoints via configuration
2026-08-22T02:15:06.085+01:00  INFO 24920 --- [schools-portal] [rap-executor-%d] c.n.d.s.r.a.ConfigClusterResolver        : Resolving eureka endpoints via configuration
2026-08-22T02:20:06.088+01:00  INFO 24920 --- [schools-portal] [rap-executor-%d] c.n.d.s.r.a.ConfigClusterResolver        : Resolving eureka endpoints via configuration
2026-08-22T02:25:06.093+01:00  INFO 24920 --- [schools-portal] [rap-executor-%d] c.n.d.s.r.a.ConfigClusterResolver        : Resolving eureka endpoints via configuration
2026-08-22T02:30:06.097+01:00  INFO 24920 --- [schools-portal] [rap-executor-%d] c.n.d.s.r.a.ConfigClusterResolver        : Resolving eureka endpoints via configuration
2026-08-22T02:35:06.099+01:00  INFO 24920 --- [schools-portal] [rap-executor-%d] c.n.d.s.r.a.ConfigClusterResolver        : Resolving eureka endpoints via configuration
2026-08-22T02:40:06.103+01:00  INFO 24920 --- [schools-portal] [rap-executor-%d] c.n.d.s.r.a.ConfigClusterResolver        : Resolving eureka endpoints via configuration
2026-08-22T02:45:06.107+01:00  INFO 24920 --- [schools-portal] [rap-executor-%d] c.n.d.s.r.a.ConfigClusterResolver        : Resolving eureka endpoints via configuration
2026-08-22T02:50:06.110+01:00  INFO 24920 --- [schools-portal] [rap-executor-%d] c.n.d.s.r.a.ConfigClusterResolver        : Resolving eureka endpoints via configuration
2026-08-22T02:55:06.114+01:00  INFO 24920 --- [schools-portal] [rap-executor-%d] c.n.d.s.r.a.ConfigClusterResolver        : Resolving eureka endpoints via configuration
2026-08-22T03:00:06.117+01:00  INFO 24920 --- [schools-portal] [rap-executor-%d] c.n.d.s.r.a.ConfigClusterResolver        : Resolving eureka endpoints via configuration
2026-08-22T03:05:06.120+01:00  INFO 24920 --- [schools-portal] [rap-executor-%d] c.n.d.s.r.a.ConfigClusterResolver        : Resolving eureka endpoints via configuration
2026-08-22T03:10:06.124+01:00  INFO 24920 --- [schools-portal] [rap-executor-%d] c.n.d.s.r.a.ConfigClusterResolver        : Resolving eureka endpoints via configuration
2026-08-22T03:15:06.127+01:00  INFO 24920 --- [schools-portal] [rap-executor-%d] c.n.d.s.r.a.ConfigClusterResolver        : Resolving eureka endpoints via configuration
2026-08-22T03:20:06.131+01:00  INFO 24920 --- [schools-portal] [rap-executor-%d] c.n.d.s.r.a.ConfigClusterResolver        : Resolving eureka endpoints via configuration
2026-08-22T03:25:06.135+01:00  INFO 24920 --- [schools-portal] [rap-executor-%d] c.n.d.s.r.a.ConfigClusterResolver        : Resolving eureka endpoints via configuration
2026-08-22T03:30:06.138+01:00  INFO 24920 --- [schools-portal] [rap-executor-%d] c.n.d.s.r.a.ConfigClusterResolver        : Resolving eureka endpoints via configuration
2026-08-22T03:35:06.142+01:00  INFO 24920 --- [schools-portal] [rap-executor-%d] c.n.d.s.r.a.ConfigClusterResolver        : Resolving eureka endpoints via configuration
2026-08-22T03:40:06.144+01:00  INFO 24920 --- [schools-portal] [rap-executor-%d] c.n.d.s.r.a.ConfigClusterResolver        : Resolving eureka endpoints via configuration
2026-08-22T03:45:06.147+01:00  INFO 24920 --- [schools-portal] [rap-executor-%d] c.n.d.s.r.a.ConfigClusterResolver        : Resolving eureka endpoints via configuration
2026-08-22T03:50:06.150+01:00  INFO 24920 --- [schools-portal] [rap-executor-%d] c.n.d.s.r.a.ConfigClusterResolver        : Resolving eureka endpoints via configuration
2026-08-22T03:55:06.154+01:00  INFO 24920 --- [schools-portal] [rap-executor-%d] c.n.d.s.r.a.ConfigClusterResolver        : Resolving eureka endpoints via configuration
2026-08-22T04:00:06.156+01:00  INFO 24920 --- [schools-portal] [rap-executor-%d] c.n.d.s.r.a.ConfigClusterResolver        : Resolving eureka endpoints via configuration
2026-08-22T04:05:06.160+01:00  INFO 24920 --- [schools-portal] [rap-executor-%d] c.n.d.s.r.a.ConfigClusterResolver        : Resolving eureka endpoints via configuration
2026-08-22T04:10:06.164+01:00  INFO 24920 --- [schools-portal] [rap-executor-%d] c.n.d.s.r.a.ConfigClusterResolver        : Resolving eureka endpoints via configuration
2026-08-22T04:15:06.167+01:00  INFO 24920 --- [schools-portal] [rap-executor-%d] c.n.d.s.r.a.ConfigClusterResolver        : Resolving eureka endpoints via configuration
2026-08-22T04:20:06.169+01:00  INFO 24920 --- [schools-portal] [rap-executor-%d] c.n.d.s.r.a.ConfigClusterResolver        : Resolving eureka endpoints via configuration
2026-08-22T04:25:06.172+01:00  INFO 24920 --- [schools-portal] [rap-executor-%d] c.n.d.s.r.a.ConfigClusterResolver        : Resolving eureka endpoints via configuration
2026-08-22T04:30:06.176+01:00  INFO 24920 --- [schools-portal] [rap-executor-%d] c.n.d.s.r.a.ConfigClusterResolver        : Resolving eureka endpoints via configuration
2026-08-22T04:35:06.180+01:00  INFO 24920 --- [schools-portal] [rap-executor-%d] c.n.d.s.r.a.ConfigClusterResolver        : Resolving eureka endpoints via configuration
2026-08-22T04:40:06.183+01:00  INFO 24920 --- [schools-portal] [rap-executor-%d] c.n.d.s.r.a.ConfigClusterResolver        : Resolving eureka endpoints via configuration
2026-08-22T04:45:06.187+01:00  INFO 24920 --- [schools-portal] [rap-executor-%d] c.n.d.s.r.a.ConfigClusterResolver        : Resolving eureka endpoints via configuration
2026-08-22T04:50:06.190+01:00  INFO 24920 --- [schools-portal] [rap-executor-%d] c.n.d.s.r.a.ConfigClusterResolver        : Resolving eureka endpoints via configuration
2026-08-22T04:55:06.193+01:00  INFO 24920 --- [schools-portal] [rap-executor-%d] c.n.d.s.r.a.ConfigClusterResolver        : Resolving eureka endpoints via configuration
2026-08-22T05:00:06.196+01:00  INFO 24920 --- [schools-portal] [rap-executor-%d] c.n.d.s.r.a.ConfigClusterResolver        : Resolving eureka endpoints via configuration
2026-08-22T05:05:06.199+01:00  INFO 24920 --- [schools-portal] [rap-executor-%d] c.n.d.s.r.a.ConfigClusterResolver        : Resolving eureka endpoints via configuration
2026-08-22T05:10:06.203+01:00  INFO 24920 --- [schools-portal] [rap-executor-%d] c.n.d.s.r.a.ConfigClusterResolver        : Resolving eureka endpoints via configuration
2026-08-22T05:15:06.207+01:00  INFO 24920 --- [schools-portal] [rap-executor-%d] c.n.d.s.r.a.ConfigClusterResolver        : Resolving eureka endpoints via configuration
2026-08-22T05:20:06.210+01:00  INFO 24920 --- [schools-portal] [rap-executor-%d] c.n.d.s.r.a.ConfigClusterResolver        : Resolving eureka endpoints via configuration
2026-08-22T05:25:06.213+01:00  INFO 24920 --- [schools-portal] [rap-executor-%d] c.n.d.s.r.a.ConfigClusterResolver        : Resolving eureka endpoints via configuration
2026-08-22T05:30:06.215+01:00  INFO 24920 --- [schools-portal] [rap-executor-%d] c.n.d.s.r.a.ConfigClusterResolver        : Resolving eureka endpoints via configuration
2026-08-22T05:35:06.218+01:00  INFO 24920 --- [schools-portal] [rap-executor-%d] c.n.d.s.r.a.ConfigClusterResolver        : Resolving eureka endpoints via configuration
2026-08-22T05:40:06.222+01:00  INFO 24920 --- [schools-portal] [rap-executor-%d] c.n.d.s.r.a.ConfigClusterResolver        : Resolving eureka endpoints via configuration
2026-08-22T05:45:06.225+01:00  INFO 24920 --- [schools-portal] [rap-executor-%d] c.n.d.s.r.a.ConfigClusterResolver        : Resolving eureka endpoints via configuration
2026-08-22T05:50:06.228+01:00  INFO 24920 --- [schools-portal] [rap-executor-%d] c.n.d.s.r.a.ConfigClusterResolver        : Resolving eureka endpoints via configuration
2026-08-22T05:55:06.231+01:00  INFO 24920 --- [schools-portal] [rap-executor-%d] c.n.d.s.r.a.ConfigClusterResolver        : Resolving eureka endpoints via configuration
2026-08-22T06:00:06.234+01:00  INFO 24920 --- [schools-portal] [rap-executor-%d] c.n.d.s.r.a.ConfigClusterResolver        : Resolving eureka endpoints via configuration
2026-08-22T06:05:06.238+01:00  INFO 24920 --- [schools-portal] [rap-executor-%d] c.n.d.s.r.a.ConfigClusterResolver        : Resolving eureka endpoints via configuration
2026-08-22T06:10:06.241+01:00  INFO 24920 --- [schools-portal] [rap-executor-%d] c.n.d.s.r.a.ConfigClusterResolver        : Resolving eureka endpoints via configuration
2026-08-22T06:15:06.243+01:00  INFO 24920 --- [schools-portal] [rap-executor-%d] c.n.d.s.r.a.ConfigClusterResolver        : Resolving eureka endpoints via configuration
2026-08-22T06:20:06.247+01:00  INFO 24920 --- [schools-portal] [rap-executor-%d] c.n.d.s.r.a.ConfigClusterResolver        : Resolving eureka endpoints via configuration
2026-08-22T06:25:06.250+01:00  INFO 24920 --- [schools-portal] [rap-executor-%d] c.n.d.s.r.a.ConfigClusterResolver        : Resolving eureka endpoints via configuration
2026-08-22T06:30:06.254+01:00  INFO 24920 --- [schools-portal] [rap-executor-%d] c.n.d.s.r.a.ConfigClusterResolver        : Resolving eureka endpoints via configuration
2026-08-22T06:35:06.257+01:00  INFO 24920 --- [schools-portal] [rap-executor-%d] c.n.d.s.r.a.ConfigClusterResolver        : Resolving eureka endpoints via configuration
2026-08-22T06:40:06.260+01:00  INFO 24920 --- [schools-portal] [rap-executor-%d] c.n.d.s.r.a.ConfigClusterResolver        : Resolving eureka endpoints via configuration
2026-08-22T06:45:06.264+01:00  INFO 24920 --- [schools-portal] [rap-executor-%d] c.n.d.s.r.a.ConfigClusterResolver        : Resolving eureka endpoints via configuration
2026-08-22T06:50:06.267+01:00  INFO 24920 --- [schools-portal] [rap-executor-%d] c.n.d.s.r.a.ConfigClusterResolver        : Resolving eureka endpoints via configuration
2026-08-22T06:55:06.271+01:00  INFO 24920 --- [schools-portal] [rap-executor-%d] c.n.d.s.r.a.ConfigClusterResolver        : Resolving eureka endpoints via configuration
2026-08-22T07:00:06.274+01:00  INFO 24920 --- [schools-portal] [rap-executor-%d] c.n.d.s.r.a.ConfigClusterResolver        : Resolving eureka endpoints via configuration
2026-08-22T07:05:06.278+01:00  INFO 24920 --- [schools-portal] [rap-executor-%d] c.n.d.s.r.a.ConfigClusterResolver        : Resolving eureka endpoints via configuration
2026-08-22T07:10:06.281+01:00  INFO 24920 --- [schools-portal] [rap-executor-%d] c.n.d.s.r.a.ConfigClusterResolver        : Resolving eureka endpoints via configuration
2026-08-22T07:15:06.284+01:00  INFO 24920 --- [schools-portal] [rap-executor-%d] c.n.d.s.r.a.ConfigClusterResolver        : Resolving eureka endpoints via configuration
2026-08-22T07:20:06.288+01:00  INFO 24920 --- [schools-portal] [rap-executor-%d] c.n.d.s.r.a.ConfigClusterResolver        : Resolving eureka endpoints via configuration
2026-08-22T07:25:06.291+01:00  INFO 24920 --- [schools-portal] [rap-executor-%d] c.n.d.s.r.a.ConfigClusterResolver        : Resolving eureka endpoints via configuration
2026-08-22T07:30:06.294+01:00  INFO 24920 --- [schools-portal] [rap-executor-%d] c.n.d.s.r.a.ConfigClusterResolver        : Resolving eureka endpoints via configuration
2026-08-22T07:35:06.298+01:00  INFO 24920 --- [schools-portal] [rap-executor-%d] c.n.d.s.r.a.ConfigClusterResolver        : Resolving eureka endpoints via configuration
2026-08-22T07:40:06.300+01:00  INFO 24920 --- [schools-portal] [rap-executor-%d] c.n.d.s.r.a.ConfigClusterResolver        : Resolving eureka endpoints via configuration
2026-08-22T07:45:06.305+01:00  INFO 24920 --- [schools-portal] [rap-executor-%d] c.n.d.s.r.a.ConfigClusterResolver        : Resolving eureka endpoints via configuration
2026-08-22T07:50:06.307+01:00  INFO 24920 --- [schools-portal] [rap-executor-%d] c.n.d.s.r.a.ConfigClusterResolver        : Resolving eureka endpoints via configuration
2026-08-22T07:55:06.310+01:00  INFO 24920 --- [schools-portal] [rap-executor-%d] c.n.d.s.r.a.ConfigClusterResolver        : Resolving eureka endpoints via configuration
2026-08-22T08:00:06.314+01:00  INFO 24920 --- [schools-portal] [rap-executor-%d] c.n.d.s.r.a.ConfigClusterResolver        : Resolving eureka endpoints via configuration
2026-08-22T08:05:06.323+01:00  INFO 24920 --- [schools-portal] [rap-executor-%d] c.n.d.s.r.a.ConfigClusterResolver        : Resolving eureka endpoints via configuration
2026-08-22T08:10:06.327+01:00  INFO 24920 --- [schools-portal] [rap-executor-%d] c.n.d.s.r.a.ConfigClusterResolver        : Resolving eureka endpoints via configuration
2026-08-22T08:15:06.329+01:00  INFO 24920 --- [schools-portal] [rap-executor-%d] c.n.d.s.r.a.ConfigClusterResolver        : Resolving eureka endpoints via configuration
2026-08-22T08:20:06.332+01:00  INFO 24920 --- [schools-portal] [rap-executor-%d] c.n.d.s.r.a.ConfigClusterResolver        : Resolving eureka endpoints via configuration
2026-08-22T08:25:06.335+01:00  INFO 24920 --- [schools-portal] [rap-executor-%d] c.n.d.s.r.a.ConfigClusterResolver        : Resolving eureka endpoints via configuration
2026-08-22T08:30:06.338+01:00  INFO 24920 --- [schools-portal] [rap-executor-%d] c.n.d.s.r.a.ConfigClusterResolver        : Resolving eureka endpoints via configuration
2026-08-22T08:35:06.342+01:00  INFO 24920 --- [schools-portal] [rap-executor-%d] c.n.d.s.r.a.ConfigClusterResolver        : Resolving eureka endpoints via configuration
2026-08-22T08:40:06.346+01:00  INFO 24920 --- [schools-portal] [rap-executor-%d] c.n.d.s.r.a.ConfigClusterResolver        : Resolving eureka endpoints via configuration
2026-08-22T08:45:06.348+01:00  INFO 24920 --- [schools-portal] [rap-executor-%d] c.n.d.s.r.a.ConfigClusterResolver        : Resolving eureka endpoints via configuration
2026-08-22T08:50:06.352+01:00  INFO 24920 --- [schools-portal] [rap-executor-%d] c.n.d.s.r.a.ConfigClusterResolver        : Resolving eureka endpoints via configuration
2026-08-22T08:55:06.355+01:00  INFO 24920 --- [schools-portal] [rap-executor-%d] c.n.d.s.r.a.ConfigClusterResolver        : Resolving eureka endpoints via configuration
2026-08-22T09:00:06.358+01:00  INFO 24920 --- [schools-portal] [rap-executor-%d] c.n.d.s.r.a.ConfigClusterResolver        : Resolving eureka endpoints via configuration
2026-08-22T09:05:06.362+01:00  INFO 24920 --- [schools-portal] [rap-executor-%d] c.n.d.s.r.a.ConfigClusterResolver        : Resolving eureka endpoints via configuration
2026-08-22T09:10:06.366+01:00  INFO 24920 --- [schools-portal] [rap-executor-%d] c.n.d.s.r.a.ConfigClusterResolver        : Resolving eureka endpoints via configuration
2026-08-22T09:15:06.369+01:00  INFO 24920 --- [schools-portal] [rap-executor-%d] c.n.d.s.r.a.ConfigClusterResolver        : Resolving eureka endpoints via configuration
2026-08-22T09:20:06.372+01:00  INFO 24920 --- [schools-portal] [rap-executor-%d] c.n.d.s.r.a.ConfigClusterResolver        : Resolving eureka endpoints via configuration
2026-08-22T09:25:06.376+01:00  INFO 24920 --- [schools-portal] [rap-executor-%d] c.n.d.s.r.a.ConfigClusterResolver        : Resolving eureka endpoints via configuration
2026-08-22T09:30:06.379+01:00  INFO 24920 --- [schools-portal] [rap-executor-%d] c.n.d.s.r.a.ConfigClusterResolver        : Resolving eureka endpoints via configuration
2026-08-22T09:35:06.382+01:00  INFO 24920 --- [schools-portal] [rap-executor-%d] c.n.d.s.r.a.ConfigClusterResolver        : Resolving eureka endpoints via configuration
2026-08-22T09:40:06.386+01:00  INFO 24920 --- [schools-portal] [rap-executor-%d] c.n.d.s.r.a.ConfigClusterResolver        : Resolving eureka endpoints via configuration
2026-08-22T09:45:06.389+01:00  INFO 24920 --- [schools-portal] [rap-executor-%d] c.n.d.s.r.a.ConfigClusterResolver        : Resolving eureka endpoints via configuration
2026-08-22T09:50:06.392+01:00  INFO 24920 --- [schools-portal] [rap-executor-%d] c.n.d.s.r.a.ConfigClusterResolver        : Resolving eureka endpoints via configuration
2026-08-22T09:55:06.396+01:00  INFO 24920 --- [schools-portal] [rap-executor-%d] c.n.d.s.r.a.ConfigClusterResolver        : Resolving eureka endpoints via configuration
2026-08-22T10:00:06.398+01:00  INFO 24920 --- [schools-portal] [rap-executor-%d] c.n.d.s.r.a.ConfigClusterResolver        : Resolving eureka endpoints via configuration
2026-08-22T10:05:06.401+01:00  INFO 24920 --- [schools-portal] [rap-executor-%d] c.n.d.s.r.a.ConfigClusterResolver        : Resolving eureka endpoints via configuration
2026-08-22T10:10:06.405+01:00  INFO 24920 --- [schools-portal] [rap-executor-%d] c.n.d.s.r.a.ConfigClusterResolver        : Resolving eureka endpoints via configuration
2026-08-22T10:15:06.408+01:00  INFO 24920 --- [schools-portal] [rap-executor-%d] c.n.d.s.r.a.ConfigClusterResolver        : Resolving eureka endpoints via configuration
2026-08-22T10:20:06.411+01:00  INFO 24920 --- [schools-portal] [rap-executor-%d] c.n.d.s.r.a.ConfigClusterResolver        : Resolving eureka endpoints via configuration
2026-08-22T10:25:06.414+01:00  INFO 24920 --- [schools-portal] [rap-executor-%d] c.n.d.s.r.a.ConfigClusterResolver        : Resolving eureka endpoints via configuration
2026-08-22T10:30:06.417+01:00  INFO 24920 --- [schools-portal] [rap-executor-%d] c.n.d.s.r.a.ConfigClusterResolver        : Resolving eureka endpoints via configuration
2026-08-22T10:35:06.421+01:00  INFO 24920 --- [schools-portal] [rap-executor-%d] c.n.d.s.r.a.ConfigClusterResolver        : Resolving eureka endpoints via configuration
2026-08-22T10:40:06.425+01:00  INFO 24920 --- [schools-portal] [rap-executor-%d] c.n.d.s.r.a.ConfigClusterResolver        : Resolving eureka endpoints via configuration
2026-08-22T10:45:06.429+01:00  INFO 24920 --- [schools-portal] [rap-executor-%d] c.n.d.s.r.a.ConfigClusterResolver        : Resolving eureka endpoints via configuration
2026-08-22T10:50:06.433+01:00  INFO 24920 --- [schools-portal] [rap-executor-%d] c.n.d.s.r.a.ConfigClusterResolver        : Resolving eureka endpoints via configuration
2026-08-22T10:55:06.436+01:00  INFO 24920 --- [schools-portal] [rap-executor-%d] c.n.d.s.r.a.ConfigClusterResolver        : Resolving eureka endpoints via configuration
2026-08-22T11:00:06.439+01:00  INFO 24920 --- [schools-portal] [rap-executor-%d] c.n.d.s.r.a.ConfigClusterResolver        : Resolving eureka endpoints via configuration
2026-08-22T11:05:06.442+01:00  INFO 24920 --- [schools-portal] [rap-executor-%d] c.n.d.s.r.a.ConfigClusterResolver        : Resolving eureka endpoints via configuration
2026-08-22T11:10:06.445+01:00  INFO 24920 --- [schools-portal] [rap-executor-%d] c.n.d.s.r.a.ConfigClusterResolver        : Resolving eureka endpoints via configuration
2026-08-22T11:15:06.449+01:00  INFO 24920 --- [schools-portal] [rap-executor-%d] c.n.d.s.r.a.ConfigClusterResolver        : Resolving eureka endpoints via configuration
2026-08-22T11:20:06.453+01:00  INFO 24920 --- [schools-portal] [rap-executor-%d] c.n.d.s.r.a.ConfigClusterResolver        : Resolving eureka endpoints via configuration
2026-08-22T11:25:06.455+01:00  INFO 24920 --- [schools-portal] [rap-executor-%d] c.n.d.s.r.a.ConfigClusterResolver        : Resolving eureka endpoints via configuration
2026-08-22T11:30:06.458+01:00  INFO 24920 --- [schools-portal] [rap-executor-%d] c.n.d.s.r.a.ConfigClusterResolver        : Resolving eureka endpoints via configuration
2026-08-22T11:35:06.461+01:00  INFO 24920 --- [schools-portal] [rap-executor-%d] c.n.d.s.r.a.ConfigClusterResolver        : Resolving eureka endpoints via configuration
2026-08-22T11:40:06.465+01:00  INFO 24920 --- [schools-portal] [rap-executor-%d] c.n.d.s.r.a.ConfigClusterResolver        : Resolving eureka endpoints via configuration
2026-08-22T11:45:06.468+01:00  INFO 24920 --- [schools-portal] [rap-executor-%d] c.n.d.s.r.a.ConfigClusterResolver        : Resolving eureka endpoints via configuration
2026-08-22T11:50:06.471+01:00  INFO 24920 --- [schools-portal] [rap-executor-%d] c.n.d.s.r.a.ConfigClusterResolver        : Resolving eureka endpoints via configuration
2026-08-22T11:55:06.474+01:00  INFO 24920 --- [schools-portal] [rap-executor-%d] c.n.d.s.r.a.ConfigClusterResolver        : Resolving eureka endpoints via configuration
2026-08-22T12:00:06.477+01:00  INFO 24920 --- [schools-portal] [rap-executor-%d] c.n.d.s.r.a.ConfigClusterResolver        : Resolving eureka endpoints via configuration
2026-08-22T12:05:06.479+01:00  INFO 24920 --- [schools-portal] [rap-executor-%d] c.n.d.s.r.a.ConfigClusterResolver        : Resolving eureka endpoints via configuration
2026-08-22T12:10:06.482+01:00  INFO 24920 --- [schools-portal] [rap-executor-%d] c.n.d.s.r.a.ConfigClusterResolver        : Resolving eureka endpoints via configuration
2026-08-22T12:15:06.485+01:00  INFO 24920 --- [schools-portal] [rap-executor-%d] c.n.d.s.r.a.ConfigClusterResolver        : Resolving eureka endpoints via configuration
2026-08-22T12:20:06.488+01:00  INFO 24920 --- [schools-portal] [rap-executor-%d] c.n.d.s.r.a.ConfigClusterResolver        : Resolving eureka endpoints via configuration
2026-08-22T12:25:06.492+01:00  INFO 24920 --- [schools-portal] [rap-executor-%d] c.n.d.s.r.a.ConfigClusterResolver        : Resolving eureka endpoints via configuration
2026-08-22T12:30:06.495+01:00  INFO 24920 --- [schools-portal] [rap-executor-%d] c.n.d.s.r.a.ConfigClusterResolver        : Resolving eureka endpoints via configuration
2026-08-22T12:35:06.498+01:00  INFO 24920 --- [schools-portal] [rap-executor-%d] c.n.d.s.r.a.ConfigClusterResolver        : Resolving eureka endpoints via configuration
2026-08-22T12:40:06.502+01:00  INFO 24920 --- [schools-portal] [rap-executor-%d] c.n.d.s.r.a.ConfigClusterResolver        : Resolving eureka endpoints via configuration
2026-08-22T12:45:06.504+01:00  INFO 24920 --- [schools-portal] [rap-executor-%d] c.n.d.s.r.a.ConfigClusterResolver        : Resolving eureka endpoints via configuration
2026-08-22T12:50:06.508+01:00  INFO 24920 --- [schools-portal] [rap-executor-%d] c.n.d.s.r.a.ConfigClusterResolver        : Resolving eureka endpoints via configuration
2026-08-22T12:55:06.510+01:00  INFO 24920 --- [schools-portal] [rap-executor-%d] c.n.d.s.r.a.ConfigClusterResolver        : Resolving eureka endpoints via configuration
2026-08-22T13:00:06.513+01:00  INFO 24920 --- [schools-portal] [rap-executor-%d] c.n.d.s.r.a.ConfigClusterResolver        : Resolving eureka endpoints via configuration
2026-08-22T13:05:06.517+01:00  INFO 24920 --- [schools-portal] [rap-executor-%d] c.n.d.s.r.a.ConfigClusterResolver        : Resolving eureka endpoints via configuration
2026-08-22T13:10:06.520+01:00  INFO 24920 --- [schools-portal] [rap-executor-%d] c.n.d.s.r.a.ConfigClusterResolver        : Resolving eureka endpoints via configuration
2026-08-22T13:15:06.523+01:00  INFO 24920 --- [schools-portal] [rap-executor-%d] c.n.d.s.r.a.ConfigClusterResolver        : Resolving eureka endpoints via configuration
2026-08-22T13:20:06.526+01:00  INFO 24920 --- [schools-portal] [rap-executor-%d] c.n.d.s.r.a.ConfigClusterResolver        : Resolving eureka endpoints via configuration
2026-08-22T13:25:06.529+01:00  INFO 24920 --- [schools-portal] [rap-executor-%d] c.n.d.s.r.a.ConfigClusterResolver        : Resolving eureka endpoints via configuration
2026-08-22T13:30:06.532+01:00  INFO 24920 --- [schools-portal] [rap-executor-%d] c.n.d.s.r.a.ConfigClusterResolver        : Resolving eureka endpoints via configuration
2026-08-22T13:35:06.535+01:00  INFO 24920 --- [schools-portal] [rap-executor-%d] c.n.d.s.r.a.ConfigClusterResolver        : Resolving eureka endpoints via configuration
2026-08-22T13:40:06.538+01:00  INFO 24920 --- [schools-portal] [rap-executor-%d] c.n.d.s.r.a.ConfigClusterResolver        : Resolving eureka endpoints via configuration
2026-08-22T13:45:06.541+01:00  INFO 24920 --- [schools-portal] [rap-executor-%d] c.n.d.s.r.a.ConfigClusterResolver        : Resolving eureka endpoints via configuration
2026-08-22T13:50:06.546+01:00  INFO 24920 --- [schools-portal] [rap-executor-%d] c.n.d.s.r.a.ConfigClusterResolver        : Resolving eureka endpoints via configuration
2026-08-22T13:55:06.549+01:00  INFO 24920 --- [schools-portal] [rap-executor-%d] c.n.d.s.r.a.ConfigClusterResolver        : Resolving eureka endpoints via configuration
2026-08-22T14:00:06.551+01:00  INFO 24920 --- [schools-portal] [rap-executor-%d] c.n.d.s.r.a.ConfigClusterResolver        : Resolving eureka endpoints via configuration
2026-08-22T14:05:06.555+01:00  INFO 24920 --- [schools-portal] [rap-executor-%d] c.n.d.s.r.a.ConfigClusterResolver        : Resolving eureka endpoints via configuration
2026-08-22T14:10:06.558+01:00  INFO 24920 --- [schools-portal] [rap-executor-%d] c.n.d.s.r.a.ConfigClusterResolver        : Resolving eureka endpoints via configuration
2026-08-22T14:15:06.561+01:00  INFO 24920 --- [schools-portal] [rap-executor-%d] c.n.d.s.r.a.ConfigClusterResolver        : Resolving eureka endpoints via configuration
2026-08-22T14:20:06.564+01:00  INFO 24920 --- [schools-portal] [rap-executor-%d] c.n.d.s.r.a.ConfigClusterResolver        : Resolving eureka endpoints via configuration
2026-08-22T14:25:06.566+01:00  INFO 24920 --- [schools-portal] [rap-executor-%d] c.n.d.s.r.a.ConfigClusterResolver        : Resolving eureka endpoints via configuration
2026-08-22T14:30:06.569+01:00  INFO 24920 --- [schools-portal] [rap-executor-%d] c.n.d.s.r.a.ConfigClusterResolver        : Resolving eureka endpoints via configuration
2026-08-22T14:35:06.573+01:00  INFO 24920 --- [schools-portal] [rap-executor-%d] c.n.d.s.r.a.ConfigClusterResolver        : Resolving eureka endpoints via configuration
2026-08-22T14:40:06.577+01:00  INFO 24920 --- [schools-portal] [rap-executor-%d] c.n.d.s.r.a.ConfigClusterResolver        : Resolving eureka endpoints via configuration
2026-08-22T14:45:06.581+01:00  INFO 24920 --- [schools-portal] [rap-executor-%d] c.n.d.s.r.a.ConfigClusterResolver        : Resolving eureka endpoints via configuration
2026-08-22T14:50:06.584+01:00  INFO 24920 --- [schools-portal] [rap-executor-%d] c.n.d.s.r.a.ConfigClusterResolver        : Resolving eureka endpoints via configuration
2026-08-22T14:55:06.587+01:00  INFO 24920 --- [schools-portal] [rap-executor-%d] c.n.d.s.r.a.ConfigClusterResolver        : Resolving eureka endpoints via configuration
2026-08-22T15:00:06.590+01:00  INFO 24920 --- [schools-portal] [rap-executor-%d] c.n.d.s.r.a.ConfigClusterResolver        : Resolving eureka endpoints via configuration
2026-08-22T15:05:06.594+01:00  INFO 24920 --- [schools-portal] [rap-executor-%d] c.n.d.s.r.a.ConfigClusterResolver        : Resolving eureka endpoints via configuration
2026-08-22T15:10:06.596+01:00  INFO 24920 --- [schools-portal] [rap-executor-%d] c.n.d.s.r.a.ConfigClusterResolver        : Resolving eureka endpoints via configuration
2026-08-22T15:15:06.600+01:00  INFO 24920 --- [schools-portal] [rap-executor-%d] c.n.d.s.r.a.ConfigClusterResolver        : Resolving eureka endpoints via configuration
2026-08-22T15:20:06.603+01:00  INFO 24920 --- [schools-portal] [rap-executor-%d] c.n.d.s.r.a.ConfigClusterResolver        : Resolving eureka endpoints via configuration
2026-08-22T15:25:06.606+01:00  INFO 24920 --- [schools-portal] [rap-executor-%d] c.n.d.s.r.a.ConfigClusterResolver        : Resolving eureka endpoints via configuration
2026-08-22T15:30:06.609+01:00  INFO 24920 --- [schools-portal] [rap-executor-%d] c.n.d.s.r.a.ConfigClusterResolver        : Resolving eureka endpoints via configuration
2026-08-22T15:35:06.612+01:00  INFO 24920 --- [schools-portal] [rap-executor-%d] c.n.d.s.r.a.ConfigClusterResolver        : Resolving eureka endpoints via configuration
2026-08-22T15:40:06.616+01:00  INFO 24920 --- [schools-portal] [rap-executor-%d] c.n.d.s.r.a.ConfigClusterResolver        : Resolving eureka endpoints via configuration
2026-08-22T15:45:06.620+01:00  INFO 24920 --- [schools-portal] [rap-executor-%d] c.n.d.s.r.a.ConfigClusterResolver        : Resolving eureka endpoints via configuration
2026-08-22T15:50:06.625+01:00  INFO 24920 --- [schools-portal] [rap-executor-%d] c.n.d.s.r.a.ConfigClusterResolver        : Resolving eureka endpoints via configuration
2026-08-22T15:55:06.628+01:00  INFO 24920 --- [schools-portal] [rap-executor-%d] c.n.d.s.r.a.ConfigClusterResolver        : Resolving eureka endpoints via configuration
2026-08-22T16:00:06.631+01:00  INFO 24920 --- [schools-portal] [rap-executor-%d] c.n.d.s.r.a.ConfigClusterResolver        : Resolving eureka endpoints via configuration
2026-08-22T16:05:06.635+01:00  INFO 24920 --- [schools-portal] [rap-executor-%d] c.n.d.s.r.a.ConfigClusterResolver        : Resolving eureka endpoints via configuration
2026-08-22T16:10:06.638+01:00  INFO 24920 --- [schools-portal] [rap-executor-%d] c.n.d.s.r.a.ConfigClusterResolver        : Resolving eureka endpoints via configuration
2026-08-22T16:15:06.642+01:00  INFO 24920 --- [schools-portal] [rap-executor-%d] c.n.d.s.r.a.ConfigClusterResolver        : Resolving eureka endpoints via configuration
2026-08-22T16:20:06.645+01:00  INFO 24920 --- [schools-portal] [rap-executor-%d] c.n.d.s.r.a.ConfigClusterResolver        : Resolving eureka endpoints via configuration
2026-08-22T16:25:06.649+01:00  INFO 24920 --- [schools-portal] [rap-executor-%d] c.n.d.s.r.a.ConfigClusterResolver        : Resolving eureka endpoints via configuration
2026-08-22T16:30:06.652+01:00  INFO 24920 --- [schools-portal] [rap-executor-%d] c.n.d.s.r.a.ConfigClusterResolver        : Resolving eureka endpoints via configuration
2026-08-22T16:35:06.657+01:00  INFO 24920 --- [schools-portal] [rap-executor-%d] c.n.d.s.r.a.ConfigClusterResolver        : Resolving eureka endpoints via configuration
2026-08-22T16:40:06.659+01:00  INFO 24920 --- [schools-portal] [rap-executor-%d] c.n.d.s.r.a.ConfigClusterResolver        : Resolving eureka endpoints via configuration
2026-08-22T16:45:06.662+01:00  INFO 24920 --- [schools-portal] [rap-executor-%d] c.n.d.s.r.a.ConfigClusterResolver        : Resolving eureka endpoints via configuration
2026-08-22T16:50:06.666+01:00  INFO 24920 --- [schools-portal] [rap-executor-%d] c.n.d.s.r.a.ConfigClusterResolver        : Resolving eureka endpoints via configuration
2026-08-22T16:55:06.669+01:00  INFO 24920 --- [schools-portal] [rap-executor-%d] c.n.d.s.r.a.ConfigClusterResolver        : Resolving eureka endpoints via configuration
2026-08-22T17:00:06.672+01:00  INFO 24920 --- [schools-portal] [rap-executor-%d] c.n.d.s.r.a.ConfigClusterResolver        : Resolving eureka endpoints via configuration
2026-08-22T17:05:06.675+01:00  INFO 24920 --- [schools-portal] [rap-executor-%d] c.n.d.s.r.a.ConfigClusterResolver        : Resolving eureka endpoints via configuration
2026-08-22T17:10:06.678+01:00  INFO 24920 --- [schools-portal] [rap-executor-%d] c.n.d.s.r.a.ConfigClusterResolver        : Resolving eureka endpoints via configuration
2026-08-22T17:15:06.682+01:00  INFO 24920 --- [schools-portal] [rap-executor-%d] c.n.d.s.r.a.ConfigClusterResolver        : Resolving eureka endpoints via configuration
2026-08-22T17:20:06.687+01:00  INFO 24920 --- [schools-portal] [rap-executor-%d] c.n.d.s.r.a.ConfigClusterResolver        : Resolving eureka endpoints via configuration
2026-08-22T17:25:06.690+01:00  INFO 24920 --- [schools-portal] [rap-executor-%d] c.n.d.s.r.a.ConfigClusterResolver        : Resolving eureka endpoints via configuration
2026-08-22T17:30:06.693+01:00  INFO 24920 --- [schools-portal] [rap-executor-%d] c.n.d.s.r.a.ConfigClusterResolver        : Resolving eureka endpoints via configuration
2026-08-22T17:35:06.697+01:00  INFO 24920 --- [schools-portal] [rap-executor-%d] c.n.d.s.r.a.ConfigClusterResolver        : Resolving eureka endpoints via configuration
2026-08-22T17:40:06.700+01:00  INFO 24920 --- [schools-portal] [rap-executor-%d] c.n.d.s.r.a.ConfigClusterResolver        : Resolving eureka endpoints via configuration
2026-08-22T17:45:06.703+01:00  INFO 24920 --- [schools-portal] [rap-executor-%d] c.n.d.s.r.a.ConfigClusterResolver        : Resolving eureka endpoints via configuration
2026-08-22T17:50:06.705+01:00  INFO 24920 --- [schools-portal] [rap-executor-%d] c.n.d.s.r.a.ConfigClusterResolver        : Resolving eureka endpoints via configuration
2026-08-22T17:55:06.709+01:00  INFO 24920 --- [schools-portal] [rap-executor-%d] c.n.d.s.r.a.ConfigClusterResolver        : Resolving eureka endpoints via configuration
2026-08-22T18:00:06.713+01:00  INFO 24920 --- [schools-portal] [rap-executor-%d] c.n.d.s.r.a.ConfigClusterResolver        : Resolving eureka endpoints via configuration
2026-08-22T18:05:06.716+01:00  INFO 24920 --- [schools-portal] [rap-executor-%d] c.n.d.s.r.a.ConfigClusterResolver        : Resolving eureka endpoints via configuration
2026-08-22T18:10:06.720+01:00  INFO 24920 --- [schools-portal] [rap-executor-%d] c.n.d.s.r.a.ConfigClusterResolver        : Resolving eureka endpoints via configuration
2026-08-22T18:15:06.723+01:00  INFO 24920 --- [schools-portal] [rap-executor-%d] c.n.d.s.r.a.ConfigClusterResolver        : Resolving eureka endpoints via configuration
2026-08-22T18:20:06.726+01:00  INFO 24920 --- [schools-portal] [rap-executor-%d] c.n.d.s.r.a.ConfigClusterResolver        : Resolving eureka endpoints via configuration
2026-08-22T18:25:06.729+01:00  INFO 24920 --- [schools-portal] [rap-executor-%d] c.n.d.s.r.a.ConfigClusterResolver        : Resolving eureka endpoints via configuration
2026-08-22T18:30:06.732+01:00  INFO 24920 --- [schools-portal] [rap-executor-%d] c.n.d.s.r.a.ConfigClusterResolver        : Resolving eureka endpoints via configuration
2026-08-22T18:35:06.735+01:00  INFO 24920 --- [schools-portal] [rap-executor-%d] c.n.d.s.r.a.ConfigClusterResolver        : Resolving eureka endpoints via configuration
2026-08-22T18:40:06.739+01:00  INFO 24920 --- [schools-portal] [rap-executor-%d] c.n.d.s.r.a.ConfigClusterResolver        : Resolving eureka endpoints via configuration
2026-08-22T18:45:06.742+01:00  INFO 24920 --- [schools-portal] [rap-executor-%d] c.n.d.s.r.a.ConfigClusterResolver        : Resolving eureka endpoints via configuration
2026-08-22T18:50:06.745+01:00  INFO 24920 --- [schools-portal] [rap-executor-%d] c.n.d.s.r.a.ConfigClusterResolver        : Resolving eureka endpoints via configuration
2026-08-22T18:55:06.747+01:00  INFO 24920 --- [schools-portal] [rap-executor-%d] c.n.d.s.r.a.ConfigClusterResolver        : Resolving eureka endpoints via configuration
2026-08-22T19:00:06.751+01:00  INFO 24920 --- [schools-portal] [rap-executor-%d] c.n.d.s.r.a.ConfigClusterResolver        : Resolving eureka endpoints via configuration
2026-08-22T19:05:06.755+01:00  INFO 24920 --- [schools-portal] [rap-executor-%d] c.n.d.s.r.a.ConfigClusterResolver        : Resolving eureka endpoints via configuration
2026-08-22T19:10:06.757+01:00  INFO 24920 --- [schools-portal] [rap-executor-%d] c.n.d.s.r.a.ConfigClusterResolver        : Resolving eureka endpoints via configuration
2026-08-22T19:15:06.760+01:00  INFO 24920 --- [schools-portal] [rap-executor-%d] c.n.d.s.r.a.ConfigClusterResolver        : Resolving eureka endpoints via configuration
2026-08-22T19:20:06.762+01:00  INFO 24920 --- [schools-portal] [rap-executor-%d] c.n.d.s.r.a.ConfigClusterResolver        : Resolving eureka endpoints via configuration
2026-08-22T19:25:06.765+01:00  INFO 24920 --- [schools-portal] [rap-executor-%d] c.n.d.s.r.a.ConfigClusterResolver        : Resolving eureka endpoints via configuration
2026-08-22T19:30:06.768+01:00  INFO 24920 --- [schools-portal] [rap-executor-%d] c.n.d.s.r.a.ConfigClusterResolver        : Resolving eureka endpoints via configuration
2026-08-22T19:35:06.770+01:00  INFO 24920 --- [schools-portal] [rap-executor-%d] c.n.d.s.r.a.ConfigClusterResolver        : Resolving eureka endpoints via configuration
2026-08-22T19:40:06.773+01:00  INFO 24920 --- [schools-portal] [rap-executor-%d] c.n.d.s.r.a.ConfigClusterResolver        : Resolving eureka endpoints via configuration
2026-08-22T19:45:06.776+01:00  INFO 24920 --- [schools-portal] [rap-executor-%d] c.n.d.s.r.a.ConfigClusterResolver        : Resolving eureka endpoints via configuration
2026-08-22T19:50:06.779+01:00  INFO 24920 --- [schools-portal] [rap-executor-%d] c.n.d.s.r.a.ConfigClusterResolver        : Resolving eureka endpoints via configuration
2026-08-22T19:55:06.783+01:00  INFO 24920 --- [schools-portal] [rap-executor-%d] c.n.d.s.r.a.ConfigClusterResolver        : Resolving eureka endpoints via configuration
2026-08-22T20:00:06.786+01:00  INFO 24920 --- [schools-portal] [rap-executor-%d] c.n.d.s.r.a.ConfigClusterResolver        : Resolving eureka endpoints via configuration
2026-08-22T20:05:06.792+01:00  INFO 24920 --- [schools-portal] [rap-executor-%d] c.n.d.s.r.a.ConfigClusterResolver        : Resolving eureka endpoints via configuration
2026-08-22T20:10:06.796+01:00  INFO 24920 --- [schools-portal] [rap-executor-%d] c.n.d.s.r.a.ConfigClusterResolver        : Resolving eureka endpoints via configuration
2026-08-22T20:15:06.799+01:00  INFO 24920 --- [schools-portal] [rap-executor-%d] c.n.d.s.r.a.ConfigClusterResolver        : Resolving eureka endpoints via configuration
2026-08-22T20:20:06.802+01:00  INFO 24920 --- [schools-portal] [rap-executor-%d] c.n.d.s.r.a.ConfigClusterResolver        : Resolving eureka endpoints via configuration
2026-08-22T20:25:06.805+01:00  INFO 24920 --- [schools-portal] [rap-executor-%d] c.n.d.s.r.a.ConfigClusterResolver        : Resolving eureka endpoints via configuration
2026-08-22T20:30:06.809+01:00  INFO 24920 --- [schools-portal] [rap-executor-%d] c.n.d.s.r.a.ConfigClusterResolver        : Resolving eureka endpoints via configuration
2026-08-22T20:35:06.812+01:00  INFO 24920 --- [schools-portal] [rap-executor-%d] c.n.d.s.r.a.ConfigClusterResolver        : Resolving eureka endpoints via configuration
2026-08-22T20:40:06.816+01:00  INFO 24920 --- [schools-portal] [rap-executor-%d] c.n.d.s.r.a.ConfigClusterResolver        : Resolving eureka endpoints via configuration
2026-08-22T20:45:06.819+01:00  INFO 24920 --- [schools-portal] [rap-executor-%d] c.n.d.s.r.a.ConfigClusterResolver        : Resolving eureka endpoints via configuration
2026-08-22T20:50:06.822+01:00  INFO 24920 --- [schools-portal] [rap-executor-%d] c.n.d.s.r.a.ConfigClusterResolver        : Resolving eureka endpoints via configuration
2026-08-22T20:55:06.825+01:00  INFO 24920 --- [schools-portal] [rap-executor-%d] c.n.d.s.r.a.ConfigClusterResolver        : Resolving eureka endpoints via configuration
2026-08-22T21:00:06.828+01:00  INFO 24920 --- [schools-portal] [rap-executor-%d] c.n.d.s.r.a.ConfigClusterResolver        : Resolving eureka endpoints via configuration
2026-08-22T21:05:06.832+01:00  INFO 24920 --- [schools-portal] [rap-executor-%d] c.n.d.s.r.a.ConfigClusterResolver        : Resolving eureka endpoints via configuration
2026-08-22T21:10:06.836+01:00  INFO 24920 --- [schools-portal] [rap-executor-%d] c.n.d.s.r.a.ConfigClusterResolver        : Resolving eureka endpoints via configuration
2026-08-22T21:15:06.839+01:00  INFO 24920 --- [schools-portal] [rap-executor-%d] c.n.d.s.r.a.ConfigClusterResolver        : Resolving eureka endpoints via configuration
2026-08-22T21:20:06.843+01:00  INFO 24920 --- [schools-portal] [rap-executor-%d] c.n.d.s.r.a.ConfigClusterResolver        : Resolving eureka endpoints via configuration
2026-08-22T21:25:06.847+01:00  INFO 24920 --- [schools-portal] [rap-executor-%d] c.n.d.s.r.a.ConfigClusterResolver        : Resolving eureka endpoints via configuration
2026-08-22T21:30:06.849+01:00  INFO 24920 --- [schools-portal] [rap-executor-%d] c.n.d.s.r.a.ConfigClusterResolver        : Resolving eureka endpoints via configuration
2026-08-22T21:35:06.852+01:00  INFO 24920 --- [schools-portal] [rap-executor-%d] c.n.d.s.r.a.ConfigClusterResolver        : Resolving eureka endpoints via configuration
2026-08-22T21:40:06.856+01:00  INFO 24920 --- [schools-portal] [rap-executor-%d] c.n.d.s.r.a.ConfigClusterResolver        : Resolving eureka endpoints via configuration
2026-08-22T21:45:06.860+01:00  INFO 24920 --- [schools-portal] [rap-executor-%d] c.n.d.s.r.a.ConfigClusterResolver        : Resolving eureka endpoints via configuration
2026-08-22T21:50:06.862+01:00  INFO 24920 --- [schools-portal] [rap-executor-%d] c.n.d.s.r.a.ConfigClusterResolver        : Resolving eureka endpoints via configuration
2026-08-22T21:55:06.865+01:00  INFO 24920 --- [schools-portal] [rap-executor-%d] c.n.d.s.r.a.ConfigClusterResolver        : Resolving eureka endpoints via configuration
2026-08-22T22:00:06.868+01:00  INFO 24920 --- [schools-portal] [rap-executor-%d] c.n.d.s.r.a.ConfigClusterResolver        : Resolving eureka endpoints via configuration
2026-08-22T22:05:06.872+01:00  INFO 24920 --- [schools-portal] [rap-executor-%d] c.n.d.s.r.a.ConfigClusterResolver        : Resolving eureka endpoints via configuration
2026-08-22T22:10:06.875+01:00  INFO 24920 --- [schools-portal] [rap-executor-%d] c.n.d.s.r.a.ConfigClusterResolver        : Resolving eureka endpoints via configuration
2026-08-22T22:15:06.879+01:00  INFO 24920 --- [schools-portal] [rap-executor-%d] c.n.d.s.r.a.ConfigClusterResolver        : Resolving eureka endpoints via configuration
2026-08-22T22:20:06.882+01:00  INFO 24920 --- [schools-portal] [rap-executor-%d] c.n.d.s.r.a.ConfigClusterResolver        : Resolving eureka endpoints via configuration
2026-08-22T22:25:06.885+01:00  INFO 24920 --- [schools-portal] [rap-executor-%d] c.n.d.s.r.a.ConfigClusterResolver        : Resolving eureka endpoints via configuration
2026-08-22T22:30:06.888+01:00  INFO 24920 --- [schools-portal] [rap-executor-%d] c.n.d.s.r.a.ConfigClusterResolver        : Resolving eureka endpoints via configuration
2026-08-22T22:35:06.891+01:00  INFO 24920 --- [schools-portal] [rap-executor-%d] c.n.d.s.r.a.ConfigClusterResolver        : Resolving eureka endpoints via configuration
2026-08-22T22:40:06.894+01:00  INFO 24920 --- [schools-portal] [rap-executor-%d] c.n.d.s.r.a.ConfigClusterResolver        : Resolving eureka endpoints via configuration
2026-08-22T22:45:06.898+01:00  INFO 24920 --- [schools-portal] [rap-executor-%d] c.n.d.s.r.a.ConfigClusterResolver        : Resolving eureka endpoints via configuration
2026-08-22T22:50:06.902+01:00  INFO 24920 --- [schools-portal] [rap-executor-%d] c.n.d.s.r.a.ConfigClusterResolver        : Resolving eureka endpoints via configuration
2026-08-22T22:55:06.905+01:00  INFO 24920 --- [schools-portal] [rap-executor-%d] c.n.d.s.r.a.ConfigClusterResolver        : Resolving eureka endpoints via configuration
2026-08-22T23:00:06.907+01:00  INFO 24920 --- [schools-portal] [rap-executor-%d] c.n.d.s.r.a.ConfigClusterResolver        : Resolving eureka endpoints via configuration
2026-08-22T23:05:06.911+01:00  INFO 24920 --- [schools-portal] [rap-executor-%d] c.n.d.s.r.a.ConfigClusterResolver        : Resolving eureka endpoints via configuration
2026-08-22T23:10:06.913+01:00  INFO 24920 --- [schools-portal] [rap-executor-%d] c.n.d.s.r.a.ConfigClusterResolver        : Resolving eureka endpoints via configuration
2026-08-22T23:15:06.916+01:00  INFO 24920 --- [schools-portal] [rap-executor-%d] c.n.d.s.r.a.ConfigClusterResolver        : Resolving eureka endpoints via configuration
2026-08-22T23:20:06.918+01:00  INFO 24920 --- [schools-portal] [rap-executor-%d] c.n.d.s.r.a.ConfigClusterResolver        : Resolving eureka endpoints via configuration
2026-08-22T23:25:06.922+01:00  INFO 24920 --- [schools-portal] [rap-executor-%d] c.n.d.s.r.a.ConfigClusterResolver        : Resolving eureka endpoints via configuration
2026-08-22T23:30:06.924+01:00  INFO 24920 --- [schools-portal] [rap-executor-%d] c.n.d.s.r.a.ConfigClusterResolver        : Resolving eureka endpoints via configuration
2026-08-22T23:35:06.927+01:00  INFO 24920 --- [schools-portal] [rap-executor-%d] c.n.d.s.r.a.ConfigClusterResolver        : Resolving eureka endpoints via configuration
2026-08-22T23:40:06.931+01:00  INFO 24920 --- [schools-portal] [rap-executor-%d] c.n.d.s.r.a.ConfigClusterResolver        : Resolving eureka endpoints via configuration
2026-08-22T23:45:06.934+01:00  INFO 24920 --- [schools-portal] [rap-executor-%d] c.n.d.s.r.a.ConfigClusterResolver        : Resolving eureka endpoints via configuration
2026-08-22T23:50:06.937+01:00  INFO 24920 --- [schools-portal] [rap-executor-%d] c.n.d.s.r.a.ConfigClusterResolver        : Resolving eureka endpoints via configuration
2026-08-22T23:55:06.940+01:00  INFO 24920 --- [schools-portal] [rap-executor-%d] c.n.d.s.r.a.ConfigClusterResolver        : Resolving eureka endpoints via configuration
2026-08-23T00:00:06.944+01:00  INFO 24920 --- [schools-portal] [rap-executor-%d] c.n.d.s.r.a.ConfigClusterResolver        : Resolving eureka endpoints via configuration
2026-08-23T00:05:06.948+01:00  INFO 24920 --- [schools-portal] [rap-executor-%d] c.n.d.s.r.a.ConfigClusterResolver        : Resolving eureka endpoints via configuration
2026-08-23T00:10:06.951+01:00  INFO 24920 --- [schools-portal] [rap-executor-%d] c.n.d.s.r.a.ConfigClusterResolver        : Resolving eureka endpoints via configuration
2026-08-23T00:15:06.953+01:00  INFO 24920 --- [schools-portal] [rap-executor-%d] c.n.d.s.r.a.ConfigClusterResolver        : Resolving eureka endpoints via configuration
2026-08-23T00:20:06.959+01:00  INFO 24920 --- [schools-portal] [rap-executor-%d] c.n.d.s.r.a.ConfigClusterResolver        : Resolving eureka endpoints via configuration
2026-08-23T00:25:06.961+01:00  INFO 24920 --- [schools-portal] [rap-executor-%d] c.n.d.s.r.a.ConfigClusterResolver        : Resolving eureka endpoints via configuration
2026-08-23T00:30:06.964+01:00  INFO 24920 --- [schools-portal] [rap-executor-%d] c.n.d.s.r.a.ConfigClusterResolver        : Resolving eureka endpoints via configuration
2026-08-23T00:35:06.967+01:00  INFO 24920 --- [schools-portal] [rap-executor-%d] c.n.d.s.r.a.ConfigClusterResolver        : Resolving eureka endpoints via configuration
2026-08-23T00:40:06.970+01:00  INFO 24920 --- [schools-portal] [rap-executor-%d] c.n.d.s.r.a.ConfigClusterResolver        : Resolving eureka endpoints via configuration
2026-08-23T00:45:06.974+01:00  INFO 24920 --- [schools-portal] [rap-executor-%d] c.n.d.s.r.a.ConfigClusterResolver        : Resolving eureka endpoints via configuration
2026-08-23T00:50:06.977+01:00  INFO 24920 --- [schools-portal] [rap-executor-%d] c.n.d.s.r.a.ConfigClusterResolver        : Resolving eureka endpoints via configuration
2026-08-23T00:55:06.981+01:00  INFO 24920 --- [schools-portal] [rap-executor-%d] c.n.d.s.r.a.ConfigClusterResolver        : Resolving eureka endpoints via configuration
2026-08-23T01:00:06.986+01:00  INFO 24920 --- [schools-portal] [rap-executor-%d] c.n.d.s.r.a.ConfigClusterResolver        : Resolving eureka endpoints via configuration
2026-08-23T01:05:06.988+01:00  INFO 24920 --- [schools-portal] [rap-executor-%d] c.n.d.s.r.a.ConfigClusterResolver        : Resolving eureka endpoints via configuration
2026-08-23T01:10:06.993+01:00  INFO 24920 --- [schools-portal] [rap-executor-%d] c.n.d.s.r.a.ConfigClusterResolver        : Resolving eureka endpoints via configuration
2026-08-23T01:15:06.995+01:00  INFO 24920 --- [schools-portal] [rap-executor-%d] c.n.d.s.r.a.ConfigClusterResolver        : Resolving eureka endpoints via configuration
2026-08-23T01:20:06.998+01:00  INFO 24920 --- [schools-portal] [rap-executor-%d] c.n.d.s.r.a.ConfigClusterResolver        : Resolving eureka endpoints via configuration
2026-08-23T01:25:07.001+01:00  INFO 24920 --- [schools-portal] [rap-executor-%d] c.n.d.s.r.a.ConfigClusterResolver        : Resolving eureka endpoints via configuration
2026-08-23T01:30:07.004+01:00  INFO 24920 --- [schools-portal] [rap-executor-%d] c.n.d.s.r.a.ConfigClusterResolver        : Resolving eureka endpoints via configuration
2026-08-23T01:35:07.007+01:00  INFO 24920 --- [schools-portal] [rap-executor-%d] c.n.d.s.r.a.ConfigClusterResolver        : Resolving eureka endpoints via configuration
2026-08-23T01:40:07.010+01:00  INFO 24920 --- [schools-portal] [rap-executor-%d] c.n.d.s.r.a.ConfigClusterResolver        : Resolving eureka endpoints via configuration
2026-08-23T01:45:07.013+01:00  INFO 24920 --- [schools-portal] [rap-executor-%d] c.n.d.s.r.a.ConfigClusterResolver        : Resolving eureka endpoints via configuration
2026-08-23T01:50:07.015+01:00  INFO 24920 --- [schools-portal] [rap-executor-%d] c.n.d.s.r.a.ConfigClusterResolver        : Resolving eureka endpoints via configuration
2026-08-23T01:55:07.019+01:00  INFO 24920 --- [schools-portal] [rap-executor-%d] c.n.d.s.r.a.ConfigClusterResolver        : Resolving eureka endpoints via configuration
2026-08-23T02:00:07.023+01:00  INFO 24920 --- [schools-portal] [rap-executor-%d] c.n.d.s.r.a.ConfigClusterResolver        : Resolving eureka endpoints via configuration
2026-08-23T02:05:07.027+01:00  INFO 24920 --- [schools-portal] [rap-executor-%d] c.n.d.s.r.a.ConfigClusterResolver        : Resolving eureka endpoints via configuration
2026-08-23T02:10:07.029+01:00  INFO 24920 --- [schools-portal] [rap-executor-%d] c.n.d.s.r.a.ConfigClusterResolver        : Resolving eureka endpoints via configuration
2026-08-23T02:15:07.033+01:00  INFO 24920 --- [schools-portal] [rap-executor-%d] c.n.d.s.r.a.ConfigClusterResolver        : Resolving eureka endpoints via configuration
2026-08-23T02:20:07.037+01:00  INFO 24920 --- [schools-portal] [rap-executor-%d] c.n.d.s.r.a.ConfigClusterResolver        : Resolving eureka endpoints via configuration
2026-08-23T02:25:07.040+01:00  INFO 24920 --- [schools-portal] [rap-executor-%d] c.n.d.s.r.a.ConfigClusterResolver        : Resolving eureka endpoints via configuration
2026-08-23T02:30:07.043+01:00  INFO 24920 --- [schools-portal] [rap-executor-%d] c.n.d.s.r.a.ConfigClusterResolver        : Resolving eureka endpoints via configuration
2026-08-23T02:35:07.045+01:00  INFO 24920 --- [schools-portal] [rap-executor-%d] c.n.d.s.r.a.ConfigClusterResolver        : Resolving eureka endpoints via configuration
2026-08-23T02:40:07.048+01:00  INFO 24920 --- [schools-portal] [rap-executor-%d] c.n.d.s.r.a.ConfigClusterResolver        : Resolving eureka endpoints via configuration
2026-08-23T02:45:07.051+01:00  INFO 24920 --- [schools-portal] [rap-executor-%d] c.n.d.s.r.a.ConfigClusterResolver        : Resolving eureka endpoints via configuration
2026-08-23T02:50:07.055+01:00  INFO 24920 --- [schools-portal] [rap-executor-%d] c.n.d.s.r.a.ConfigClusterResolver        : Resolving eureka endpoints via configuration
2026-08-23T02:55:07.057+01:00  INFO 24920 --- [schools-portal] [rap-executor-%d] c.n.d.s.r.a.ConfigClusterResolver        : Resolving eureka endpoints via configuration
2026-08-23T03:00:07.061+01:00  INFO 24920 --- [schools-portal] [rap-executor-%d] c.n.d.s.r.a.ConfigClusterResolver        : Resolving eureka endpoints via configuration
2026-08-23T03:05:07.065+01:00  INFO 24920 --- [schools-portal] [rap-executor-%d] c.n.d.s.r.a.ConfigClusterResolver        : Resolving eureka endpoints via configuration
2026-08-23T03:10:07.067+01:00  INFO 24920 --- [schools-portal] [rap-executor-%d] c.n.d.s.r.a.ConfigClusterResolver        : Resolving eureka endpoints via configuration
2026-08-23T03:15:07.070+01:00  INFO 24920 --- [schools-portal] [rap-executor-%d] c.n.d.s.r.a.ConfigClusterResolver        : Resolving eureka endpoints via configuration
2026-08-23T03:20:07.074+01:00  INFO 24920 --- [schools-portal] [rap-executor-%d] c.n.d.s.r.a.ConfigClusterResolver        : Resolving eureka endpoints via configuration
2026-08-23T03:25:07.077+01:00  INFO 24920 --- [schools-portal] [rap-executor-%d] c.n.d.s.r.a.ConfigClusterResolver        : Resolving eureka endpoints via configuration
2026-08-23T03:30:07.081+01:00  INFO 24920 --- [schools-portal] [rap-executor-%d] c.n.d.s.r.a.ConfigClusterResolver        : Resolving eureka endpoints via configuration
2026-08-23T03:35:07.084+01:00  INFO 24920 --- [schools-portal] [rap-executor-%d] c.n.d.s.r.a.ConfigClusterResolver        : Resolving eureka endpoints via configuration
2026-08-23T03:40:07.088+01:00  INFO 24920 --- [schools-portal] [rap-executor-%d] c.n.d.s.r.a.ConfigClusterResolver        : Resolving eureka endpoints via configuration
2026-08-23T03:45:07.091+01:00  INFO 24920 --- [schools-portal] [rap-executor-%d] c.n.d.s.r.a.ConfigClusterResolver        : Resolving eureka endpoints via configuration
2026-08-23T03:50:07.095+01:00  INFO 24920 --- [schools-portal] [rap-executor-%d] c.n.d.s.r.a.ConfigClusterResolver        : Resolving eureka endpoints via configuration
2026-08-23T03:55:07.098+01:00  INFO 24920 --- [schools-portal] [rap-executor-%d] c.n.d.s.r.a.ConfigClusterResolver        : Resolving eureka endpoints via configuration
2026-08-23T04:00:07.102+01:00  INFO 24920 --- [schools-portal] [rap-executor-%d] c.n.d.s.r.a.ConfigClusterResolver        : Resolving eureka endpoints via configuration
2026-08-23T04:05:07.106+01:00  INFO 24920 --- [schools-portal] [rap-executor-%d] c.n.d.s.r.a.ConfigClusterResolver        : Resolving eureka endpoints via configuration
2026-08-23T04:10:07.110+01:00  INFO 24920 --- [schools-portal] [rap-executor-%d] c.n.d.s.r.a.ConfigClusterResolver        : Resolving eureka endpoints via configuration
2026-08-23T04:15:07.113+01:00  INFO 24920 --- [schools-portal] [rap-executor-%d] c.n.d.s.r.a.ConfigClusterResolver        : Resolving eureka endpoints via configuration
2026-08-23T04:20:07.117+01:00  INFO 24920 --- [schools-portal] [rap-executor-%d] c.n.d.s.r.a.ConfigClusterResolver        : Resolving eureka endpoints via configuration
2026-08-23T04:25:07.120+01:00  INFO 24920 --- [schools-portal] [rap-executor-%d] c.n.d.s.r.a.ConfigClusterResolver        : Resolving eureka endpoints via configuration
2026-08-23T04:30:07.123+01:00  INFO 24920 --- [schools-portal] [rap-executor-%d] c.n.d.s.r.a.ConfigClusterResolver        : Resolving eureka endpoints via configuration
2026-08-23T04:35:07.125+01:00  INFO 24920 --- [schools-portal] [rap-executor-%d] c.n.d.s.r.a.ConfigClusterResolver        : Resolving eureka endpoints via configuration
2026-08-23T04:40:07.127+01:00  INFO 24920 --- [schools-portal] [rap-executor-%d] c.n.d.s.r.a.ConfigClusterResolver        : Resolving eureka endpoints via configuration
2026-08-23T04:45:07.131+01:00  INFO 24920 --- [schools-portal] [rap-executor-%d] c.n.d.s.r.a.ConfigClusterResolver        : Resolving eureka endpoints via configuration
2026-08-23T04:50:07.134+01:00  INFO 24920 --- [schools-portal] [rap-executor-%d] c.n.d.s.r.a.ConfigClusterResolver        : Resolving eureka endpoints via configuration
2026-08-23T04:55:07.137+01:00  INFO 24920 --- [schools-portal] [rap-executor-%d] c.n.d.s.r.a.ConfigClusterResolver        : Resolving eureka endpoints via configuration
2026-08-23T05:00:07.141+01:00  INFO 24920 --- [schools-portal] [rap-executor-%d] c.n.d.s.r.a.ConfigClusterResolver        : Resolving eureka endpoints via configuration
2026-08-23T05:05:07.143+01:00  INFO 24920 --- [schools-portal] [rap-executor-%d] c.n.d.s.r.a.ConfigClusterResolver        : Resolving eureka endpoints via configuration
2026-08-23T05:10:07.145+01:00  INFO 24920 --- [schools-portal] [rap-executor-%d] c.n.d.s.r.a.ConfigClusterResolver        : Resolving eureka endpoints via configuration
2026-08-23T05:15:07.148+01:00  INFO 24920 --- [schools-portal] [rap-executor-%d] c.n.d.s.r.a.ConfigClusterResolver        : Resolving eureka endpoints via configuration
2026-08-23T05:20:07.152+01:00  INFO 24920 --- [schools-portal] [rap-executor-%d] c.n.d.s.r.a.ConfigClusterResolver        : Resolving eureka endpoints via configuration
2026-08-23T05:25:07.154+01:00  INFO 24920 --- [schools-portal] [rap-executor-%d] c.n.d.s.r.a.ConfigClusterResolver        : Resolving eureka endpoints via configuration
2026-08-23T05:30:07.157+01:00  INFO 24920 --- [schools-portal] [rap-executor-%d] c.n.d.s.r.a.ConfigClusterResolver        : Resolving eureka endpoints via configuration
2026-08-23T05:35:07.160+01:00  INFO 24920 --- [schools-portal] [rap-executor-%d] c.n.d.s.r.a.ConfigClusterResolver        : Resolving eureka endpoints via configuration
2026-08-23T05:40:07.163+01:00  INFO 24920 --- [schools-portal] [rap-executor-%d] c.n.d.s.r.a.ConfigClusterResolver        : Resolving eureka endpoints via configuration
2026-08-23T05:45:07.166+01:00  INFO 24920 --- [schools-portal] [rap-executor-%d] c.n.d.s.r.a.ConfigClusterResolver        : Resolving eureka endpoints via configuration
2026-08-23T05:50:07.169+01:00  INFO 24920 --- [schools-portal] [rap-executor-%d] c.n.d.s.r.a.ConfigClusterResolver        : Resolving eureka endpoints via configuration
2026-08-23T05:55:07.173+01:00  INFO 24920 --- [schools-portal] [rap-executor-%d] c.n.d.s.r.a.ConfigClusterResolver        : Resolving eureka endpoints via configuration
2026-08-23T06:00:07.175+01:00  INFO 24920 --- [schools-portal] [rap-executor-%d] c.n.d.s.r.a.ConfigClusterResolver        : Resolving eureka endpoints via configuration
2026-08-23T06:05:07.178+01:00  INFO 24920 --- [schools-portal] [rap-executor-%d] c.n.d.s.r.a.ConfigClusterResolver        : Resolving eureka endpoints via configuration
2026-08-23T06:10:07.180+01:00  INFO 24920 --- [schools-portal] [rap-executor-%d] c.n.d.s.r.a.ConfigClusterResolver        : Resolving eureka endpoints via configuration
2026-08-23T06:15:07.182+01:00  INFO 24920 --- [schools-portal] [rap-executor-%d] c.n.d.s.r.a.ConfigClusterResolver        : Resolving eureka endpoints via configuration
2026-08-23T06:20:07.187+01:00  INFO 24920 --- [schools-portal] [rap-executor-%d] c.n.d.s.r.a.ConfigClusterResolver        : Resolving eureka endpoints via configuration
2026-08-23T06:25:07.189+01:00  INFO 24920 --- [schools-portal] [rap-executor-%d] c.n.d.s.r.a.ConfigClusterResolver        : Resolving eureka endpoints via configuration
2026-08-23T06:30:07.193+01:00  INFO 24920 --- [schools-portal] [rap-executor-%d] c.n.d.s.r.a.ConfigClusterResolver        : Resolving eureka endpoints via configuration
2026-08-23T06:35:07.196+01:00  INFO 24920 --- [schools-portal] [rap-executor-%d] c.n.d.s.r.a.ConfigClusterResolver        : Resolving eureka endpoints via configuration
2026-08-23T06:40:07.199+01:00  INFO 24920 --- [schools-portal] [rap-executor-%d] c.n.d.s.r.a.ConfigClusterResolver        : Resolving eureka endpoints via configuration
2026-08-23T06:45:07.202+01:00  INFO 24920 --- [schools-portal] [rap-executor-%d] c.n.d.s.r.a.ConfigClusterResolver        : Resolving eureka endpoints via configuration
2026-08-23T06:50:07.204+01:00  INFO 24920 --- [schools-portal] [rap-executor-%d] c.n.d.s.r.a.ConfigClusterResolver        : Resolving eureka endpoints via configuration
2026-08-23T06:55:07.207+01:00  INFO 24920 --- [schools-portal] [rap-executor-%d] c.n.d.s.r.a.ConfigClusterResolver        : Resolving eureka endpoints via configuration
2026-08-23T07:00:07.210+01:00  INFO 24920 --- [schools-portal] [rap-executor-%d] c.n.d.s.r.a.ConfigClusterResolver        : Resolving eureka endpoints via configuration
2026-08-23T07:05:07.214+01:00  INFO 24920 --- [schools-portal] [rap-executor-%d] c.n.d.s.r.a.ConfigClusterResolver        : Resolving eureka endpoints via configuration
2026-08-23T07:10:07.217+01:00  INFO 24920 --- [schools-portal] [rap-executor-%d] c.n.d.s.r.a.ConfigClusterResolver        : Resolving eureka endpoints via configuration
2026-08-23T07:15:07.222+01:00  INFO 24920 --- [schools-portal] [rap-executor-%d] c.n.d.s.r.a.ConfigClusterResolver        : Resolving eureka endpoints via configuration
2026-08-23T07:20:07.226+01:00  INFO 24920 --- [schools-portal] [rap-executor-%d] c.n.d.s.r.a.ConfigClusterResolver        : Resolving eureka endpoints via configuration
2026-08-23T07:25:07.229+01:00  INFO 24920 --- [schools-portal] [rap-executor-%d] c.n.d.s.r.a.ConfigClusterResolver        : Resolving eureka endpoints via configuration
2026-08-23T07:30:07.232+01:00  INFO 24920 --- [schools-portal] [rap-executor-%d] c.n.d.s.r.a.ConfigClusterResolver        : Resolving eureka endpoints via configuration
2026-08-23T07:35:07.236+01:00  INFO 24920 --- [schools-portal] [rap-executor-%d] c.n.d.s.r.a.ConfigClusterResolver        : Resolving eureka endpoints via configuration
2026-08-23T07:40:07.239+01:00  INFO 24920 --- [schools-portal] [rap-executor-%d] c.n.d.s.r.a.ConfigClusterResolver        : Resolving eureka endpoints via configuration
2026-08-23T07:45:07.243+01:00  INFO 24920 --- [schools-portal] [rap-executor-%d] c.n.d.s.r.a.ConfigClusterResolver        : Resolving eureka endpoints via configuration
2026-08-23T07:50:07.247+01:00  INFO 24920 --- [schools-portal] [rap-executor-%d] c.n.d.s.r.a.ConfigClusterResolver        : Resolving eureka endpoints via configuration
2026-08-23T07:55:07.250+01:00  INFO 24920 --- [schools-portal] [rap-executor-%d] c.n.d.s.r.a.ConfigClusterResolver        : Resolving eureka endpoints via configuration
2026-08-23T08:00:07.255+01:00  INFO 24920 --- [schools-portal] [rap-executor-%d] c.n.d.s.r.a.ConfigClusterResolver        : Resolving eureka endpoints via configuration
2026-08-23T08:05:07.257+01:00  INFO 24920 --- [schools-portal] [rap-executor-%d] c.n.d.s.r.a.ConfigClusterResolver        : Resolving eureka endpoints via configuration
2026-08-23T08:10:07.259+01:00  INFO 24920 --- [schools-portal] [rap-executor-%d] c.n.d.s.r.a.ConfigClusterResolver        : Resolving eureka endpoints via configuration
2026-08-23T08:15:07.261+01:00  INFO 24920 --- [schools-portal] [rap-executor-%d] c.n.d.s.r.a.ConfigClusterResolver        : Resolving eureka endpoints via configuration
2026-08-23T08:20:07.279+01:00  INFO 24920 --- [schools-portal] [rap-executor-%d] c.n.d.s.r.a.ConfigClusterResolver        : Resolving eureka endpoints via configuration
2026-08-23T08:25:07.284+01:00  INFO 24920 --- [schools-portal] [rap-executor-%d] c.n.d.s.r.a.ConfigClusterResolver        : Resolving eureka endpoints via configuration
2026-08-23T08:30:07.286+01:00  INFO 24920 --- [schools-portal] [rap-executor-%d] c.n.d.s.r.a.ConfigClusterResolver        : Resolving eureka endpoints via configuration
2026-08-23T08:35:07.289+01:00  INFO 24920 --- [schools-portal] [rap-executor-%d] c.n.d.s.r.a.ConfigClusterResolver        : Resolving eureka endpoints via configuration
2026-08-23T08:40:07.293+01:00  INFO 24920 --- [schools-portal] [rap-executor-%d] c.n.d.s.r.a.ConfigClusterResolver        : Resolving eureka endpoints via configuration
2026-08-23T08:45:07.295+01:00  INFO 24920 --- [schools-portal] [rap-executor-%d] c.n.d.s.r.a.ConfigClusterResolver        : Resolving eureka endpoints via configuration
2026-08-23T08:50:07.298+01:00  INFO 24920 --- [schools-portal] [rap-executor-%d] c.n.d.s.r.a.ConfigClusterResolver        : Resolving eureka endpoints via configuration
2026-08-23T08:55:07.302+01:00  INFO 24920 --- [schools-portal] [rap-executor-%d] c.n.d.s.r.a.ConfigClusterResolver        : Resolving eureka endpoints via configuration
2026-08-23T09:00:07.306+01:00  INFO 24920 --- [schools-portal] [rap-executor-%d] c.n.d.s.r.a.ConfigClusterResolver        : Resolving eureka endpoints via configuration
2026-08-23T09:05:07.309+01:00  INFO 24920 --- [schools-portal] [rap-executor-%d] c.n.d.s.r.a.ConfigClusterResolver        : Resolving eureka endpoints via configuration
2026-08-23T09:10:07.311+01:00  INFO 24920 --- [schools-portal] [rap-executor-%d] c.n.d.s.r.a.ConfigClusterResolver        : Resolving eureka endpoints via configuration
2026-08-23T09:15:07.314+01:00  INFO 24920 --- [schools-portal] [rap-executor-%d] c.n.d.s.r.a.ConfigClusterResolver        : Resolving eureka endpoints via configuration
2026-08-23T09:20:07.317+01:00  INFO 24920 --- [schools-portal] [rap-executor-%d] c.n.d.s.r.a.ConfigClusterResolver        : Resolving eureka endpoints via configuration
2026-08-23T09:25:07.320+01:00  INFO 24920 --- [schools-portal] [rap-executor-%d] c.n.d.s.r.a.ConfigClusterResolver        : Resolving eureka endpoints via configuration
2026-08-23T09:30:07.323+01:00  INFO 24920 --- [schools-portal] [rap-executor-%d] c.n.d.s.r.a.ConfigClusterResolver        : Resolving eureka endpoints via configuration
2026-08-23T09:35:07.325+01:00  INFO 24920 --- [schools-portal] [rap-executor-%d] c.n.d.s.r.a.ConfigClusterResolver        : Resolving eureka endpoints via configuration
2026-08-23T09:40:07.329+01:00  INFO 24920 --- [schools-portal] [rap-executor-%d] c.n.d.s.r.a.ConfigClusterResolver        : Resolving eureka endpoints via configuration
2026-08-23T09:45:07.332+01:00  INFO 24920 --- [schools-portal] [rap-executor-%d] c.n.d.s.r.a.ConfigClusterResolver        : Resolving eureka endpoints via configuration
2026-08-23T09:50:07.336+01:00  INFO 24920 --- [schools-portal] [rap-executor-%d] c.n.d.s.r.a.ConfigClusterResolver        : Resolving eureka endpoints via configuration
2026-08-23T09:55:07.339+01:00  INFO 24920 --- [schools-portal] [rap-executor-%d] c.n.d.s.r.a.ConfigClusterResolver        : Resolving eureka endpoints via configuration
2026-08-23T10:00:07.342+01:00  INFO 24920 --- [schools-portal] [rap-executor-%d] c.n.d.s.r.a.ConfigClusterResolver        : Resolving eureka endpoints via configuration
2026-08-23T10:05:07.346+01:00  INFO 24920 --- [schools-portal] [rap-executor-%d] c.n.d.s.r.a.ConfigClusterResolver        : Resolving eureka endpoints via configuration
2026-08-23T10:10:07.349+01:00  INFO 24920 --- [schools-portal] [rap-executor-%d] c.n.d.s.r.a.ConfigClusterResolver        : Resolving eureka endpoints via configuration
2026-08-23T10:15:07.353+01:00  INFO 24920 --- [schools-portal] [rap-executor-%d] c.n.d.s.r.a.ConfigClusterResolver        : Resolving eureka endpoints via configuration
2026-08-23T10:20:07.355+01:00  INFO 24920 --- [schools-portal] [rap-executor-%d] c.n.d.s.r.a.ConfigClusterResolver        : Resolving eureka endpoints via configuration
2026-08-23T10:25:07.358+01:00  INFO 24920 --- [schools-portal] [rap-executor-%d] c.n.d.s.r.a.ConfigClusterResolver        : Resolving eureka endpoints via configuration
2026-08-23T10:30:07.361+01:00  INFO 24920 --- [schools-portal] [rap-executor-%d] c.n.d.s.r.a.ConfigClusterResolver        : Resolving eureka endpoints via configuration
2026-08-23T10:35:07.364+01:00  INFO 24920 --- [schools-portal] [rap-executor-%d] c.n.d.s.r.a.ConfigClusterResolver        : Resolving eureka endpoints via configuration
2026-08-23T10:40:07.368+01:00  INFO 24920 --- [schools-portal] [rap-executor-%d] c.n.d.s.r.a.ConfigClusterResolver        : Resolving eureka endpoints via configuration
2026-08-23T10:45:07.370+01:00  INFO 24920 --- [schools-portal] [rap-executor-%d] c.n.d.s.r.a.ConfigClusterResolver        : Resolving eureka endpoints via configuration
2026-08-23T10:50:07.374+01:00  INFO 24920 --- [schools-portal] [rap-executor-%d] c.n.d.s.r.a.ConfigClusterResolver        : Resolving eureka endpoints via configuration
2026-08-23T10:55:07.377+01:00  INFO 24920 --- [schools-portal] [rap-executor-%d] c.n.d.s.r.a.ConfigClusterResolver        : Resolving eureka endpoints via configuration
2026-08-23T11:00:07.379+01:00  INFO 24920 --- [schools-portal] [rap-executor-%d] c.n.d.s.r.a.ConfigClusterResolver        : Resolving eureka endpoints via configuration
2026-08-23T11:05:07.383+01:00  INFO 24920 --- [schools-portal] [rap-executor-%d] c.n.d.s.r.a.ConfigClusterResolver        : Resolving eureka endpoints via configuration
2026-08-23T11:10:07.386+01:00  INFO 24920 --- [schools-portal] [rap-executor-%d] c.n.d.s.r.a.ConfigClusterResolver        : Resolving eureka endpoints via configuration
2026-08-23T11:15:07.389+01:00  INFO 24920 --- [schools-portal] [rap-executor-%d] c.n.d.s.r.a.ConfigClusterResolver        : Resolving eureka endpoints via configuration
2026-08-23T11:20:07.401+01:00  INFO 24920 --- [schools-portal] [rap-executor-%d] c.n.d.s.r.a.ConfigClusterResolver        : Resolving eureka endpoints via configuration
2026-08-23T11:25:07.404+01:00  INFO 24920 --- [schools-portal] [rap-executor-%d] c.n.d.s.r.a.ConfigClusterResolver        : Resolving eureka endpoints via configuration
2026-08-23T11:30:07.408+01:00  INFO 24920 --- [schools-portal] [rap-executor-%d] c.n.d.s.r.a.ConfigClusterResolver        : Resolving eureka endpoints via configuration
2026-08-23T11:35:07.411+01:00  INFO 24920 --- [schools-portal] [rap-executor-%d] c.n.d.s.r.a.ConfigClusterResolver        : Resolving eureka endpoints via configuration
2026-08-23T11:40:07.413+01:00  INFO 24920 --- [schools-portal] [rap-executor-%d] c.n.d.s.r.a.ConfigClusterResolver        : Resolving eureka endpoints via configuration
2026-08-23T11:45:07.417+01:00  INFO 24920 --- [schools-portal] [rap-executor-%d] c.n.d.s.r.a.ConfigClusterResolver        : Resolving eureka endpoints via configuration
2026-08-23T11:50:07.421+01:00  INFO 24920 --- [schools-portal] [rap-executor-%d] c.n.d.s.r.a.ConfigClusterResolver        : Resolving eureka endpoints via configuration
2026-08-23T11:55:07.423+01:00  INFO 24920 --- [schools-portal] [rap-executor-%d] c.n.d.s.r.a.ConfigClusterResolver        : Resolving eureka endpoints via configuration
2026-08-23T12:00:07.427+01:00  INFO 24920 --- [schools-portal] [rap-executor-%d] c.n.d.s.r.a.ConfigClusterResolver        : Resolving eureka endpoints via configuration
2026-08-23T12:05:07.430+01:00  INFO 24920 --- [schools-portal] [rap-executor-%d] c.n.d.s.r.a.ConfigClusterResolver        : Resolving eureka endpoints via configuration
2026-08-23T12:10:07.433+01:00  INFO 24920 --- [schools-portal] [rap-executor-%d] c.n.d.s.r.a.ConfigClusterResolver        : Resolving eureka endpoints via configuration
2026-08-23T12:15:07.436+01:00  INFO 24920 --- [schools-portal] [rap-executor-%d] c.n.d.s.r.a.ConfigClusterResolver        : Resolving eureka endpoints via configuration
2026-08-23T12:20:07.439+01:00  INFO 24920 --- [schools-portal] [rap-executor-%d] c.n.d.s.r.a.ConfigClusterResolver        : Resolving eureka endpoints via configuration
2026-08-23T12:25:07.442+01:00  INFO 24920 --- [schools-portal] [rap-executor-%d] c.n.d.s.r.a.ConfigClusterResolver        : Resolving eureka endpoints via configuration
2026-08-23T12:30:07.446+01:00  INFO 24920 --- [schools-portal] [rap-executor-%d] c.n.d.s.r.a.ConfigClusterResolver        : Resolving eureka endpoints via configuration
2026-08-23T12:35:07.449+01:00  INFO 24920 --- [schools-portal] [rap-executor-%d] c.n.d.s.r.a.ConfigClusterResolver        : Resolving eureka endpoints via configuration
2026-08-23T12:40:07.452+01:00  INFO 24920 --- [schools-portal] [rap-executor-%d] c.n.d.s.r.a.ConfigClusterResolver        : Resolving eureka endpoints via configuration
2026-08-23T12:45:07.454+01:00  INFO 24920 --- [schools-portal] [rap-executor-%d] c.n.d.s.r.a.ConfigClusterResolver        : Resolving eureka endpoints via configuration
2026-08-23T12:50:07.457+01:00  INFO 24920 --- [schools-portal] [rap-executor-%d] c.n.d.s.r.a.ConfigClusterResolver        : Resolving eureka endpoints via configuration
2026-08-23T12:55:07.461+01:00  INFO 24920 --- [schools-portal] [rap-executor-%d] c.n.d.s.r.a.ConfigClusterResolver        : Resolving eureka endpoints via configuration
2026-08-23T13:00:07.464+01:00  INFO 24920 --- [schools-portal] [rap-executor-%d] c.n.d.s.r.a.ConfigClusterResolver        : Resolving eureka endpoints via configuration
2026-08-23T13:05:07.467+01:00  INFO 24920 --- [schools-portal] [rap-executor-%d] c.n.d.s.r.a.ConfigClusterResolver        : Resolving eureka endpoints via configuration
2026-08-23T13:10:07.470+01:00  INFO 24920 --- [schools-portal] [rap-executor-%d] c.n.d.s.r.a.ConfigClusterResolver        : Resolving eureka endpoints via configuration
2026-08-23T13:15:07.472+01:00  INFO 24920 --- [schools-portal] [rap-executor-%d] c.n.d.s.r.a.ConfigClusterResolver        : Resolving eureka endpoints via configuration
2026-08-23T13:20:07.475+01:00  INFO 24920 --- [schools-portal] [rap-executor-%d] c.n.d.s.r.a.ConfigClusterResolver        : Resolving eureka endpoints via configuration
2026-08-23T13:25:07.478+01:00  INFO 24920 --- [schools-portal] [rap-executor-%d] c.n.d.s.r.a.ConfigClusterResolver        : Resolving eureka endpoints via configuration
2026-08-23T13:30:07.480+01:00  INFO 24920 --- [schools-portal] [rap-executor-%d] c.n.d.s.r.a.ConfigClusterResolver        : Resolving eureka endpoints via configuration
2026-08-23T13:35:07.483+01:00  INFO 24920 --- [schools-portal] [rap-executor-%d] c.n.d.s.r.a.ConfigClusterResolver        : Resolving eureka endpoints via configuration
2026-08-23T13:40:07.487+01:00  INFO 24920 --- [schools-portal] [rap-executor-%d] c.n.d.s.r.a.ConfigClusterResolver        : Resolving eureka endpoints via configuration
2026-08-23T13:45:07.490+01:00  INFO 24920 --- [schools-portal] [rap-executor-%d] c.n.d.s.r.a.ConfigClusterResolver        : Resolving eureka endpoints via configuration
2026-08-23T13:50:07.493+01:00  INFO 24920 --- [schools-portal] [rap-executor-%d] c.n.d.s.r.a.ConfigClusterResolver        : Resolving eureka endpoints via configuration
2026-08-23T13:55:07.496+01:00  INFO 24920 --- [schools-portal] [rap-executor-%d] c.n.d.s.r.a.ConfigClusterResolver        : Resolving eureka endpoints via configuration
2026-08-23T14:00:07.499+01:00  INFO 24920 --- [schools-portal] [rap-executor-%d] c.n.d.s.r.a.ConfigClusterResolver        : Resolving eureka endpoints via configuration
2026-08-23T14:05:07.501+01:00  INFO 24920 --- [schools-portal] [rap-executor-%d] c.n.d.s.r.a.ConfigClusterResolver        : Resolving eureka endpoints via configuration
2026-08-23T14:10:07.505+01:00  INFO 24920 --- [schools-portal] [rap-executor-%d] c.n.d.s.r.a.ConfigClusterResolver        : Resolving eureka endpoints via configuration
2026-08-23T14:15:07.507+01:00  INFO 24920 --- [schools-portal] [rap-executor-%d] c.n.d.s.r.a.ConfigClusterResolver        : Resolving eureka endpoints via configuration
2026-08-23T14:20:07.511+01:00  INFO 24920 --- [schools-portal] [rap-executor-%d] c.n.d.s.r.a.ConfigClusterResolver        : Resolving eureka endpoints via configuration
2026-08-23T14:25:07.514+01:00  INFO 24920 --- [schools-portal] [rap-executor-%d] c.n.d.s.r.a.ConfigClusterResolver        : Resolving eureka endpoints via configuration
2026-08-23T14:30:07.518+01:00  INFO 24920 --- [schools-portal] [rap-executor-%d] c.n.d.s.r.a.ConfigClusterResolver        : Resolving eureka endpoints via configuration
2026-08-23T14:35:07.521+01:00  INFO 24920 --- [schools-portal] [rap-executor-%d] c.n.d.s.r.a.ConfigClusterResolver        : Resolving eureka endpoints via configuration
2026-08-23T14:40:07.525+01:00  INFO 24920 --- [schools-portal] [rap-executor-%d] c.n.d.s.r.a.ConfigClusterResolver        : Resolving eureka endpoints via configuration
2026-08-23T14:45:07.528+01:00  INFO 24920 --- [schools-portal] [rap-executor-%d] c.n.d.s.r.a.ConfigClusterResolver        : Resolving eureka endpoints via configuration
2026-08-23T14:50:07.531+01:00  INFO 24920 --- [schools-portal] [rap-executor-%d] c.n.d.s.r.a.ConfigClusterResolver        : Resolving eureka endpoints via configuration
2026-08-23T14:55:07.534+01:00  INFO 24920 --- [schools-portal] [rap-executor-%d] c.n.d.s.r.a.ConfigClusterResolver        : Resolving eureka endpoints via configuration
2026-08-23T15:00:07.538+01:00  INFO 24920 --- [schools-portal] [rap-executor-%d] c.n.d.s.r.a.ConfigClusterResolver        : Resolving eureka endpoints via configuration
2026-08-23T15:05:07.540+01:00  INFO 24920 --- [schools-portal] [rap-executor-%d] c.n.d.s.r.a.ConfigClusterResolver        : Resolving eureka endpoints via configuration
2026-08-23T15:10:07.544+01:00  INFO 24920 --- [schools-portal] [rap-executor-%d] c.n.d.s.r.a.ConfigClusterResolver        : Resolving eureka endpoints via configuration
2026-08-23T15:15:07.547+01:00  INFO 24920 --- [schools-portal] [rap-executor-%d] c.n.d.s.r.a.ConfigClusterResolver        : Resolving eureka endpoints via configuration
2026-08-23T15:20:07.550+01:00  INFO 24920 --- [schools-portal] [rap-executor-%d] c.n.d.s.r.a.ConfigClusterResolver        : Resolving eureka endpoints via configuration
2026-08-23T15:25:07.554+01:00  INFO 24920 --- [schools-portal] [rap-executor-%d] c.n.d.s.r.a.ConfigClusterResolver        : Resolving eureka endpoints via configuration
2026-08-23T15:30:07.557+01:00  INFO 24920 --- [schools-portal] [rap-executor-%d] c.n.d.s.r.a.ConfigClusterResolver        : Resolving eureka endpoints via configuration
2026-08-23T15:35:07.561+01:00  INFO 24920 --- [schools-portal] [rap-executor-%d] c.n.d.s.r.a.ConfigClusterResolver        : Resolving eureka endpoints via configuration
2026-08-23T15:40:07.564+01:00  INFO 24920 --- [schools-portal] [rap-executor-%d] c.n.d.s.r.a.ConfigClusterResolver        : Resolving eureka endpoints via configuration
2026-08-23T15:45:07.568+01:00  INFO 24920 --- [schools-portal] [rap-executor-%d] c.n.d.s.r.a.ConfigClusterResolver        : Resolving eureka endpoints via configuration
2026-08-23T15:50:07.571+01:00  INFO 24920 --- [schools-portal] [rap-executor-%d] c.n.d.s.r.a.ConfigClusterResolver        : Resolving eureka endpoints via configuration
2026-08-23T15:55:07.574+01:00  INFO 24920 --- [schools-portal] [rap-executor-%d] c.n.d.s.r.a.ConfigClusterResolver        : Resolving eureka endpoints via configuration
2026-08-23T16:00:07.577+01:00  INFO 24920 --- [schools-portal] [rap-executor-%d] c.n.d.s.r.a.ConfigClusterResolver        : Resolving eureka endpoints via configuration
2026-08-23T16:05:07.580+01:00  INFO 24920 --- [schools-portal] [rap-executor-%d] c.n.d.s.r.a.ConfigClusterResolver        : Resolving eureka endpoints via configuration
2026-08-23T16:10:07.583+01:00  INFO 24920 --- [schools-portal] [rap-executor-%d] c.n.d.s.r.a.ConfigClusterResolver        : Resolving eureka endpoints via configuration
2026-08-23T16:15:07.586+01:00  INFO 24920 --- [schools-portal] [rap-executor-%d] c.n.d.s.r.a.ConfigClusterResolver        : Resolving eureka endpoints via configuration
2026-08-23T16:20:07.589+01:00  INFO 24920 --- [schools-portal] [rap-executor-%d] c.n.d.s.r.a.ConfigClusterResolver        : Resolving eureka endpoints via configuration
2026-08-23T16:25:07.591+01:00  INFO 24920 --- [schools-portal] [rap-executor-%d] c.n.d.s.r.a.ConfigClusterResolver        : Resolving eureka endpoints via configuration
2026-08-23T16:30:07.594+01:00  INFO 24920 --- [schools-portal] [rap-executor-%d] c.n.d.s.r.a.ConfigClusterResolver        : Resolving eureka endpoints via configuration
2026-08-23T16:35:07.597+01:00  INFO 24920 --- [schools-portal] [rap-executor-%d] c.n.d.s.r.a.ConfigClusterResolver        : Resolving eureka endpoints via configuration
2026-08-23T16:40:07.599+01:00  INFO 24920 --- [schools-portal] [rap-executor-%d] c.n.d.s.r.a.ConfigClusterResolver        : Resolving eureka endpoints via configuration
2026-08-23T16:45:07.603+01:00  INFO 24920 --- [schools-portal] [rap-executor-%d] c.n.d.s.r.a.ConfigClusterResolver        : Resolving eureka endpoints via configuration
2026-08-23T16:50:07.606+01:00  INFO 24920 --- [schools-portal] [rap-executor-%d] c.n.d.s.r.a.ConfigClusterResolver        : Resolving eureka endpoints via configuration
2026-08-23T16:55:07.609+01:00  INFO 24920 --- [schools-portal] [rap-executor-%d] c.n.d.s.r.a.ConfigClusterResolver        : Resolving eureka endpoints via configuration
2026-08-23T17:00:07.611+01:00  INFO 24920 --- [schools-portal] [rap-executor-%d] c.n.d.s.r.a.ConfigClusterResolver        : Resolving eureka endpoints via configuration
2026-08-23T17:05:07.614+01:00  INFO 24920 --- [schools-portal] [rap-executor-%d] c.n.d.s.r.a.ConfigClusterResolver        : Resolving eureka endpoints via configuration
2026-08-23T17:10:07.616+01:00  INFO 24920 --- [schools-portal] [rap-executor-%d] c.n.d.s.r.a.ConfigClusterResolver        : Resolving eureka endpoints via configuration
2026-08-23T17:15:07.619+01:00  INFO 24920 --- [schools-portal] [rap-executor-%d] c.n.d.s.r.a.ConfigClusterResolver        : Resolving eureka endpoints via configuration
2026-08-23T17:20:07.621+01:00  INFO 24920 --- [schools-portal] [rap-executor-%d] c.n.d.s.r.a.ConfigClusterResolver        : Resolving eureka endpoints via configuration
2026-08-23T17:25:07.624+01:00  INFO 24920 --- [schools-portal] [rap-executor-%d] c.n.d.s.r.a.ConfigClusterResolver        : Resolving eureka endpoints via configuration
2026-08-23T17:30:07.627+01:00  INFO 24920 --- [schools-portal] [rap-executor-%d] c.n.d.s.r.a.ConfigClusterResolver        : Resolving eureka endpoints via configuration
2026-08-23T17:35:07.629+01:00  INFO 24920 --- [schools-portal] [rap-executor-%d] c.n.d.s.r.a.ConfigClusterResolver        : Resolving eureka endpoints via configuration
2026-08-23T17:40:07.632+01:00  INFO 24920 --- [schools-portal] [rap-executor-%d] c.n.d.s.r.a.ConfigClusterResolver        : Resolving eureka endpoints via configuration
2026-08-23T17:45:07.635+01:00  INFO 24920 --- [schools-portal] [rap-executor-%d] c.n.d.s.r.a.ConfigClusterResolver        : Resolving eureka endpoints via configuration
2026-08-23T17:50:07.638+01:00  INFO 24920 --- [schools-portal] [rap-executor-%d] c.n.d.s.r.a.ConfigClusterResolver        : Resolving eureka endpoints via configuration
2026-08-23T17:55:07.641+01:00  INFO 24920 --- [schools-portal] [rap-executor-%d] c.n.d.s.r.a.ConfigClusterResolver        : Resolving eureka endpoints via configuration
2026-08-23T18:00:07.644+01:00  INFO 24920 --- [schools-portal] [rap-executor-%d] c.n.d.s.r.a.ConfigClusterResolver        : Resolving eureka endpoints via configuration
2026-08-23T18:05:07.646+01:00  INFO 24920 --- [schools-portal] [rap-executor-%d] c.n.d.s.r.a.ConfigClusterResolver        : Resolving eureka endpoints via configuration
2026-08-23T18:10:07.649+01:00  INFO 24920 --- [schools-portal] [rap-executor-%d] c.n.d.s.r.a.ConfigClusterResolver        : Resolving eureka endpoints via configuration
2026-08-23T18:15:07.652+01:00  INFO 24920 --- [schools-portal] [rap-executor-%d] c.n.d.s.r.a.ConfigClusterResolver        : Resolving eureka endpoints via configuration
2026-08-23T18:20:07.654+01:00  INFO 24920 --- [schools-portal] [rap-executor-%d] c.n.d.s.r.a.ConfigClusterResolver        : Resolving eureka endpoints via configuration
2026-08-23T18:25:07.657+01:00  INFO 24920 --- [schools-portal] [rap-executor-%d] c.n.d.s.r.a.ConfigClusterResolver        : Resolving eureka endpoints via configuration
2026-08-23T18:30:07.659+01:00  INFO 24920 --- [schools-portal] [rap-executor-%d] c.n.d.s.r.a.ConfigClusterResolver        : Resolving eureka endpoints via configuration
2026-08-23T18:35:07.664+01:00  INFO 24920 --- [schools-portal] [rap-executor-%d] c.n.d.s.r.a.ConfigClusterResolver        : Resolving eureka endpoints via configuration
2026-08-23T18:40:07.668+01:00  INFO 24920 --- [schools-portal] [rap-executor-%d] c.n.d.s.r.a.ConfigClusterResolver        : Resolving eureka endpoints via configuration
2026-08-23T18:45:07.671+01:00  INFO 24920 --- [schools-portal] [rap-executor-%d] c.n.d.s.r.a.ConfigClusterResolver        : Resolving eureka endpoints via configuration
2026-08-23T18:50:07.673+01:00  INFO 24920 --- [schools-portal] [rap-executor-%d] c.n.d.s.r.a.ConfigClusterResolver        : Resolving eureka endpoints via configuration
2026-08-23T18:55:07.676+01:00  INFO 24920 --- [schools-portal] [rap-executor-%d] c.n.d.s.r.a.ConfigClusterResolver        : Resolving eureka endpoints via configuration
2026-08-23T19:00:07.679+01:00  INFO 24920 --- [schools-portal] [rap-executor-%d] c.n.d.s.r.a.ConfigClusterResolver        : Resolving eureka endpoints via configuration
2026-08-23T19:05:07.683+01:00  INFO 24920 --- [schools-portal] [rap-executor-%d] c.n.d.s.r.a.ConfigClusterResolver        : Resolving eureka endpoints via configuration
2026-08-23T19:10:07.686+01:00  INFO 24920 --- [schools-portal] [rap-executor-%d] c.n.d.s.r.a.ConfigClusterResolver        : Resolving eureka endpoints via configuration
2026-08-23T19:15:07.689+01:00  INFO 24920 --- [schools-portal] [rap-executor-%d] c.n.d.s.r.a.ConfigClusterResolver        : Resolving eureka endpoints via configuration
2026-08-23T19:20:07.693+01:00  INFO 24920 --- [schools-portal] [rap-executor-%d] c.n.d.s.r.a.ConfigClusterResolver        : Resolving eureka endpoints via configuration
2026-08-23T19:25:07.697+01:00  INFO 24920 --- [schools-portal] [rap-executor-%d] c.n.d.s.r.a.ConfigClusterResolver        : Resolving eureka endpoints via configuration
2026-08-23T19:30:07.700+01:00  INFO 24920 --- [schools-portal] [rap-executor-%d] c.n.d.s.r.a.ConfigClusterResolver        : Resolving eureka endpoints via configuration
2026-08-23T19:35:07.703+01:00  INFO 24920 --- [schools-portal] [rap-executor-%d] c.n.d.s.r.a.ConfigClusterResolver        : Resolving eureka endpoints via configuration
2026-08-23T19:40:07.705+01:00  INFO 24920 --- [schools-portal] [rap-executor-%d] c.n.d.s.r.a.ConfigClusterResolver        : Resolving eureka endpoints via configuration
2026-08-23T19:45:07.708+01:00  INFO 24920 --- [schools-portal] [rap-executor-%d] c.n.d.s.r.a.ConfigClusterResolver        : Resolving eureka endpoints via configuration
2026-08-23T19:50:07.712+01:00  INFO 24920 --- [schools-portal] [rap-executor-%d] c.n.d.s.r.a.ConfigClusterResolver        : Resolving eureka endpoints via configuration
2026-08-23T19:55:07.715+01:00  INFO 24920 --- [schools-portal] [rap-executor-%d] c.n.d.s.r.a.ConfigClusterResolver        : Resolving eureka endpoints via configuration
2026-08-23T20:00:07.718+01:00  INFO 24920 --- [schools-portal] [rap-executor-%d] c.n.d.s.r.a.ConfigClusterResolver        : Resolving eureka endpoints via configuration
2026-08-23T20:05:07.720+01:00  INFO 24920 --- [schools-portal] [rap-executor-%d] c.n.d.s.r.a.ConfigClusterResolver        : Resolving eureka endpoints via configuration
2026-08-23T20:10:07.724+01:00  INFO 24920 --- [schools-portal] [rap-executor-%d] c.n.d.s.r.a.ConfigClusterResolver        : Resolving eureka endpoints via configuration
2026-08-23T20:15:07.727+01:00  INFO 24920 --- [schools-portal] [rap-executor-%d] c.n.d.s.r.a.ConfigClusterResolver        : Resolving eureka endpoints via configuration
2026-08-23T20:20:07.731+01:00  INFO 24920 --- [schools-portal] [rap-executor-%d] c.n.d.s.r.a.ConfigClusterResolver        : Resolving eureka endpoints via configuration
2026-08-23T20:25:07.735+01:00  INFO 24920 --- [schools-portal] [rap-executor-%d] c.n.d.s.r.a.ConfigClusterResolver        : Resolving eureka endpoints via configuration
2026-08-23T20:30:07.738+01:00  INFO 24920 --- [schools-portal] [rap-executor-%d] c.n.d.s.r.a.ConfigClusterResolver        : Resolving eureka endpoints via configuration
2026-08-23T20:35:07.741+01:00  INFO 24920 --- [schools-portal] [rap-executor-%d] c.n.d.s.r.a.ConfigClusterResolver        : Resolving eureka endpoints via configuration
2026-08-23T20:40:07.743+01:00  INFO 24920 --- [schools-portal] [rap-executor-%d] c.n.d.s.r.a.ConfigClusterResolver        : Resolving eureka endpoints via configuration
2026-08-23T20:45:07.745+01:00  INFO 24920 --- [schools-portal] [rap-executor-%d] c.n.d.s.r.a.ConfigClusterResolver        : Resolving eureka endpoints via configuration
2026-08-23T20:50:07.749+01:00  INFO 24920 --- [schools-portal] [rap-executor-%d] c.n.d.s.r.a.ConfigClusterResolver        : Resolving eureka endpoints via configuration
2026-08-23T20:55:07.751+01:00  INFO 24920 --- [schools-portal] [rap-executor-%d] c.n.d.s.r.a.ConfigClusterResolver        : Resolving eureka endpoints via configuration
2026-08-23T21:00:07.755+01:00  INFO 24920 --- [schools-portal] [rap-executor-%d] c.n.d.s.r.a.ConfigClusterResolver        : Resolving eureka endpoints via configuration
2026-08-23T21:05:07.759+01:00  INFO 24920 --- [schools-portal] [rap-executor-%d] c.n.d.s.r.a.ConfigClusterResolver        : Resolving eureka endpoints via configuration
2026-08-23T21:10:07.763+01:00  INFO 24920 --- [schools-portal] [rap-executor-%d] c.n.d.s.r.a.ConfigClusterResolver        : Resolving eureka endpoints via configuration
2026-08-23T21:15:07.766+01:00  INFO 24920 --- [schools-portal] [rap-executor-%d] c.n.d.s.r.a.ConfigClusterResolver        : Resolving eureka endpoints via configuration
2026-08-23T21:20:07.770+01:00  INFO 24920 --- [schools-portal] [rap-executor-%d] c.n.d.s.r.a.ConfigClusterResolver        : Resolving eureka endpoints via configuration
2026-08-23T21:25:07.774+01:00  INFO 24920 --- [schools-portal] [rap-executor-%d] c.n.d.s.r.a.ConfigClusterResolver        : Resolving eureka endpoints via configuration
2026-08-23T21:30:07.777+01:00  INFO 24920 --- [schools-portal] [rap-executor-%d] c.n.d.s.r.a.ConfigClusterResolver        : Resolving eureka endpoints via configuration
2026-08-23T21:35:07.781+01:00  INFO 24920 --- [schools-portal] [rap-executor-%d] c.n.d.s.r.a.ConfigClusterResolver        : Resolving eureka endpoints via configuration
2026-08-23T21:40:07.783+01:00  INFO 24920 --- [schools-portal] [rap-executor-%d] c.n.d.s.r.a.ConfigClusterResolver        : Resolving eureka endpoints via configuration
2026-08-23T21:45:07.787+01:00  INFO 24920 --- [schools-portal] [rap-executor-%d] c.n.d.s.r.a.ConfigClusterResolver        : Resolving eureka endpoints via configuration
2026-08-23T21:50:07.791+01:00  INFO 24920 --- [schools-portal] [rap-executor-%d] c.n.d.s.r.a.ConfigClusterResolver        : Resolving eureka endpoints via configuration
2026-08-23T21:55:07.794+01:00  INFO 24920 --- [schools-portal] [rap-executor-%d] c.n.d.s.r.a.ConfigClusterResolver        : Resolving eureka endpoints via configuration
2026-08-23T22:00:07.796+01:00  INFO 24920 --- [schools-portal] [rap-executor-%d] c.n.d.s.r.a.ConfigClusterResolver        : Resolving eureka endpoints via configuration
2026-08-23T22:05:07.799+01:00  INFO 24920 --- [schools-portal] [rap-executor-%d] c.n.d.s.r.a.ConfigClusterResolver        : Resolving eureka endpoints via configuration
2026-08-23T22:10:07.802+01:00  INFO 24920 --- [schools-portal] [rap-executor-%d] c.n.d.s.r.a.ConfigClusterResolver        : Resolving eureka endpoints via configuration
2026-08-23T22:15:07.806+01:00  INFO 24920 --- [schools-portal] [rap-executor-%d] c.n.d.s.r.a.ConfigClusterResolver        : Resolving eureka endpoints via configuration
2026-08-23T22:20:07.809+01:00  INFO 24920 --- [schools-portal] [rap-executor-%d] c.n.d.s.r.a.ConfigClusterResolver        : Resolving eureka endpoints via configuration
2026-08-23T22:25:07.811+01:00  INFO 24920 --- [schools-portal] [rap-executor-%d] c.n.d.s.r.a.ConfigClusterResolver        : Resolving eureka endpoints via configuration
2026-08-23T22:30:07.813+01:00  INFO 24920 --- [schools-portal] [rap-executor-%d] c.n.d.s.r.a.ConfigClusterResolver        : Resolving eureka endpoints via configuration
2026-08-23T22:35:07.817+01:00  INFO 24920 --- [schools-portal] [rap-executor-%d] c.n.d.s.r.a.ConfigClusterResolver        : Resolving eureka endpoints via configuration
2026-08-23T22:40:07.820+01:00  INFO 24920 --- [schools-portal] [rap-executor-%d] c.n.d.s.r.a.ConfigClusterResolver        : Resolving eureka endpoints via configuration
2026-08-23T22:45:07.822+01:00  INFO 24920 --- [schools-portal] [rap-executor-%d] c.n.d.s.r.a.ConfigClusterResolver        : Resolving eureka endpoints via configuration
2026-08-23T22:50:07.825+01:00  INFO 24920 --- [schools-portal] [rap-executor-%d] c.n.d.s.r.a.ConfigClusterResolver        : Resolving eureka endpoints via configuration
2026-08-23T22:55:07.828+01:00  INFO 24920 --- [schools-portal] [rap-executor-%d] c.n.d.s.r.a.ConfigClusterResolver        : Resolving eureka endpoints via configuration
2026-08-23T23:00:07.831+01:00  INFO 24920 --- [schools-portal] [rap-executor-%d] c.n.d.s.r.a.ConfigClusterResolver        : Resolving eureka endpoints via configuration
2026-08-23T23:05:07.834+01:00  INFO 24920 --- [schools-portal] [rap-executor-%d] c.n.d.s.r.a.ConfigClusterResolver        : Resolving eureka endpoints via configuration
2026-08-23T23:10:07.838+01:00  INFO 24920 --- [schools-portal] [rap-executor-%d] c.n.d.s.r.a.ConfigClusterResolver        : Resolving eureka endpoints via configuration
2026-08-23T23:15:07.842+01:00  INFO 24920 --- [schools-portal] [rap-executor-%d] c.n.d.s.r.a.ConfigClusterResolver        : Resolving eureka endpoints via configuration
2026-08-23T23:20:07.846+01:00  INFO 24920 --- [schools-portal] [rap-executor-%d] c.n.d.s.r.a.ConfigClusterResolver        : Resolving eureka endpoints via configuration
2026-08-23T23:25:07.849+01:00  INFO 24920 --- [schools-portal] [rap-executor-%d] c.n.d.s.r.a.ConfigClusterResolver        : Resolving eureka endpoints via configuration
2026-08-23T23:30:07.852+01:00  INFO 24920 --- [schools-portal] [rap-executor-%d] c.n.d.s.r.a.ConfigClusterResolver        : Resolving eureka endpoints via configuration
2026-08-23T23:35:07.855+01:00  INFO 24920 --- [schools-portal] [rap-executor-%d] c.n.d.s.r.a.ConfigClusterResolver        : Resolving eureka endpoints via configuration
2026-08-23T23:40:07.859+01:00  INFO 24920 --- [schools-portal] [rap-executor-%d] c.n.d.s.r.a.ConfigClusterResolver        : Resolving eureka endpoints via configuration
2026-08-23T23:45:07.861+01:00  INFO 24920 --- [schools-portal] [rap-executor-%d] c.n.d.s.r.a.ConfigClusterResolver        : Resolving eureka endpoints via configuration
2026-08-23T23:50:07.864+01:00  INFO 24920 --- [schools-portal] [rap-executor-%d] c.n.d.s.r.a.ConfigClusterResolver        : Resolving eureka endpoints via configuration
2026-08-23T23:55:07.867+01:00  INFO 24920 --- [schools-portal] [rap-executor-%d] c.n.d.s.r.a.ConfigClusterResolver        : Resolving eureka endpoints via configuration
2026-08-24T00:00:07.870+01:00  INFO 24920 --- [schools-portal] [rap-executor-%d] c.n.d.s.r.a.ConfigClusterResolver        : Resolving eureka endpoints via configuration
2026-08-24T00:05:07.873+01:00  INFO 24920 --- [schools-portal] [rap-executor-%d] c.n.d.s.r.a.ConfigClusterResolver        : Resolving eureka endpoints via configuration
2026-08-24T00:10:07.876+01:00  INFO 24920 --- [schools-portal] [rap-executor-%d] c.n.d.s.r.a.ConfigClusterResolver        : Resolving eureka endpoints via configuration
2026-08-24T00:15:07.879+01:00  INFO 24920 --- [schools-portal] [rap-executor-%d] c.n.d.s.r.a.ConfigClusterResolver        : Resolving eureka endpoints via configuration
2026-08-24T00:20:07.881+01:00  INFO 24920 --- [schools-portal] [rap-executor-%d] c.n.d.s.r.a.ConfigClusterResolver        : Resolving eureka endpoints via configuration
2026-08-24T00:25:07.884+01:00  INFO 24920 --- [schools-portal] [rap-executor-%d] c.n.d.s.r.a.ConfigClusterResolver        : Resolving eureka endpoints via configuration
2026-08-24T00:30:07.888+01:00  INFO 24920 --- [schools-portal] [rap-executor-%d] c.n.d.s.r.a.ConfigClusterResolver        : Resolving eureka endpoints via configuration
2026-08-24T00:35:07.890+01:00  INFO 24920 --- [schools-portal] [rap-executor-%d] c.n.d.s.r.a.ConfigClusterResolver        : Resolving eureka endpoints via configuration
2026-08-24T00:40:07.894+01:00  INFO 24920 --- [schools-portal] [rap-executor-%d] c.n.d.s.r.a.ConfigClusterResolver        : Resolving eureka endpoints via configuration
2026-08-24T00:45:07.897+01:00  INFO 24920 --- [schools-portal] [rap-executor-%d] c.n.d.s.r.a.ConfigClusterResolver        : Resolving eureka endpoints via configuration
2026-08-24T00:50:07.900+01:00  INFO 24920 --- [schools-portal] [rap-executor-%d] c.n.d.s.r.a.ConfigClusterResolver        : Resolving eureka endpoints via configuration
2026-08-24T00:55:07.903+01:00  INFO 24920 --- [schools-portal] [rap-executor-%d] c.n.d.s.r.a.ConfigClusterResolver        : Resolving eureka endpoints via configuration
2026-08-24T01:00:07.906+01:00  INFO 24920 --- [schools-portal] [rap-executor-%d] c.n.d.s.r.a.ConfigClusterResolver        : Resolving eureka endpoints via configuration
2026-08-24T01:05:07.908+01:00  INFO 24920 --- [schools-portal] [rap-executor-%d] c.n.d.s.r.a.ConfigClusterResolver        : Resolving eureka endpoints via configuration
2026-08-24T01:10:07.912+01:00  INFO 24920 --- [schools-portal] [rap-executor-%d] c.n.d.s.r.a.ConfigClusterResolver        : Resolving eureka endpoints via configuration
2026-08-24T01:15:07.915+01:00  INFO 24920 --- [schools-portal] [rap-executor-%d] c.n.d.s.r.a.ConfigClusterResolver        : Resolving eureka endpoints via configuration
2026-08-24T01:20:07.918+01:00  INFO 24920 --- [schools-portal] [rap-executor-%d] c.n.d.s.r.a.ConfigClusterResolver        : Resolving eureka endpoints via configuration
2026-08-24T01:25:07.921+01:00  INFO 24920 --- [schools-portal] [rap-executor-%d] c.n.d.s.r.a.ConfigClusterResolver        : Resolving eureka endpoints via configuration
2026-08-24T01:30:07.926+01:00  INFO 24920 --- [schools-portal] [rap-executor-%d] c.n.d.s.r.a.ConfigClusterResolver        : Resolving eureka endpoints via configuration
2026-08-24T01:35:07.929+01:00  INFO 24920 --- [schools-portal] [rap-executor-%d] c.n.d.s.r.a.ConfigClusterResolver        : Resolving eureka endpoints via configuration
2026-08-24T01:40:07.931+01:00  INFO 24920 --- [schools-portal] [rap-executor-%d] c.n.d.s.r.a.ConfigClusterResolver        : Resolving eureka endpoints via configuration
2026-08-24T01:45:07.935+01:00  INFO 24920 --- [schools-portal] [rap-executor-%d] c.n.d.s.r.a.ConfigClusterResolver        : Resolving eureka endpoints via configuration
2026-08-24T01:50:07.938+01:00  INFO 24920 --- [schools-portal] [rap-executor-%d] c.n.d.s.r.a.ConfigClusterResolver        : Resolving eureka endpoints via configuration
2026-08-24T01:55:07.941+01:00  INFO 24920 --- [schools-portal] [rap-executor-%d] c.n.d.s.r.a.ConfigClusterResolver        : Resolving eureka endpoints via configuration
2026-08-24T02:00:07.943+01:00  INFO 24920 --- [schools-portal] [rap-executor-%d] c.n.d.s.r.a.ConfigClusterResolver        : Resolving eureka endpoints via configuration
2026-08-24T02:05:07.947+01:00  INFO 24920 --- [schools-portal] [rap-executor-%d] c.n.d.s.r.a.ConfigClusterResolver        : Resolving eureka endpoints via configuration
2026-08-24T02:10:07.950+01:00  INFO 24920 --- [schools-portal] [rap-executor-%d] c.n.d.s.r.a.ConfigClusterResolver        : Resolving eureka endpoints via configuration
2026-08-24T02:15:07.953+01:00  INFO 24920 --- [schools-portal] [rap-executor-%d] c.n.d.s.r.a.ConfigClusterResolver        : Resolving eureka endpoints via configuration
2026-08-24T02:20:07.956+01:00  INFO 24920 --- [schools-portal] [rap-executor-%d] c.n.d.s.r.a.ConfigClusterResolver        : Resolving eureka endpoints via configuration
2026-08-24T02:25:07.958+01:00  INFO 24920 --- [schools-portal] [rap-executor-%d] c.n.d.s.r.a.ConfigClusterResolver        : Resolving eureka endpoints via configuration
2026-08-24T02:30:07.962+01:00  INFO 24920 --- [schools-portal] [rap-executor-%d] c.n.d.s.r.a.ConfigClusterResolver        : Resolving eureka endpoints via configuration
2026-08-24T02:35:07.966+01:00  INFO 24920 --- [schools-portal] [rap-executor-%d] c.n.d.s.r.a.ConfigClusterResolver        : Resolving eureka endpoints via configuration
2026-08-24T02:40:07.968+01:00  INFO 24920 --- [schools-portal] [rap-executor-%d] c.n.d.s.r.a.ConfigClusterResolver        : Resolving eureka endpoints via configuration
2026-08-24T02:45:07.971+01:00  INFO 24920 --- [schools-portal] [rap-executor-%d] c.n.d.s.r.a.ConfigClusterResolver        : Resolving eureka endpoints via configuration
2026-08-24T02:50:07.975+01:00  INFO 24920 --- [schools-portal] [rap-executor-%d] c.n.d.s.r.a.ConfigClusterResolver        : Resolving eureka endpoints via configuration
2026-08-24T02:55:07.978+01:00  INFO 24920 --- [schools-portal] [rap-executor-%d] c.n.d.s.r.a.ConfigClusterResolver        : Resolving eureka endpoints via configuration
2026-08-24T03:00:07.980+01:00  INFO 24920 --- [schools-portal] [rap-executor-%d] c.n.d.s.r.a.ConfigClusterResolver        : Resolving eureka endpoints via configuration
2026-08-24T03:05:07.982+01:00  INFO 24920 --- [schools-portal] [rap-executor-%d] c.n.d.s.r.a.ConfigClusterResolver        : Resolving eureka endpoints via configuration
2026-08-24T03:10:07.984+01:00  INFO 24920 --- [schools-portal] [rap-executor-%d] c.n.d.s.r.a.ConfigClusterResolver        : Resolving eureka endpoints via configuration
2026-08-24T03:15:07.988+01:00  INFO 24920 --- [schools-portal] [rap-executor-%d] c.n.d.s.r.a.ConfigClusterResolver        : Resolving eureka endpoints via configuration
2026-08-24T03:20:07.990+01:00  INFO 24920 --- [schools-portal] [rap-executor-%d] c.n.d.s.r.a.ConfigClusterResolver        : Resolving eureka endpoints via configuration
2026-08-24T03:25:07.993+01:00  INFO 24920 --- [schools-portal] [rap-executor-%d] c.n.d.s.r.a.ConfigClusterResolver        : Resolving eureka endpoints via configuration
2026-08-24T03:30:07.997+01:00  INFO 24920 --- [schools-portal] [rap-executor-%d] c.n.d.s.r.a.ConfigClusterResolver        : Resolving eureka endpoints via configuration
2026-08-24T03:35:07.999+01:00  INFO 24920 --- [schools-portal] [rap-executor-%d] c.n.d.s.r.a.ConfigClusterResolver        : Resolving eureka endpoints via configuration
2026-08-24T03:40:08.002+01:00  INFO 24920 --- [schools-portal] [rap-executor-%d] c.n.d.s.r.a.ConfigClusterResolver        : Resolving eureka endpoints via configuration
2026-08-24T03:45:08.005+01:00  INFO 24920 --- [schools-portal] [rap-executor-%d] c.n.d.s.r.a.ConfigClusterResolver        : Resolving eureka endpoints via configuration
2026-08-24T03:50:08.007+01:00  INFO 24920 --- [schools-portal] [rap-executor-%d] c.n.d.s.r.a.ConfigClusterResolver        : Resolving eureka endpoints via configuration
2026-08-24T03:55:08.010+01:00  INFO 24920 --- [schools-portal] [rap-executor-%d] c.n.d.s.r.a.ConfigClusterResolver        : Resolving eureka endpoints via configuration
2026-08-24T04:00:08.013+01:00  INFO 24920 --- [schools-portal] [rap-executor-%d] c.n.d.s.r.a.ConfigClusterResolver        : Resolving eureka endpoints via configuration
2026-08-24T04:05:08.016+01:00  INFO 24920 --- [schools-portal] [rap-executor-%d] c.n.d.s.r.a.ConfigClusterResolver        : Resolving eureka endpoints via configuration
2026-08-24T04:10:08.019+01:00  INFO 24920 --- [schools-portal] [rap-executor-%d] c.n.d.s.r.a.ConfigClusterResolver        : Resolving eureka endpoints via configuration
2026-08-24T04:15:08.022+01:00  INFO 24920 --- [schools-portal] [rap-executor-%d] c.n.d.s.r.a.ConfigClusterResolver        : Resolving eureka endpoints via configuration
2026-08-24T04:20:08.025+01:00  INFO 24920 --- [schools-portal] [rap-executor-%d] c.n.d.s.r.a.ConfigClusterResolver        : Resolving eureka endpoints via configuration
2026-08-24T04:25:08.027+01:00  INFO 24920 --- [schools-portal] [rap-executor-%d] c.n.d.s.r.a.ConfigClusterResolver        : Resolving eureka endpoints via configuration
2026-08-24T04:30:08.030+01:00  INFO 24920 --- [schools-portal] [rap-executor-%d] c.n.d.s.r.a.ConfigClusterResolver        : Resolving eureka endpoints via configuration
2026-08-24T04:35:08.032+01:00  INFO 24920 --- [schools-portal] [rap-executor-%d] c.n.d.s.r.a.ConfigClusterResolver        : Resolving eureka endpoints via configuration
2026-08-24T04:40:08.036+01:00  INFO 24920 --- [schools-portal] [rap-executor-%d] c.n.d.s.r.a.ConfigClusterResolver        : Resolving eureka endpoints via configuration
2026-08-24T04:45:08.040+01:00  INFO 24920 --- [schools-portal] [rap-executor-%d] c.n.d.s.r.a.ConfigClusterResolver        : Resolving eureka endpoints via configuration
2026-08-24T04:50:08.042+01:00  INFO 24920 --- [schools-portal] [rap-executor-%d] c.n.d.s.r.a.ConfigClusterResolver        : Resolving eureka endpoints via configuration
2026-08-24T04:55:08.045+01:00  INFO 24920 --- [schools-portal] [rap-executor-%d] c.n.d.s.r.a.ConfigClusterResolver        : Resolving eureka endpoints via configuration
2026-08-24T05:00:08.048+01:00  INFO 24920 --- [schools-portal] [rap-executor-%d] c.n.d.s.r.a.ConfigClusterResolver        : Resolving eureka endpoints via configuration
2026-08-24T05:05:08.050+01:00  INFO 24920 --- [schools-portal] [rap-executor-%d] c.n.d.s.r.a.ConfigClusterResolver        : Resolving eureka endpoints via configuration
2026-08-24T05:10:08.053+01:00  INFO 24920 --- [schools-portal] [rap-executor-%d] c.n.d.s.r.a.ConfigClusterResolver        : Resolving eureka endpoints via configuration
2026-08-24T05:15:08.057+01:00  INFO 24920 --- [schools-portal] [rap-executor-%d] c.n.d.s.r.a.ConfigClusterResolver        : Resolving eureka endpoints via configuration
2026-08-24T05:20:08.060+01:00  INFO 24920 --- [schools-portal] [rap-executor-%d] c.n.d.s.r.a.ConfigClusterResolver        : Resolving eureka endpoints via configuration
2026-08-24T05:25:08.063+01:00  INFO 24920 --- [schools-portal] [rap-executor-%d] c.n.d.s.r.a.ConfigClusterResolver        : Resolving eureka endpoints via configuration
2026-08-24T05:30:08.066+01:00  INFO 24920 --- [schools-portal] [rap-executor-%d] c.n.d.s.r.a.ConfigClusterResolver        : Resolving eureka endpoints via configuration
2026-08-24T05:35:08.069+01:00  INFO 24920 --- [schools-portal] [rap-executor-%d] c.n.d.s.r.a.ConfigClusterResolver        : Resolving eureka endpoints via configuration
2026-08-24T05:40:08.071+01:00  INFO 24920 --- [schools-portal] [rap-executor-%d] c.n.d.s.r.a.ConfigClusterResolver        : Resolving eureka endpoints via configuration
2026-08-24T05:45:08.074+01:00  INFO 24920 --- [schools-portal] [rap-executor-%d] c.n.d.s.r.a.ConfigClusterResolver        : Resolving eureka endpoints via configuration
2026-08-24T05:50:08.077+01:00  INFO 24920 --- [schools-portal] [rap-executor-%d] c.n.d.s.r.a.ConfigClusterResolver        : Resolving eureka endpoints via configuration
2026-08-24T05:55:08.080+01:00  INFO 24920 --- [schools-portal] [rap-executor-%d] c.n.d.s.r.a.ConfigClusterResolver        : Resolving eureka endpoints via configuration
2026-08-24T06:00:08.083+01:00  INFO 24920 --- [schools-portal] [rap-executor-%d] c.n.d.s.r.a.ConfigClusterResolver        : Resolving eureka endpoints via configuration
2026-08-24T06:05:08.085+01:00  INFO 24920 --- [schools-portal] [rap-executor-%d] c.n.d.s.r.a.ConfigClusterResolver        : Resolving eureka endpoints via configuration
2026-08-24T06:10:08.089+01:00  INFO 24920 --- [schools-portal] [rap-executor-%d] c.n.d.s.r.a.ConfigClusterResolver        : Resolving eureka endpoints via configuration
2026-08-24T06:15:08.092+01:00  INFO 24920 --- [schools-portal] [rap-executor-%d] c.n.d.s.r.a.ConfigClusterResolver        : Resolving eureka endpoints via configuration
2026-08-24T06:20:08.095+01:00  INFO 24920 --- [schools-portal] [rap-executor-%d] c.n.d.s.r.a.ConfigClusterResolver        : Resolving eureka endpoints via configuration
2026-08-24T06:25:08.099+01:00  INFO 24920 --- [schools-portal] [rap-executor-%d] c.n.d.s.r.a.ConfigClusterResolver        : Resolving eureka endpoints via configuration
2026-08-24T06:30:08.103+01:00  INFO 24920 --- [schools-portal] [rap-executor-%d] c.n.d.s.r.a.ConfigClusterResolver        : Resolving eureka endpoints via configuration
2026-08-24T06:35:08.106+01:00  INFO 24920 --- [schools-portal] [rap-executor-%d] c.n.d.s.r.a.ConfigClusterResolver        : Resolving eureka endpoints via configuration
2026-08-24T06:40:08.109+01:00  INFO 24920 --- [schools-portal] [rap-executor-%d] c.n.d.s.r.a.ConfigClusterResolver        : Resolving eureka endpoints via configuration
2026-08-24T06:45:08.112+01:00  INFO 24920 --- [schools-portal] [rap-executor-%d] c.n.d.s.r.a.ConfigClusterResolver        : Resolving eureka endpoints via configuration
2026-08-24T06:50:08.115+01:00  INFO 24920 --- [schools-portal] [rap-executor-%d] c.n.d.s.r.a.ConfigClusterResolver        : Resolving eureka endpoints via configuration
2026-08-24T06:55:08.118+01:00  INFO 24920 --- [schools-portal] [rap-executor-%d] c.n.d.s.r.a.ConfigClusterResolver        : Resolving eureka endpoints via configuration
2026-08-24T07:00:08.121+01:00  INFO 24920 --- [schools-portal] [rap-executor-%d] c.n.d.s.r.a.ConfigClusterResolver        : Resolving eureka endpoints via configuration
2026-08-24T07:05:08.125+01:00  INFO 24920 --- [schools-portal] [rap-executor-%d] c.n.d.s.r.a.ConfigClusterResolver        : Resolving eureka endpoints via configuration
2026-08-24T07:10:08.129+01:00  INFO 24920 --- [schools-portal] [rap-executor-%d] c.n.d.s.r.a.ConfigClusterResolver        : Resolving eureka endpoints via configuration
2026-08-24T07:15:08.131+01:00  INFO 24920 --- [schools-portal] [rap-executor-%d] c.n.d.s.r.a.ConfigClusterResolver        : Resolving eureka endpoints via configuration
2026-08-24T07:20:08.134+01:00  INFO 24920 --- [schools-portal] [rap-executor-%d] c.n.d.s.r.a.ConfigClusterResolver        : Resolving eureka endpoints via configuration
2026-08-24T07:25:08.137+01:00  INFO 24920 --- [schools-portal] [rap-executor-%d] c.n.d.s.r.a.ConfigClusterResolver        : Resolving eureka endpoints via configuration
2026-08-24T07:30:08.141+01:00  INFO 24920 --- [schools-portal] [rap-executor-%d] c.n.d.s.r.a.ConfigClusterResolver        : Resolving eureka endpoints via configuration
2026-08-24T07:35:08.143+01:00  INFO 24920 --- [schools-portal] [rap-executor-%d] c.n.d.s.r.a.ConfigClusterResolver        : Resolving eureka endpoints via configuration
2026-08-24T07:40:08.146+01:00  INFO 24920 --- [schools-portal] [rap-executor-%d] c.n.d.s.r.a.ConfigClusterResolver        : Resolving eureka endpoints via configuration
2026-08-24T07:45:08.148+01:00  INFO 24920 --- [schools-portal] [rap-executor-%d] c.n.d.s.r.a.ConfigClusterResolver        : Resolving eureka endpoints via configuration
2026-08-24T07:50:08.152+01:00  INFO 24920 --- [schools-portal] [rap-executor-%d] c.n.d.s.r.a.ConfigClusterResolver        : Resolving eureka endpoints via configuration
2026-08-24T07:55:08.156+01:00  INFO 24920 --- [schools-portal] [rap-executor-%d] c.n.d.s.r.a.ConfigClusterResolver        : Resolving eureka endpoints via configuration
2026-08-24T08:00:08.158+01:00  INFO 24920 --- [schools-portal] [rap-executor-%d] c.n.d.s.r.a.ConfigClusterResolver        : Resolving eureka endpoints via configuration
2026-08-24T08:05:08.162+01:00  INFO 24920 --- [schools-portal] [rap-executor-%d] c.n.d.s.r.a.ConfigClusterResolver        : Resolving eureka endpoints via configuration
2026-08-24T08:10:08.164+01:00  INFO 24920 --- [schools-portal] [rap-executor-%d] c.n.d.s.r.a.ConfigClusterResolver        : Resolving eureka endpoints via configuration
2026-08-24T08:15:08.167+01:00  INFO 24920 --- [schools-portal] [rap-executor-%d] c.n.d.s.r.a.ConfigClusterResolver        : Resolving eureka endpoints via configuration
2026-08-24T08:20:08.169+01:00  INFO 24920 --- [schools-portal] [rap-executor-%d] c.n.d.s.r.a.ConfigClusterResolver        : Resolving eureka endpoints via configuration
2026-08-24T08:25:08.172+01:00  INFO 24920 --- [schools-portal] [rap-executor-%d] c.n.d.s.r.a.ConfigClusterResolver        : Resolving eureka endpoints via configuration
2026-08-24T08:30:08.175+01:00  INFO 24920 --- [schools-portal] [rap-executor-%d] c.n.d.s.r.a.ConfigClusterResolver        : Resolving eureka endpoints via configuration
2026-08-24T08:35:08.177+01:00  INFO 24920 --- [schools-portal] [rap-executor-%d] c.n.d.s.r.a.ConfigClusterResolver        : Resolving eureka endpoints via configuration
2026-08-24T08:40:08.180+01:00  INFO 24920 --- [schools-portal] [rap-executor-%d] c.n.d.s.r.a.ConfigClusterResolver        : Resolving eureka endpoints via configuration
2026-08-24T08:45:08.183+01:00  INFO 24920 --- [schools-portal] [rap-executor-%d] c.n.d.s.r.a.ConfigClusterResolver        : Resolving eureka endpoints via configuration
2026-08-24T08:50:08.186+01:00  INFO 24920 --- [schools-portal] [rap-executor-%d] c.n.d.s.r.a.ConfigClusterResolver        : Resolving eureka endpoints via configuration
2026-08-24T08:55:08.189+01:00  INFO 24920 --- [schools-portal] [rap-executor-%d] c.n.d.s.r.a.ConfigClusterResolver        : Resolving eureka endpoints via configuration
2026-08-24T09:00:08.192+01:00  INFO 24920 --- [schools-portal] [rap-executor-%d] c.n.d.s.r.a.ConfigClusterResolver        : Resolving eureka endpoints via configuration
2026-08-24T09:05:08.195+01:00  INFO 24920 --- [schools-portal] [rap-executor-%d] c.n.d.s.r.a.ConfigClusterResolver        : Resolving eureka endpoints via configuration
2026-08-24T09:10:08.198+01:00  INFO 24920 --- [schools-portal] [rap-executor-%d] c.n.d.s.r.a.ConfigClusterResolver        : Resolving eureka endpoints via configuration
2026-08-24T09:15:08.202+01:00  INFO 24920 --- [schools-portal] [rap-executor-%d] c.n.d.s.r.a.ConfigClusterResolver        : Resolving eureka endpoints via configuration
2026-08-24T09:20:08.205+01:00  INFO 24920 --- [schools-portal] [rap-executor-%d] c.n.d.s.r.a.ConfigClusterResolver        : Resolving eureka endpoints via configuration
2026-08-24T09:25:08.208+01:00  INFO 24920 --- [schools-portal] [rap-executor-%d] c.n.d.s.r.a.ConfigClusterResolver        : Resolving eureka endpoints via configuration
2026-08-24T09:30:08.211+01:00  INFO 24920 --- [schools-portal] [rap-executor-%d] c.n.d.s.r.a.ConfigClusterResolver        : Resolving eureka endpoints via configuration
2026-08-24T09:35:08.215+01:00  INFO 24920 --- [schools-portal] [rap-executor-%d] c.n.d.s.r.a.ConfigClusterResolver        : Resolving eureka endpoints via configuration
2026-08-24T09:40:08.218+01:00  INFO 24920 --- [schools-portal] [rap-executor-%d] c.n.d.s.r.a.ConfigClusterResolver        : Resolving eureka endpoints via configuration
2026-08-24T09:45:08.222+01:00  INFO 24920 --- [schools-portal] [rap-executor-%d] c.n.d.s.r.a.ConfigClusterResolver        : Resolving eureka endpoints via configuration
2026-08-24T09:50:08.225+01:00  INFO 24920 --- [schools-portal] [rap-executor-%d] c.n.d.s.r.a.ConfigClusterResolver        : Resolving eureka endpoints via configuration
2026-08-24T09:55:08.227+01:00  INFO 24920 --- [schools-portal] [rap-executor-%d] c.n.d.s.r.a.ConfigClusterResolver        : Resolving eureka endpoints via configuration
2026-08-24T10:00:08.231+01:00  INFO 24920 --- [schools-portal] [rap-executor-%d] c.n.d.s.r.a.ConfigClusterResolver        : Resolving eureka endpoints via configuration
2026-08-24T10:05:08.233+01:00  INFO 24920 --- [schools-portal] [rap-executor-%d] c.n.d.s.r.a.ConfigClusterResolver        : Resolving eureka endpoints via configuration
2026-08-24T10:10:08.236+01:00  INFO 24920 --- [schools-portal] [rap-executor-%d] c.n.d.s.r.a.ConfigClusterResolver        : Resolving eureka endpoints via configuration
2026-08-24T10:15:08.239+01:00  INFO 24920 --- [schools-portal] [rap-executor-%d] c.n.d.s.r.a.ConfigClusterResolver        : Resolving eureka endpoints via configuration
2026-08-24T10:20:08.243+01:00  INFO 24920 --- [schools-portal] [rap-executor-%d] c.n.d.s.r.a.ConfigClusterResolver        : Resolving eureka endpoints via configuration
2026-08-24T10:25:08.246+01:00  INFO 24920 --- [schools-portal] [rap-executor-%d] c.n.d.s.r.a.ConfigClusterResolver        : Resolving eureka endpoints via configuration
2026-08-24T10:30:08.248+01:00  INFO 24920 --- [schools-portal] [rap-executor-%d] c.n.d.s.r.a.ConfigClusterResolver        : Resolving eureka endpoints via configuration
2026-08-24T10:35:08.251+01:00  INFO 24920 --- [schools-portal] [rap-executor-%d] c.n.d.s.r.a.ConfigClusterResolver        : Resolving eureka endpoints via configuration
2026-08-24T10:40:08.254+01:00  INFO 24920 --- [schools-portal] [rap-executor-%d] c.n.d.s.r.a.ConfigClusterResolver        : Resolving eureka endpoints via configuration
2026-08-24T10:45:08.257+01:00  INFO 24920 --- [schools-portal] [rap-executor-%d] c.n.d.s.r.a.ConfigClusterResolver        : Resolving eureka endpoints via configuration
2026-08-24T10:50:08.260+01:00  INFO 24920 --- [schools-portal] [rap-executor-%d] c.n.d.s.r.a.ConfigClusterResolver        : Resolving eureka endpoints via configuration
2026-08-24T10:55:08.263+01:00  INFO 24920 --- [schools-portal] [rap-executor-%d] c.n.d.s.r.a.ConfigClusterResolver        : Resolving eureka endpoints via configuration
2026-08-24T11:00:08.267+01:00  INFO 24920 --- [schools-portal] [rap-executor-%d] c.n.d.s.r.a.ConfigClusterResolver        : Resolving eureka endpoints via configuration
2026-08-24T11:05:08.269+01:00  INFO 24920 --- [schools-portal] [rap-executor-%d] c.n.d.s.r.a.ConfigClusterResolver        : Resolving eureka endpoints via configuration
2026-08-24T11:10:08.275+01:00  INFO 24920 --- [schools-portal] [rap-executor-%d] c.n.d.s.r.a.ConfigClusterResolver        : Resolving eureka endpoints via configuration
2026-08-24T11:15:08.278+01:00  INFO 24920 --- [schools-portal] [rap-executor-%d] c.n.d.s.r.a.ConfigClusterResolver        : Resolving eureka endpoints via configuration
2026-08-24T11:20:08.280+01:00  INFO 24920 --- [schools-portal] [rap-executor-%d] c.n.d.s.r.a.ConfigClusterResolver        : Resolving eureka endpoints via configuration
2026-08-24T11:25:08.283+01:00  INFO 24920 --- [schools-portal] [rap-executor-%d] c.n.d.s.r.a.ConfigClusterResolver        : Resolving eureka endpoints via configuration
2026-08-24T11:30:08.287+01:00  INFO 24920 --- [schools-portal] [rap-executor-%d] c.n.d.s.r.a.ConfigClusterResolver        : Resolving eureka endpoints via configuration
2026-08-24T11:35:08.290+01:00  INFO 24920 --- [schools-portal] [rap-executor-%d] c.n.d.s.r.a.ConfigClusterResolver        : Resolving eureka endpoints via configuration
2026-08-24T11:40:08.292+01:00  INFO 24920 --- [schools-portal] [rap-executor-%d] c.n.d.s.r.a.ConfigClusterResolver        : Resolving eureka endpoints via configuration
2026-08-24T11:45:08.295+01:00  INFO 24920 --- [schools-portal] [rap-executor-%d] c.n.d.s.r.a.ConfigClusterResolver        : Resolving eureka endpoints via configuration
2026-08-24T11:50:08.298+01:00  INFO 24920 --- [schools-portal] [rap-executor-%d] c.n.d.s.r.a.ConfigClusterResolver        : Resolving eureka endpoints via configuration
2026-08-24T11:55:08.301+01:00  INFO 24920 --- [schools-portal] [rap-executor-%d] c.n.d.s.r.a.ConfigClusterResolver        : Resolving eureka endpoints via configuration
2026-08-24T12:00:08.304+01:00  INFO 24920 --- [schools-portal] [rap-executor-%d] c.n.d.s.r.a.ConfigClusterResolver        : Resolving eureka endpoints via configuration
2026-08-24T12:05:08.308+01:00  INFO 24920 --- [schools-portal] [rap-executor-%d] c.n.d.s.r.a.ConfigClusterResolver        : Resolving eureka endpoints via configuration
2026-08-24T12:10:08.312+01:00  INFO 24920 --- [schools-portal] [rap-executor-%d] c.n.d.s.r.a.ConfigClusterResolver        : Resolving eureka endpoints via configuration
2026-08-24T12:15:08.316+01:00  INFO 24920 --- [schools-portal] [rap-executor-%d] c.n.d.s.r.a.ConfigClusterResolver        : Resolving eureka endpoints via configuration
2026-08-24T12:20:08.318+01:00  INFO 24920 --- [schools-portal] [rap-executor-%d] c.n.d.s.r.a.ConfigClusterResolver        : Resolving eureka endpoints via configuration
2026-08-24T12:25:08.321+01:00  INFO 24920 --- [schools-portal] [rap-executor-%d] c.n.d.s.r.a.ConfigClusterResolver        : Resolving eureka endpoints via configuration
2026-08-24T12:30:08.324+01:00  INFO 24920 --- [schools-portal] [rap-executor-%d] c.n.d.s.r.a.ConfigClusterResolver        : Resolving eureka endpoints via configuration
2026-08-24T12:35:08.327+01:00  INFO 24920 --- [schools-portal] [rap-executor-%d] c.n.d.s.r.a.ConfigClusterResolver        : Resolving eureka endpoints via configuration
2026-08-24T12:40:08.330+01:00  INFO 24920 --- [schools-portal] [rap-executor-%d] c.n.d.s.r.a.ConfigClusterResolver        : Resolving eureka endpoints via configuration
2026-08-24T12:45:08.333+01:00  INFO 24920 --- [schools-portal] [rap-executor-%d] c.n.d.s.r.a.ConfigClusterResolver        : Resolving eureka endpoints via configuration
2026-08-24T12:50:08.335+01:00  INFO 24920 --- [schools-portal] [rap-executor-%d] c.n.d.s.r.a.ConfigClusterResolver        : Resolving eureka endpoints via configuration
2026-08-24T12:55:08.338+01:00  INFO 24920 --- [schools-portal] [rap-executor-%d] c.n.d.s.r.a.ConfigClusterResolver        : Resolving eureka endpoints via configuration
2026-08-24T13:00:08.340+01:00  INFO 24920 --- [schools-portal] [rap-executor-%d] c.n.d.s.r.a.ConfigClusterResolver        : Resolving eureka endpoints via configuration
2026-08-24T13:05:08.343+01:00  INFO 24920 --- [schools-portal] [rap-executor-%d] c.n.d.s.r.a.ConfigClusterResolver        : Resolving eureka endpoints via configuration
2026-08-24T13:10:08.346+01:00  INFO 24920 --- [schools-portal] [rap-executor-%d] c.n.d.s.r.a.ConfigClusterResolver        : Resolving eureka endpoints via configuration
2026-08-24T13:15:08.349+01:00  INFO 24920 --- [schools-portal] [rap-executor-%d] c.n.d.s.r.a.ConfigClusterResolver        : Resolving eureka endpoints via configuration
2026-08-24T13:20:08.352+01:00  INFO 24920 --- [schools-portal] [rap-executor-%d] c.n.d.s.r.a.ConfigClusterResolver        : Resolving eureka endpoints via configuration
2026-08-24T13:25:08.355+01:00  INFO 24920 --- [schools-portal] [rap-executor-%d] c.n.d.s.r.a.ConfigClusterResolver        : Resolving eureka endpoints via configuration
2026-08-24T13:30:08.357+01:00  INFO 24920 --- [schools-portal] [rap-executor-%d] c.n.d.s.r.a.ConfigClusterResolver        : Resolving eureka endpoints via configuration
2026-08-24T13:35:08.360+01:00  INFO 24920 --- [schools-portal] [rap-executor-%d] c.n.d.s.r.a.ConfigClusterResolver        : Resolving eureka endpoints via configuration
2026-08-24T13:40:08.362+01:00  INFO 24920 --- [schools-portal] [rap-executor-%d] c.n.d.s.r.a.ConfigClusterResolver        : Resolving eureka endpoints via configuration
2026-08-24T13:45:08.366+01:00  INFO 24920 --- [schools-portal] [rap-executor-%d] c.n.d.s.r.a.ConfigClusterResolver        : Resolving eureka endpoints via configuration
2026-08-24T13:50:08.370+01:00  INFO 24920 --- [schools-portal] [rap-executor-%d] c.n.d.s.r.a.ConfigClusterResolver        : Resolving eureka endpoints via configuration
2026-08-24T13:55:08.372+01:00  INFO 24920 --- [schools-portal] [rap-executor-%d] c.n.d.s.r.a.ConfigClusterResolver        : Resolving eureka endpoints via configuration
2026-08-24T14:00:08.376+01:00  INFO 24920 --- [schools-portal] [rap-executor-%d] c.n.d.s.r.a.ConfigClusterResolver        : Resolving eureka endpoints via configuration
2026-08-24T14:05:08.379+01:00  INFO 24920 --- [schools-portal] [rap-executor-%d] c.n.d.s.r.a.ConfigClusterResolver        : Resolving eureka endpoints via configuration
2026-08-24T14:10:08.382+01:00  INFO 24920 --- [schools-portal] [rap-executor-%d] c.n.d.s.r.a.ConfigClusterResolver        : Resolving eureka endpoints via configuration
2026-08-24T14:15:08.386+01:00  INFO 24920 --- [schools-portal] [rap-executor-%d] c.n.d.s.r.a.ConfigClusterResolver        : Resolving eureka endpoints via configuration
2026-08-24T14:20:08.388+01:00  INFO 24920 --- [schools-portal] [rap-executor-%d] c.n.d.s.r.a.ConfigClusterResolver        : Resolving eureka endpoints via configuration
2026-08-24T14:25:08.391+01:00  INFO 24920 --- [schools-portal] [rap-executor-%d] c.n.d.s.r.a.ConfigClusterResolver        : Resolving eureka endpoints via configuration
2026-08-24T14:30:08.394+01:00  INFO 24920 --- [schools-portal] [rap-executor-%d] c.n.d.s.r.a.ConfigClusterResolver        : Resolving eureka endpoints via configuration
2026-08-24T14:35:08.398+01:00  INFO 24920 --- [schools-portal] [rap-executor-%d] c.n.d.s.r.a.ConfigClusterResolver        : Resolving eureka endpoints via configuration
2026-08-24T14:40:08.400+01:00  INFO 24920 --- [schools-portal] [rap-executor-%d] c.n.d.s.r.a.ConfigClusterResolver        : Resolving eureka endpoints via configuration
2026-08-24T14:45:08.404+01:00  INFO 24920 --- [schools-portal] [rap-executor-%d] c.n.d.s.r.a.ConfigClusterResolver        : Resolving eureka endpoints via configuration
2026-08-24T14:50:08.407+01:00  INFO 24920 --- [schools-portal] [rap-executor-%d] c.n.d.s.r.a.ConfigClusterResolver        : Resolving eureka endpoints via configuration
2026-08-24T14:55:08.410+01:00  INFO 24920 --- [schools-portal] [rap-executor-%d] c.n.d.s.r.a.ConfigClusterResolver        : Resolving eureka endpoints via configuration
2026-08-24T15:00:08.414+01:00  INFO 24920 --- [schools-portal] [rap-executor-%d] c.n.d.s.r.a.ConfigClusterResolver        : Resolving eureka endpoints via configuration
2026-08-24T15:05:08.417+01:00  INFO 24920 --- [schools-portal] [rap-executor-%d] c.n.d.s.r.a.ConfigClusterResolver        : Resolving eureka endpoints via configuration
2026-08-24T15:10:08.420+01:00  INFO 24920 --- [schools-portal] [rap-executor-%d] c.n.d.s.r.a.ConfigClusterResolver        : Resolving eureka endpoints via configuration
2026-08-24T15:15:08.423+01:00  INFO 24920 --- [schools-portal] [rap-executor-%d] c.n.d.s.r.a.ConfigClusterResolver        : Resolving eureka endpoints via configuration
2026-08-24T15:20:08.427+01:00  INFO 24920 --- [schools-portal] [rap-executor-%d] c.n.d.s.r.a.ConfigClusterResolver        : Resolving eureka endpoints via configuration
2026-08-24T15:25:08.430+01:00  INFO 24920 --- [schools-portal] [rap-executor-%d] c.n.d.s.r.a.ConfigClusterResolver        : Resolving eureka endpoints via configuration
2026-08-24T15:30:08.433+01:00  INFO 24920 --- [schools-portal] [rap-executor-%d] c.n.d.s.r.a.ConfigClusterResolver        : Resolving eureka endpoints via configuration
2026-08-24T15:35:08.436+01:00  INFO 24920 --- [schools-portal] [rap-executor-%d] c.n.d.s.r.a.ConfigClusterResolver        : Resolving eureka endpoints via configuration
2026-08-24T15:40:08.438+01:00  INFO 24920 --- [schools-portal] [rap-executor-%d] c.n.d.s.r.a.ConfigClusterResolver        : Resolving eureka endpoints via configuration
2026-08-24T15:45:08.441+01:00  INFO 24920 --- [schools-portal] [rap-executor-%d] c.n.d.s.r.a.ConfigClusterResolver        : Resolving eureka endpoints via configuration
2026-08-24T15:50:08.443+01:00  INFO 24920 --- [schools-portal] [rap-executor-%d] c.n.d.s.r.a.ConfigClusterResolver        : Resolving eureka endpoints via configuration
2026-08-24T15:55:08.447+01:00  INFO 24920 --- [schools-portal] [rap-executor-%d] c.n.d.s.r.a.ConfigClusterResolver        : Resolving eureka endpoints via configuration
2026-08-24T16:00:08.452+01:00  INFO 24920 --- [schools-portal] [rap-executor-%d] c.n.d.s.r.a.ConfigClusterResolver        : Resolving eureka endpoints via configuration
2026-08-24T16:05:08.455+01:00  INFO 24920 --- [schools-portal] [rap-executor-%d] c.n.d.s.r.a.ConfigClusterResolver        : Resolving eureka endpoints via configuration
2026-08-24T16:10:08.458+01:00  INFO 24920 --- [schools-portal] [rap-executor-%d] c.n.d.s.r.a.ConfigClusterResolver        : Resolving eureka endpoints via configuration
2026-08-24T16:15:08.462+01:00  INFO 24920 --- [schools-portal] [rap-executor-%d] c.n.d.s.r.a.ConfigClusterResolver        : Resolving eureka endpoints via configuration
2026-08-24T16:20:08.465+01:00  INFO 24920 --- [schools-portal] [rap-executor-%d] c.n.d.s.r.a.ConfigClusterResolver        : Resolving eureka endpoints via configuration
2026-08-24T16:25:08.468+01:00  INFO 24920 --- [schools-portal] [rap-executor-%d] c.n.d.s.r.a.ConfigClusterResolver        : Resolving eureka endpoints via configuration
2026-08-24T16:30:08.470+01:00  INFO 24920 --- [schools-portal] [rap-executor-%d] c.n.d.s.r.a.ConfigClusterResolver        : Resolving eureka endpoints via configuration
2026-08-24T16:35:08.474+01:00  INFO 24920 --- [schools-portal] [rap-executor-%d] c.n.d.s.r.a.ConfigClusterResolver        : Resolving eureka endpoints via configuration
2026-08-24T16:39:30.585+01:00  INFO 24920 --- [schools-portal] [nio-8024-exec-1] o.s.w.s.DispatcherServlet                : Initializing Servlet 'dispatcherServlet'
2026-08-24T16:39:30.590+01:00  INFO 24920 --- [schools-portal] [nio-8024-exec-1] o.s.w.s.DispatcherServlet                : Completed initialization in 4 ms
2026-08-24T16:39:31.444+01:00 ERROR 24920 --- [schools-portal] [nio-8024-exec-9] u.c.c.i.s.p.RequestForwardingInterceptor : A request has been failed to serve due to service is not ready: impulseservices/api/user/translations :  
2026-08-24T16:39:31.444+01:00 ERROR 24920 --- [schools-portal] [io-8024-exec-10] u.c.c.i.s.p.RequestForwardingInterceptor : A request has been failed to serve due to service is not ready: impulseservices/api/impulse-config/SCH_PR_RES :  
2026-08-24T16:40:08.477+01:00  INFO 24920 --- [schools-portal] [rap-executor-%d] c.n.d.s.r.a.ConfigClusterResolver        : Resolving eureka endpoints via configuration
2026-08-24T16:45:08.480+01:00  INFO 24920 --- [schools-portal] [rap-executor-%d] c.n.d.s.r.a.ConfigClusterResolver        : Resolving eureka endpoints via configuration
2026-08-24T16:50:08.483+01:00  INFO 24920 --- [schools-portal] [rap-executor-%d] c.n.d.s.r.a.ConfigClusterResolver        : Resolving eureka endpoints via configuration
2026-08-24T16:55:08.485+01:00  INFO 24920 --- [schools-portal] [rap-executor-%d] c.n.d.s.r.a.ConfigClusterResolver        : Resolving eureka endpoints via configuration
2026-08-24T17:00:08.488+01:00  INFO 24920 --- [schools-portal] [rap-executor-%d] c.n.d.s.r.a.ConfigClusterResolver        : Resolving eureka endpoints via configuration
2026-08-24T17:05:08.491+01:00  INFO 24920 --- [schools-portal] [rap-executor-%d] c.n.d.s.r.a.ConfigClusterResolver        : Resolving eureka endpoints via configuration
2026-08-24T17:10:08.495+01:00  INFO 24920 --- [schools-portal] [rap-executor-%d] c.n.d.s.r.a.ConfigClusterResolver        : Resolving eureka endpoints via configuration
2026-08-24T17:15:08.497+01:00  INFO 24920 --- [schools-portal] [rap-executor-%d] c.n.d.s.r.a.ConfigClusterResolver        : Resolving eureka endpoints via configuration
2026-08-24T17:20:08.499+01:00  INFO 24920 --- [schools-portal] [rap-executor-%d] c.n.d.s.r.a.ConfigClusterResolver        : Resolving eureka endpoints via configuration
2026-08-24T17:25:08.501+01:00  INFO 24920 --- [schools-portal] [rap-executor-%d] c.n.d.s.r.a.ConfigClusterResolver        : Resolving eureka endpoints via configuration
2026-08-24T17:30:08.504+01:00  INFO 24920 --- [schools-portal] [rap-executor-%d] c.n.d.s.r.a.ConfigClusterResolver        : Resolving eureka endpoints via configuration
2026-08-24T17:35:08.507+01:00  INFO 24920 --- [schools-portal] [rap-executor-%d] c.n.d.s.r.a.ConfigClusterResolver        : Resolving eureka endpoints via configuration
2026-08-24T17:40:08.510+01:00  INFO 24920 --- [schools-portal] [rap-executor-%d] c.n.d.s.r.a.ConfigClusterResolver        : Resolving eureka endpoints via configuration
2026-08-24T17:45:08.515+01:00  INFO 24920 --- [schools-portal] [rap-executor-%d] c.n.d.s.r.a.ConfigClusterResolver        : Resolving eureka endpoints via configuration
2026-08-24T17:50:08.518+01:00  INFO 24920 --- [schools-portal] [rap-executor-%d] c.n.d.s.r.a.ConfigClusterResolver        : Resolving eureka endpoints via configuration
2026-08-24T17:55:08.522+01:00  INFO 24920 --- [schools-portal] [rap-executor-%d] c.n.d.s.r.a.ConfigClusterResolver        : Resolving eureka endpoints via configuration
2026-08-24T18:00:08.524+01:00  INFO 24920 --- [schools-portal] [rap-executor-%d] c.n.d.s.r.a.ConfigClusterResolver        : Resolving eureka endpoints via configuration
2026-08-24T18:05:08.528+01:00  INFO 24920 --- [schools-portal] [rap-executor-%d] c.n.d.s.r.a.ConfigClusterResolver        : Resolving eureka endpoints via configuration
2026-08-24T18:10:08.531+01:00  INFO 24920 --- [schools-portal] [rap-executor-%d] c.n.d.s.r.a.ConfigClusterResolver        : Resolving eureka endpoints via configuration
2026-08-24T18:15:08.534+01:00  INFO 24920 --- [schools-portal] [rap-executor-%d] c.n.d.s.r.a.ConfigClusterResolver        : Resolving eureka endpoints via configuration
2026-08-24T18:20:08.537+01:00  INFO 24920 --- [schools-portal] [rap-executor-%d] c.n.d.s.r.a.ConfigClusterResolver        : Resolving eureka endpoints via configuration
2026-08-24T18:21:03.668+01:00 ERROR 24920 --- [schools-portal] [nio-8024-exec-8] u.c.c.i.s.p.RequestForwardingInterceptor : A request has been failed to serve due to service is not ready: impulseservices/api/user/translations :  
2026-08-24T18:21:03.679+01:00 ERROR 24920 --- [schools-portal] [nio-8024-exec-9] u.c.c.i.s.p.RequestForwardingInterceptor : A request has been failed to serve due to service is not ready: impulseservices/api/impulse-config/SCH_PR_RES :  
2026-08-24T18:25:08.540+01:00  INFO 24920 --- [schools-portal] [rap-executor-%d] c.n.d.s.r.a.ConfigClusterResolver        : Resolving eureka endpoints via configuration
2026-08-24T18:30:08.543+01:00  INFO 24920 --- [schools-portal] [rap-executor-%d] c.n.d.s.r.a.ConfigClusterResolver        : Resolving eureka endpoints via configuration
2026-08-24T18:35:08.546+01:00  INFO 24920 --- [schools-portal] [rap-executor-%d] c.n.d.s.r.a.ConfigClusterResolver        : Resolving eureka endpoints via configuration
2026-08-24T18:40:08.548+01:00  INFO 24920 --- [schools-portal] [rap-executor-%d] c.n.d.s.r.a.ConfigClusterResolver        : Resolving eureka endpoints via configuration
2026-08-24T18:45:08.550+01:00  INFO 24920 --- [schools-portal] [rap-executor-%d] c.n.d.s.r.a.ConfigClusterResolver        : Resolving eureka endpoints via configuration
2026-08-24T18:50:08.553+01:00  INFO 24920 --- [schools-portal] [rap-executor-%d] c.n.d.s.r.a.ConfigClusterResolver        : Resolving eureka endpoints via configuration
2026-08-24T18:55:08.556+01:00  INFO 24920 --- [schools-portal] [rap-executor-%d] c.n.d.s.r.a.ConfigClusterResolver        : Resolving eureka endpoints via configuration
2026-08-24T19:00:08.560+01:00  INFO 24920 --- [schools-portal] [rap-executor-%d] c.n.d.s.r.a.ConfigClusterResolver        : Resolving eureka endpoints via configuration
2026-08-24T19:05:08.563+01:00  INFO 24920 --- [schools-portal] [rap-executor-%d] c.n.d.s.r.a.ConfigClusterResolver        : Resolving eureka endpoints via configuration
2026-08-24T19:10:08.565+01:00  INFO 24920 --- [schools-portal] [rap-executor-%d] c.n.d.s.r.a.ConfigClusterResolver        : Resolving eureka endpoints via configuration
2026-08-24T19:15:08.568+01:00  INFO 24920 --- [schools-portal] [rap-executor-%d] c.n.d.s.r.a.ConfigClusterResolver        : Resolving eureka endpoints via configuration
2026-08-24T19:20:08.571+01:00  INFO 24920 --- [schools-portal] [rap-executor-%d] c.n.d.s.r.a.ConfigClusterResolver        : Resolving eureka endpoints via configuration
2026-08-24T19:25:08.574+01:00  INFO 24920 --- [schools-portal] [rap-executor-%d] c.n.d.s.r.a.ConfigClusterResolver        : Resolving eureka endpoints via configuration
2026-08-24T19:30:08.577+01:00  INFO 24920 --- [schools-portal] [rap-executor-%d] c.n.d.s.r.a.ConfigClusterResolver        : Resolving eureka endpoints via configuration
2026-08-24T19:35:08.580+01:00  INFO 24920 --- [schools-portal] [rap-executor-%d] c.n.d.s.r.a.ConfigClusterResolver        : Resolving eureka endpoints via configuration
2026-08-24T19:40:08.583+01:00  INFO 24920 --- [schools-portal] [rap-executor-%d] c.n.d.s.r.a.ConfigClusterResolver        : Resolving eureka endpoints via configuration
2026-08-24T19:45:08.586+01:00  INFO 24920 --- [schools-portal] [rap-executor-%d] c.n.d.s.r.a.ConfigClusterResolver        : Resolving eureka endpoints via configuration
2026-08-24T19:50:08.589+01:00  INFO 24920 --- [schools-portal] [rap-executor-%d] c.n.d.s.r.a.ConfigClusterResolver        : Resolving eureka endpoints via configuration
2026-08-24T19:55:08.592+01:00  INFO 24920 --- [schools-portal] [rap-executor-%d] c.n.d.s.r.a.ConfigClusterResolver        : Resolving eureka endpoints via configuration
2026-08-24T20:00:08.594+01:00  INFO 24920 --- [schools-portal] [rap-executor-%d] c.n.d.s.r.a.ConfigClusterResolver        : Resolving eureka endpoints via configuration
2026-08-24T20:05:08.597+01:00  INFO 24920 --- [schools-portal] [rap-executor-%d] c.n.d.s.r.a.ConfigClusterResolver        : Resolving eureka endpoints via configuration
2026-08-24T20:10:08.599+01:00  INFO 24920 --- [schools-portal] [rap-executor-%d] c.n.d.s.r.a.ConfigClusterResolver        : Resolving eureka endpoints via configuration
2026-08-24T20:15:08.603+01:00  INFO 24920 --- [schools-portal] [rap-executor-%d] c.n.d.s.r.a.ConfigClusterResolver        : Resolving eureka endpoints via configuration
2026-08-24T20:20:08.606+01:00  INFO 24920 --- [schools-portal] [rap-executor-%d] c.n.d.s.r.a.ConfigClusterResolver        : Resolving eureka endpoints via configuration
2026-08-24T20:25:08.609+01:00  INFO 24920 --- [schools-portal] [rap-executor-%d] c.n.d.s.r.a.ConfigClusterResolver        : Resolving eureka endpoints via configuration
2026-08-24T20:30:08.612+01:00  INFO 24920 --- [schools-portal] [rap-executor-%d] c.n.d.s.r.a.ConfigClusterResolver        : Resolving eureka endpoints via configuration
2026-08-24T20:35:08.615+01:00  INFO 24920 --- [schools-portal] [rap-executor-%d] c.n.d.s.r.a.ConfigClusterResolver        : Resolving eureka endpoints via configuration
2026-08-24T20:40:08.618+01:00  INFO 24920 --- [schools-portal] [rap-executor-%d] c.n.d.s.r.a.ConfigClusterResolver        : Resolving eureka endpoints via configuration
2026-08-24T20:45:08.621+01:00  INFO 24920 --- [schools-portal] [rap-executor-%d] c.n.d.s.r.a.ConfigClusterResolver        : Resolving eureka endpoints via configuration
2026-08-24T20:50:08.624+01:00  INFO 24920 --- [schools-portal] [rap-executor-%d] c.n.d.s.r.a.ConfigClusterResolver        : Resolving eureka endpoints via configuration
2026-08-24T20:55:08.627+01:00  INFO 24920 --- [schools-portal] [rap-executor-%d] c.n.d.s.r.a.ConfigClusterResolver        : Resolving eureka endpoints via configuration
2026-08-24T21:00:08.631+01:00  INFO 24920 --- [schools-portal] [rap-executor-%d] c.n.d.s.r.a.ConfigClusterResolver        : Resolving eureka endpoints via configuration
2026-08-24T21:05:08.634+01:00  INFO 24920 --- [schools-portal] [rap-executor-%d] c.n.d.s.r.a.ConfigClusterResolver        : Resolving eureka endpoints via configuration
2026-08-24T21:10:08.638+01:00  INFO 24920 --- [schools-portal] [rap-executor-%d] c.n.d.s.r.a.ConfigClusterResolver        : Resolving eureka endpoints via configuration
2026-08-24T21:15:08.640+01:00  INFO 24920 --- [schools-portal] [rap-executor-%d] c.n.d.s.r.a.ConfigClusterResolver        : Resolving eureka endpoints via configuration
2026-08-24T21:20:08.642+01:00  INFO 24920 --- [schools-portal] [rap-executor-%d] c.n.d.s.r.a.ConfigClusterResolver        : Resolving eureka endpoints via configuration
2026-08-24T21:25:08.646+01:00  INFO 24920 --- [schools-portal] [rap-executor-%d] c.n.d.s.r.a.ConfigClusterResolver        : Resolving eureka endpoints via configuration
2026-08-24T21:30:08.649+01:00  INFO 24920 --- [schools-portal] [rap-executor-%d] c.n.d.s.r.a.ConfigClusterResolver        : Resolving eureka endpoints via configuration
2026-08-24T21:35:08.652+01:00  INFO 24920 --- [schools-portal] [rap-executor-%d] c.n.d.s.r.a.ConfigClusterResolver        : Resolving eureka endpoints via configuration
2026-08-24T21:40:08.654+01:00  INFO 24920 --- [schools-portal] [rap-executor-%d] c.n.d.s.r.a.ConfigClusterResolver        : Resolving eureka endpoints via configuration
2026-08-24T21:45:08.657+01:00  INFO 24920 --- [schools-portal] [rap-executor-%d] c.n.d.s.r.a.ConfigClusterResolver        : Resolving eureka endpoints via configuration
2026-08-24T21:50:08.661+01:00  INFO 24920 --- [schools-portal] [rap-executor-%d] c.n.d.s.r.a.ConfigClusterResolver        : Resolving eureka endpoints via configuration
2026-08-24T21:55:08.664+01:00  INFO 24920 --- [schools-portal] [rap-executor-%d] c.n.d.s.r.a.ConfigClusterResolver        : Resolving eureka endpoints via configuration
2026-08-24T22:00:08.667+01:00  INFO 24920 --- [schools-portal] [rap-executor-%d] c.n.d.s.r.a.ConfigClusterResolver        : Resolving eureka endpoints via configuration
2026-08-24T22:05:08.670+01:00  INFO 24920 --- [schools-portal] [rap-executor-%d] c.n.d.s.r.a.ConfigClusterResolver        : Resolving eureka endpoints via configuration
2026-08-24T22:10:08.672+01:00  INFO 24920 --- [schools-portal] [rap-executor-%d] c.n.d.s.r.a.ConfigClusterResolver        : Resolving eureka endpoints via configuration
2026-08-24T22:15:08.675+01:00  INFO 24920 --- [schools-portal] [rap-executor-%d] c.n.d.s.r.a.ConfigClusterResolver        : Resolving eureka endpoints via configuration
2026-08-24T22:20:08.677+01:00  INFO 24920 --- [schools-portal] [rap-executor-%d] c.n.d.s.r.a.ConfigClusterResolver        : Resolving eureka endpoints via configuration
2026-08-24T22:25:08.680+01:00  INFO 24920 --- [schools-portal] [rap-executor-%d] c.n.d.s.r.a.ConfigClusterResolver        : Resolving eureka endpoints via configuration
2026-08-24T22:30:08.683+01:00  INFO 24920 --- [schools-portal] [rap-executor-%d] c.n.d.s.r.a.ConfigClusterResolver        : Resolving eureka endpoints via configuration
2026-08-24T22:35:08.686+01:00  INFO 24920 --- [schools-portal] [rap-executor-%d] c.n.d.s.r.a.ConfigClusterResolver        : Resolving eureka endpoints via configuration
2026-08-24T22:40:08.690+01:00  INFO 24920 --- [schools-portal] [rap-executor-%d] c.n.d.s.r.a.ConfigClusterResolver        : Resolving eureka endpoints via configuration
2026-08-24T22:45:08.693+01:00  INFO 24920 --- [schools-portal] [rap-executor-%d] c.n.d.s.r.a.ConfigClusterResolver        : Resolving eureka endpoints via configuration
2026-08-24T22:50:08.695+01:00  INFO 24920 --- [schools-portal] [rap-executor-%d] c.n.d.s.r.a.ConfigClusterResolver        : Resolving eureka endpoints via configuration
2026-08-24T22:55:08.699+01:00  INFO 24920 --- [schools-portal] [rap-executor-%d] c.n.d.s.r.a.ConfigClusterResolver        : Resolving eureka endpoints via configuration
2026-08-24T23:00:08.701+01:00  INFO 24920 --- [schools-portal] [rap-executor-%d] c.n.d.s.r.a.ConfigClusterResolver        : Resolving eureka endpoints via configuration
2026-08-24T23:05:08.704+01:00  INFO 24920 --- [schools-portal] [rap-executor-%d] c.n.d.s.r.a.ConfigClusterResolver        : Resolving eureka endpoints via configuration
2026-08-24T23:10:08.708+01:00  INFO 24920 --- [schools-portal] [rap-executor-%d] c.n.d.s.r.a.ConfigClusterResolver        : Resolving eureka endpoints via configuration
2026-08-24T23:15:08.712+01:00  INFO 24920 --- [schools-portal] [rap-executor-%d] c.n.d.s.r.a.ConfigClusterResolver        : Resolving eureka endpoints via configuration
2026-08-24T23:20:08.715+01:00  INFO 24920 --- [schools-portal] [rap-executor-%d] c.n.d.s.r.a.ConfigClusterResolver        : Resolving eureka endpoints via configuration
2026-08-24T23:25:08.717+01:00  INFO 24920 --- [schools-portal] [rap-executor-%d] c.n.d.s.r.a.ConfigClusterResolver        : Resolving eureka endpoints via configuration
2026-08-24T23:30:08.720+01:00  INFO 24920 --- [schools-portal] [rap-executor-%d] c.n.d.s.r.a.ConfigClusterResolver        : Resolving eureka endpoints via configuration
2026-08-24T23:35:08.724+01:00  INFO 24920 --- [schools-portal] [rap-executor-%d] c.n.d.s.r.a.ConfigClusterResolver        : Resolving eureka endpoints via configuration
2026-08-24T23:40:08.727+01:00  INFO 24920 --- [schools-portal] [rap-executor-%d] c.n.d.s.r.a.ConfigClusterResolver        : Resolving eureka endpoints via configuration
2026-08-24T23:45:08.731+01:00  INFO 24920 --- [schools-portal] [rap-executor-%d] c.n.d.s.r.a.ConfigClusterResolver        : Resolving eureka endpoints via configuration
2026-08-24T23:50:08.735+01:00  INFO 24920 --- [schools-portal] [rap-executor-%d] c.n.d.s.r.a.ConfigClusterResolver        : Resolving eureka endpoints via configuration
2026-08-24T23:55:08.738+01:00  INFO 24920 --- [schools-portal] [rap-executor-%d] c.n.d.s.r.a.ConfigClusterResolver        : Resolving eureka endpoints via configuration
2026-08-25T00:00:08.741+01:00  INFO 24920 --- [schools-portal] [rap-executor-%d] c.n.d.s.r.a.ConfigClusterResolver        : Resolving eureka endpoints via configuration
2026-08-25T00:05:08.747+01:00  INFO 24920 --- [schools-portal] [rap-executor-%d] c.n.d.s.r.a.ConfigClusterResolver        : Resolving eureka endpoints via configuration
2026-08-25T00:10:08.750+01:00  INFO 24920 --- [schools-portal] [rap-executor-%d] c.n.d.s.r.a.ConfigClusterResolver        : Resolving eureka endpoints via configuration
2026-08-25T00:15:08.753+01:00  INFO 24920 --- [schools-portal] [rap-executor-%d] c.n.d.s.r.a.ConfigClusterResolver        : Resolving eureka endpoints via configuration
2026-08-25T00:20:08.756+01:00  INFO 24920 --- [schools-portal] [rap-executor-%d] c.n.d.s.r.a.ConfigClusterResolver        : Resolving eureka endpoints via configuration
2026-08-25T00:25:08.759+01:00  INFO 24920 --- [schools-portal] [rap-executor-%d] c.n.d.s.r.a.ConfigClusterResolver        : Resolving eureka endpoints via configuration
2026-08-25T00:30:08.763+01:00  INFO 24920 --- [schools-portal] [rap-executor-%d] c.n.d.s.r.a.ConfigClusterResolver        : Resolving eureka endpoints via configuration
2026-08-25T00:35:08.765+01:00  INFO 24920 --- [schools-portal] [rap-executor-%d] c.n.d.s.r.a.ConfigClusterResolver        : Resolving eureka endpoints via configuration
2026-08-25T00:40:08.768+01:00  INFO 24920 --- [schools-portal] [rap-executor-%d] c.n.d.s.r.a.ConfigClusterResolver        : Resolving eureka endpoints via configuration
2026-08-25T00:45:08.771+01:00  INFO 24920 --- [schools-portal] [rap-executor-%d] c.n.d.s.r.a.ConfigClusterResolver        : Resolving eureka endpoints via configuration
2026-08-25T00:50:08.774+01:00  INFO 24920 --- [schools-portal] [rap-executor-%d] c.n.d.s.r.a.ConfigClusterResolver        : Resolving eureka endpoints via configuration
2026-08-25T00:55:08.776+01:00  INFO 24920 --- [schools-portal] [rap-executor-%d] c.n.d.s.r.a.ConfigClusterResolver        : Resolving eureka endpoints via configuration
2026-08-25T01:00:08.779+01:00  INFO 24920 --- [schools-portal] [rap-executor-%d] c.n.d.s.r.a.ConfigClusterResolver        : Resolving eureka endpoints via configuration
2026-08-25T01:05:08.782+01:00  INFO 24920 --- [schools-portal] [rap-executor-%d] c.n.d.s.r.a.ConfigClusterResolver        : Resolving eureka endpoints via configuration
2026-08-25T01:10:08.785+01:00  INFO 24920 --- [schools-portal] [rap-executor-%d] c.n.d.s.r.a.ConfigClusterResolver        : Resolving eureka endpoints via configuration
2026-08-25T01:15:08.787+01:00  INFO 24920 --- [schools-portal] [rap-executor-%d] c.n.d.s.r.a.ConfigClusterResolver        : Resolving eureka endpoints via configuration
2026-08-25T01:20:08.790+01:00  INFO 24920 --- [schools-portal] [rap-executor-%d] c.n.d.s.r.a.ConfigClusterResolver        : Resolving eureka endpoints via configuration
2026-08-25T01:25:08.793+01:00  INFO 24920 --- [schools-portal] [rap-executor-%d] c.n.d.s.r.a.ConfigClusterResolver        : Resolving eureka endpoints via configuration
2026-08-25T01:30:08.797+01:00  INFO 24920 --- [schools-portal] [rap-executor-%d] c.n.d.s.r.a.ConfigClusterResolver        : Resolving eureka endpoints via configuration
2026-08-25T01:35:08.800+01:00  INFO 24920 --- [schools-portal] [rap-executor-%d] c.n.d.s.r.a.ConfigClusterResolver        : Resolving eureka endpoints via configuration
2026-08-25T01:40:08.803+01:00  INFO 24920 --- [schools-portal] [rap-executor-%d] c.n.d.s.r.a.ConfigClusterResolver        : Resolving eureka endpoints via configuration
2026-08-25T01:45:08.806+01:00  INFO 24920 --- [schools-portal] [rap-executor-%d] c.n.d.s.r.a.ConfigClusterResolver        : Resolving eureka endpoints via configuration
2026-08-25T01:50:08.809+01:00  INFO 24920 --- [schools-portal] [rap-executor-%d] c.n.d.s.r.a.ConfigClusterResolver        : Resolving eureka endpoints via configuration
2026-08-25T01:55:08.811+01:00  INFO 24920 --- [schools-portal] [rap-executor-%d] c.n.d.s.r.a.ConfigClusterResolver        : Resolving eureka endpoints via configuration
2026-08-25T02:00:08.813+01:00  INFO 24920 --- [schools-portal] [rap-executor-%d] c.n.d.s.r.a.ConfigClusterResolver        : Resolving eureka endpoints via configuration
2026-08-25T02:05:08.816+01:00  INFO 24920 --- [schools-portal] [rap-executor-%d] c.n.d.s.r.a.ConfigClusterResolver        : Resolving eureka endpoints via configuration
2026-08-25T02:10:08.820+01:00  INFO 24920 --- [schools-portal] [rap-executor-%d] c.n.d.s.r.a.ConfigClusterResolver        : Resolving eureka endpoints via configuration
2026-08-25T02:15:08.823+01:00  INFO 24920 --- [schools-portal] [rap-executor-%d] c.n.d.s.r.a.ConfigClusterResolver        : Resolving eureka endpoints via configuration
2026-08-25T02:20:08.827+01:00  INFO 24920 --- [schools-portal] [rap-executor-%d] c.n.d.s.r.a.ConfigClusterResolver        : Resolving eureka endpoints via configuration
2026-08-25T02:25:08.830+01:00  INFO 24920 --- [schools-portal] [rap-executor-%d] c.n.d.s.r.a.ConfigClusterResolver        : Resolving eureka endpoints via configuration
2026-08-25T02:30:08.834+01:00  INFO 24920 --- [schools-portal] [rap-executor-%d] c.n.d.s.r.a.ConfigClusterResolver        : Resolving eureka endpoints via configuration
2026-08-25T02:35:08.837+01:00  INFO 24920 --- [schools-portal] [rap-executor-%d] c.n.d.s.r.a.ConfigClusterResolver        : Resolving eureka endpoints via configuration
2026-08-25T02:40:08.840+01:00  INFO 24920 --- [schools-portal] [rap-executor-%d] c.n.d.s.r.a.ConfigClusterResolver        : Resolving eureka endpoints via configuration
2026-08-25T02:45:08.843+01:00  INFO 24920 --- [schools-portal] [rap-executor-%d] c.n.d.s.r.a.ConfigClusterResolver        : Resolving eureka endpoints via configuration
2026-08-25T02:50:08.846+01:00  INFO 24920 --- [schools-portal] [rap-executor-%d] c.n.d.s.r.a.ConfigClusterResolver        : Resolving eureka endpoints via configuration
2026-08-25T02:55:08.849+01:00  INFO 24920 --- [schools-portal] [rap-executor-%d] c.n.d.s.r.a.ConfigClusterResolver        : Resolving eureka endpoints via configuration
2026-08-25T03:00:08.852+01:00  INFO 24920 --- [schools-portal] [rap-executor-%d] c.n.d.s.r.a.ConfigClusterResolver        : Resolving eureka endpoints via configuration
2026-08-25T03:05:08.855+01:00  INFO 24920 --- [schools-portal] [rap-executor-%d] c.n.d.s.r.a.ConfigClusterResolver        : Resolving eureka endpoints via configuration
2026-08-25T03:10:08.858+01:00  INFO 24920 --- [schools-portal] [rap-executor-%d] c.n.d.s.r.a.ConfigClusterResolver        : Resolving eureka endpoints via configuration
2026-08-25T03:15:08.860+01:00  INFO 24920 --- [schools-portal] [rap-executor-%d] c.n.d.s.r.a.ConfigClusterResolver        : Resolving eureka endpoints via configuration
2026-08-25T03:20:08.863+01:00  INFO 24920 --- [schools-portal] [rap-executor-%d] c.n.d.s.r.a.ConfigClusterResolver        : Resolving eureka endpoints via configuration
2026-08-25T03:25:08.865+01:00  INFO 24920 --- [schools-portal] [rap-executor-%d] c.n.d.s.r.a.ConfigClusterResolver        : Resolving eureka endpoints via configuration
2026-08-25T03:30:08.867+01:00  INFO 24920 --- [schools-portal] [rap-executor-%d] c.n.d.s.r.a.ConfigClusterResolver        : Resolving eureka endpoints via configuration
2026-08-25T03:35:08.870+01:00  INFO 24920 --- [schools-portal] [rap-executor-%d] c.n.d.s.r.a.ConfigClusterResolver        : Resolving eureka endpoints via configuration
2026-08-25T03:40:08.872+01:00  INFO 24920 --- [schools-portal] [rap-executor-%d] c.n.d.s.r.a.ConfigClusterResolver        : Resolving eureka endpoints via configuration
2026-08-25T03:45:08.875+01:00  INFO 24920 --- [schools-portal] [rap-executor-%d] c.n.d.s.r.a.ConfigClusterResolver        : Resolving eureka endpoints via configuration
2026-08-25T03:50:08.877+01:00  INFO 24920 --- [schools-portal] [rap-executor-%d] c.n.d.s.r.a.ConfigClusterResolver        : Resolving eureka endpoints via configuration
2026-08-25T03:55:08.880+01:00  INFO 24920 --- [schools-portal] [rap-executor-%d] c.n.d.s.r.a.ConfigClusterResolver        : Resolving eureka endpoints via configuration
2026-08-25T04:00:08.882+01:00  INFO 24920 --- [schools-portal] [rap-executor-%d] c.n.d.s.r.a.ConfigClusterResolver        : Resolving eureka endpoints via configuration
2026-08-25T04:05:08.886+01:00  INFO 24920 --- [schools-portal] [rap-executor-%d] c.n.d.s.r.a.ConfigClusterResolver        : Resolving eureka endpoints via configuration
2026-08-25T04:10:08.889+01:00  INFO 24920 --- [schools-portal] [rap-executor-%d] c.n.d.s.r.a.ConfigClusterResolver        : Resolving eureka endpoints via configuration
2026-08-25T04:15:08.891+01:00  INFO 24920 --- [schools-portal] [rap-executor-%d] c.n.d.s.r.a.ConfigClusterResolver        : Resolving eureka endpoints via configuration
2026-08-25T04:20:08.894+01:00  INFO 24920 --- [schools-portal] [rap-executor-%d] c.n.d.s.r.a.ConfigClusterResolver        : Resolving eureka endpoints via configuration
2026-08-25T04:25:08.896+01:00  INFO 24920 --- [schools-portal] [rap-executor-%d] c.n.d.s.r.a.ConfigClusterResolver        : Resolving eureka endpoints via configuration
2026-08-25T04:30:08.899+01:00  INFO 24920 --- [schools-portal] [rap-executor-%d] c.n.d.s.r.a.ConfigClusterResolver        : Resolving eureka endpoints via configuration
2026-08-25T04:35:08.903+01:00  INFO 24920 --- [schools-portal] [rap-executor-%d] c.n.d.s.r.a.ConfigClusterResolver        : Resolving eureka endpoints via configuration
2026-08-25T04:40:08.906+01:00  INFO 24920 --- [schools-portal] [rap-executor-%d] c.n.d.s.r.a.ConfigClusterResolver        : Resolving eureka endpoints via configuration
2026-08-25T04:45:08.908+01:00  INFO 24920 --- [schools-portal] [rap-executor-%d] c.n.d.s.r.a.ConfigClusterResolver        : Resolving eureka endpoints via configuration
2026-08-25T04:50:08.912+01:00  INFO 24920 --- [schools-portal] [rap-executor-%d] c.n.d.s.r.a.ConfigClusterResolver        : Resolving eureka endpoints via configuration
2026-08-25T04:55:08.915+01:00  INFO 24920 --- [schools-portal] [rap-executor-%d] c.n.d.s.r.a.ConfigClusterResolver        : Resolving eureka endpoints via configuration
2026-08-25T05:00:08.917+01:00  INFO 24920 --- [schools-portal] [rap-executor-%d] c.n.d.s.r.a.ConfigClusterResolver        : Resolving eureka endpoints via configuration
2026-08-25T05:05:08.921+01:00  INFO 24920 --- [schools-portal] [rap-executor-%d] c.n.d.s.r.a.ConfigClusterResolver        : Resolving eureka endpoints via configuration
2026-08-25T05:10:08.925+01:00  INFO 24920 --- [schools-portal] [rap-executor-%d] c.n.d.s.r.a.ConfigClusterResolver        : Resolving eureka endpoints via configuration
2026-08-25T05:15:08.927+01:00  INFO 24920 --- [schools-portal] [rap-executor-%d] c.n.d.s.r.a.ConfigClusterResolver        : Resolving eureka endpoints via configuration
2026-08-25T05:20:08.930+01:00  INFO 24920 --- [schools-portal] [rap-executor-%d] c.n.d.s.r.a.ConfigClusterResolver        : Resolving eureka endpoints via configuration
2026-08-25T05:25:08.933+01:00  INFO 24920 --- [schools-portal] [rap-executor-%d] c.n.d.s.r.a.ConfigClusterResolver        : Resolving eureka endpoints via configuration
2026-08-25T05:30:08.935+01:00  INFO 24920 --- [schools-portal] [rap-executor-%d] c.n.d.s.r.a.ConfigClusterResolver        : Resolving eureka endpoints via configuration
2026-08-25T05:35:08.938+01:00  INFO 24920 --- [schools-portal] [rap-executor-%d] c.n.d.s.r.a.ConfigClusterResolver        : Resolving eureka endpoints via configuration
2026-08-25T05:40:08.940+01:00  INFO 24920 --- [schools-portal] [rap-executor-%d] c.n.d.s.r.a.ConfigClusterResolver        : Resolving eureka endpoints via configuration
2026-08-25T05:45:08.943+01:00  INFO 24920 --- [schools-portal] [rap-executor-%d] c.n.d.s.r.a.ConfigClusterResolver        : Resolving eureka endpoints via configuration
2026-08-25T05:50:08.946+01:00  INFO 24920 --- [schools-portal] [rap-executor-%d] c.n.d.s.r.a.ConfigClusterResolver        : Resolving eureka endpoints via configuration
2026-08-25T05:55:08.948+01:00  INFO 24920 --- [schools-portal] [rap-executor-%d] c.n.d.s.r.a.ConfigClusterResolver        : Resolving eureka endpoints via configuration
2026-08-25T06:00:08.952+01:00  INFO 24920 --- [schools-portal] [rap-executor-%d] c.n.d.s.r.a.ConfigClusterResolver        : Resolving eureka endpoints via configuration
2026-08-25T06:05:08.954+01:00  INFO 24920 --- [schools-portal] [rap-executor-%d] c.n.d.s.r.a.ConfigClusterResolver        : Resolving eureka endpoints via configuration
2026-08-25T06:10:08.957+01:00  INFO 24920 --- [schools-portal] [rap-executor-%d] c.n.d.s.r.a.ConfigClusterResolver        : Resolving eureka endpoints via configuration
2026-08-25T06:15:08.960+01:00  INFO 24920 --- [schools-portal] [rap-executor-%d] c.n.d.s.r.a.ConfigClusterResolver        : Resolving eureka endpoints via configuration
2026-08-25T06:20:08.962+01:00  INFO 24920 --- [schools-portal] [rap-executor-%d] c.n.d.s.r.a.ConfigClusterResolver        : Resolving eureka endpoints via configuration
2026-08-25T06:25:08.965+01:00  INFO 24920 --- [schools-portal] [rap-executor-%d] c.n.d.s.r.a.ConfigClusterResolver        : Resolving eureka endpoints via configuration
2026-08-25T06:30:08.967+01:00  INFO 24920 --- [schools-portal] [rap-executor-%d] c.n.d.s.r.a.ConfigClusterResolver        : Resolving eureka endpoints via configuration
2026-08-25T06:35:08.971+01:00  INFO 24920 --- [schools-portal] [rap-executor-%d] c.n.d.s.r.a.ConfigClusterResolver        : Resolving eureka endpoints via configuration
2026-08-25T06:40:08.975+01:00  INFO 24920 --- [schools-portal] [rap-executor-%d] c.n.d.s.r.a.ConfigClusterResolver        : Resolving eureka endpoints via configuration
2026-08-25T06:45:08.978+01:00  INFO 24920 --- [schools-portal] [rap-executor-%d] c.n.d.s.r.a.ConfigClusterResolver        : Resolving eureka endpoints via configuration
2026-08-25T06:50:08.981+01:00  INFO 24920 --- [schools-portal] [rap-executor-%d] c.n.d.s.r.a.ConfigClusterResolver        : Resolving eureka endpoints via configuration
2026-08-25T06:55:08.984+01:00  INFO 24920 --- [schools-portal] [rap-executor-%d] c.n.d.s.r.a.ConfigClusterResolver        : Resolving eureka endpoints via configuration
2026-08-25T07:00:08.986+01:00  INFO 24920 --- [schools-portal] [rap-executor-%d] c.n.d.s.r.a.ConfigClusterResolver        : Resolving eureka endpoints via configuration
2026-08-25T07:05:08.989+01:00  INFO 24920 --- [schools-portal] [rap-executor-%d] c.n.d.s.r.a.ConfigClusterResolver        : Resolving eureka endpoints via configuration
2026-08-25T07:10:08.992+01:00  INFO 24920 --- [schools-portal] [rap-executor-%d] c.n.d.s.r.a.ConfigClusterResolver        : Resolving eureka endpoints via configuration
2026-08-25T07:15:08.996+01:00  INFO 24920 --- [schools-portal] [rap-executor-%d] c.n.d.s.r.a.ConfigClusterResolver        : Resolving eureka endpoints via configuration
2026-08-25T07:20:08.999+01:00  INFO 24920 --- [schools-portal] [rap-executor-%d] c.n.d.s.r.a.ConfigClusterResolver        : Resolving eureka endpoints via configuration
2026-08-25T07:25:09.002+01:00  INFO 24920 --- [schools-portal] [rap-executor-%d] c.n.d.s.r.a.ConfigClusterResolver        : Resolving eureka endpoints via configuration
2026-08-25T07:30:09.005+01:00  INFO 24920 --- [schools-portal] [rap-executor-%d] c.n.d.s.r.a.ConfigClusterResolver        : Resolving eureka endpoints via configuration
2026-08-25T07:35:09.008+01:00  INFO 24920 --- [schools-portal] [rap-executor-%d] c.n.d.s.r.a.ConfigClusterResolver        : Resolving eureka endpoints via configuration
2026-08-25T07:40:09.011+01:00  INFO 24920 --- [schools-portal] [rap-executor-%d] c.n.d.s.r.a.ConfigClusterResolver        : Resolving eureka endpoints via configuration
2026-08-25T07:45:09.014+01:00  INFO 24920 --- [schools-portal] [rap-executor-%d] c.n.d.s.r.a.ConfigClusterResolver        : Resolving eureka endpoints via configuration
2026-08-25T07:50:09.016+01:00  INFO 24920 --- [schools-portal] [rap-executor-%d] c.n.d.s.r.a.ConfigClusterResolver        : Resolving eureka endpoints via configuration
2026-08-25T07:55:09.020+01:00  INFO 24920 --- [schools-portal] [rap-executor-%d] c.n.d.s.r.a.ConfigClusterResolver        : Resolving eureka endpoints via configuration
2026-08-25T08:00:09.023+01:00  INFO 24920 --- [schools-portal] [rap-executor-%d] c.n.d.s.r.a.ConfigClusterResolver        : Resolving eureka endpoints via configuration
2026-08-25T08:05:09.026+01:00  INFO 24920 --- [schools-portal] [rap-executor-%d] c.n.d.s.r.a.ConfigClusterResolver        : Resolving eureka endpoints via configuration
2026-08-25T08:10:09.029+01:00  INFO 24920 --- [schools-portal] [rap-executor-%d] c.n.d.s.r.a.ConfigClusterResolver        : Resolving eureka endpoints via configuration
2026-08-25T08:15:09.032+01:00  INFO 24920 --- [schools-portal] [rap-executor-%d] c.n.d.s.r.a.ConfigClusterResolver        : Resolving eureka endpoints via configuration
2026-08-25T08:20:09.035+01:00  INFO 24920 --- [schools-portal] [rap-executor-%d] c.n.d.s.r.a.ConfigClusterResolver        : Resolving eureka endpoints via configuration
2026-08-25T08:25:09.038+01:00  INFO 24920 --- [schools-portal] [rap-executor-%d] c.n.d.s.r.a.ConfigClusterResolver        : Resolving eureka endpoints via configuration
2026-08-25T08:30:09.041+01:00  INFO 24920 --- [schools-portal] [rap-executor-%d] c.n.d.s.r.a.ConfigClusterResolver        : Resolving eureka endpoints via configuration
2026-08-25T08:35:09.044+01:00  INFO 24920 --- [schools-portal] [rap-executor-%d] c.n.d.s.r.a.ConfigClusterResolver        : Resolving eureka endpoints via configuration
2026-08-25T08:40:09.048+01:00  INFO 24920 --- [schools-portal] [rap-executor-%d] c.n.d.s.r.a.ConfigClusterResolver        : Resolving eureka endpoints via configuration
2026-08-25T08:45:09.051+01:00  INFO 24920 --- [schools-portal] [rap-executor-%d] c.n.d.s.r.a.ConfigClusterResolver        : Resolving eureka endpoints via configuration
2026-08-25T08:50:09.055+01:00  INFO 24920 --- [schools-portal] [rap-executor-%d] c.n.d.s.r.a.ConfigClusterResolver        : Resolving eureka endpoints via configuration
2026-08-25T08:55:09.057+01:00  INFO 24920 --- [schools-portal] [rap-executor-%d] c.n.d.s.r.a.ConfigClusterResolver        : Resolving eureka endpoints via configuration
2026-08-25T09:00:09.059+01:00  INFO 24920 --- [schools-portal] [rap-executor-%d] c.n.d.s.r.a.ConfigClusterResolver        : Resolving eureka endpoints via configuration
2026-08-25T09:05:09.063+01:00  INFO 24920 --- [schools-portal] [rap-executor-%d] c.n.d.s.r.a.ConfigClusterResolver        : Resolving eureka endpoints via configuration
2026-08-25T09:10:09.065+01:00  INFO 24920 --- [schools-portal] [rap-executor-%d] c.n.d.s.r.a.ConfigClusterResolver        : Resolving eureka endpoints via configuration
2026-08-25T09:15:09.068+01:00  INFO 24920 --- [schools-portal] [rap-executor-%d] c.n.d.s.r.a.ConfigClusterResolver        : Resolving eureka endpoints via configuration
2026-08-25T09:15:53.349+01:00 ERROR 24920 --- [schools-portal] [io-8024-exec-10] u.c.c.i.s.p.RequestForwardingInterceptor : A request has been failed to serve due to service is not ready: impulseservices/api/user/translations :  
2026-08-25T09:15:53.350+01:00 ERROR 24920 --- [schools-portal] [nio-8024-exec-4] u.c.c.i.s.p.RequestForwardingInterceptor : A request has been failed to serve due to service is not ready: impulseservices/api/impulse-config/SCH_PR_RES :  
2026-08-25T09:20:09.071+01:00  INFO 24920 --- [schools-portal] [rap-executor-%d] c.n.d.s.r.a.ConfigClusterResolver        : Resolving eureka endpoints via configuration
2026-08-25T09:25:09.075+01:00  INFO 24920 --- [schools-portal] [rap-executor-%d] c.n.d.s.r.a.ConfigClusterResolver        : Resolving eureka endpoints via configuration
2026-08-25T09:30:09.078+01:00  INFO 24920 --- [schools-portal] [rap-executor-%d] c.n.d.s.r.a.ConfigClusterResolver        : Resolving eureka endpoints via configuration
2026-08-25T09:35:09.081+01:00  INFO 24920 --- [schools-portal] [rap-executor-%d] c.n.d.s.r.a.ConfigClusterResolver        : Resolving eureka endpoints via configuration
2026-08-25T09:40:09.084+01:00  INFO 24920 --- [schools-portal] [rap-executor-%d] c.n.d.s.r.a.ConfigClusterResolver        : Resolving eureka endpoints via configuration
2026-08-25T09:45:09.088+01:00  INFO 24920 --- [schools-portal] [rap-executor-%d] c.n.d.s.r.a.ConfigClusterResolver        : Resolving eureka endpoints via configuration
2026-08-25T09:50:09.090+01:00  INFO 24920 --- [schools-portal] [rap-executor-%d] c.n.d.s.r.a.ConfigClusterResolver        : Resolving eureka endpoints via configuration
2026-08-25T09:55:09.093+01:00  INFO 24920 --- [schools-portal] [rap-executor-%d] c.n.d.s.r.a.ConfigClusterResolver        : Resolving eureka endpoints via configuration
2026-08-25T09:59:52.229+01:00 ERROR 24920 --- [schools-portal] [io-8024-exec-10] u.c.c.i.s.p.RequestForwardingInterceptor : A request has been failed to serve due to service is not ready: impulseservices/api/user/translations :  
2026-08-25T09:59:52.230+01:00 ERROR 24920 --- [schools-portal] [nio-8024-exec-4] u.c.c.i.s.p.RequestForwardingInterceptor : A request has been failed to serve due to service is not ready: impulseservices/api/impulse-config/SCH_PR_RES :  
2026-08-25T10:00:09.097+01:00  INFO 24920 --- [schools-portal] [rap-executor-%d] c.n.d.s.r.a.ConfigClusterResolver        : Resolving eureka endpoints via configuration
2026-08-25T10:01:40.234+01:00 ERROR 24920 --- [schools-portal] [nio-8024-exec-2] u.c.c.i.s.p.RequestForwardingInterceptor : The requested service not found: impulseservices/api/impulse-config/SCH_PR_RES 
2026-08-25T10:01:40.234+01:00 ERROR 24920 --- [schools-portal] [nio-8024-exec-7] u.c.c.i.s.p.RequestForwardingInterceptor : The requested service not found: impulseservices/api/user/translations 
2026-08-25T10:01:40.260+01:00 ERROR 24920 --- [schools-portal] [nio-8024-exec-1] u.c.c.i.s.p.RequestForwardingInterceptor : The requested service not found: impulseservices/api/public/content/schools-portal 
2026-08-25T10:01:40.261+01:00 ERROR 24920 --- [schools-portal] [nio-8024-exec-5] u.c.c.i.s.p.RequestForwardingInterceptor : The requested service not found: impulseservices/api/public/info/reg-statement-chk 
2026-08-25T10:05:09.099+01:00  INFO 24920 --- [schools-portal] [rap-executor-%d] c.n.d.s.r.a.ConfigClusterResolver        : Resolving eureka endpoints via configuration
2026-08-25T10:07:15.672+01:00 ERROR 24920 --- [schools-portal] [nio-8024-exec-6] u.c.c.i.s.p.RequestForwardingInterceptor : A request has been failed from service: impulseservices/api/authenticateMFA : {"message":"Unable to authenticate with these details, please contact your administrator.","timestamp":"2026-08-25T10:07:15.6624473","status":500,"path":"/api/authenticateMFA"} 
2026-08-25T10:10:09.103+01:00  INFO 24920 --- [schools-portal] [rap-executor-%d] c.n.d.s.r.a.ConfigClusterResolver        : Resolving eureka endpoints via configuration
2026-08-25T10:15:09.105+01:00  INFO 24920 --- [schools-portal] [rap-executor-%d] c.n.d.s.r.a.ConfigClusterResolver        : Resolving eureka endpoints via configuration
2026-08-25T10:20:09.108+01:00  INFO 24920 --- [schools-portal] [rap-executor-%d] c.n.d.s.r.a.ConfigClusterResolver        : Resolving eureka endpoints via configuration
2026-08-25T10:25:09.110+01:00  INFO 24920 --- [schools-portal] [rap-executor-%d] c.n.d.s.r.a.ConfigClusterResolver        : Resolving eureka endpoints via configuration
2026-08-25T10:28:09.056+01:00  INFO 24920 --- [schools-portal] [ionShutdownHook] o.s.c.n.e.s.EurekaServiceRegistry        : Unregistering application SCHOOLS-PORTAL with eureka with status DOWN
2026-08-25T10:28:09.056+01:00  INFO 24920 --- [schools-portal] [ionShutdownHook] c.n.d.DiscoveryClient                    : Saw local status change event StatusChangeEvent [timestamp=1787650089056, current=DOWN, previous=UP]
2026-08-25T10:28:09.058+01:00  INFO 24920 --- [schools-portal] [foReplicator-%d] c.n.d.DiscoveryClient                    : DiscoveryClient_SCHOOLS-PORTAL/CYP-WEBTEST-01.development.local:schools-portal:8024: registering service...
2026-08-25T10:28:09.073+01:00  INFO 24920 --- [schools-portal] [ionShutdownHook] o.s.b.w.e.t.GracefulShutdown             : Commencing graceful shutdown. Waiting for active requests to complete
2026-08-25T10:28:09.097+01:00  INFO 24920 --- [schools-portal] [tomcat-shutdown] o.s.b.w.e.t.GracefulShutdown             : Graceful shutdown complete
2026-08-25T10:28:09.185+01:00  INFO 24920 --- [schools-portal] [ionShutdownHook] c.n.d.DiscoveryClient                    : Shutting down DiscoveryClient ...
2026-08-25T10:28:09.277+01:00  INFO 24920 --- [schools-portal] [foReplicator-%d] c.n.d.DiscoveryClient                    : DiscoveryClient_SCHOOLS-PORTAL/CYP-WEBTEST-01.development.local:schools-portal:8024 - registration status: 204
2026-08-25T10:28:09.278+01:00  INFO 24920 --- [schools-portal] [ionShutdownHook] c.n.d.DiscoveryClient                    : Unregistering ...
2026-08-25T10:28:09.284+01:00  WARN 24920 --- [schools-portal] [coveryClient-%d] c.n.d.TimedSupervisorTask                : task supervisor shutting down, can't accept the task
2026-08-25T10:28:09.408+01:00  INFO 24920 --- [schools-portal] [ionShutdownHook] c.n.d.DiscoveryClient                    : DiscoveryClient_SCHOOLS-PORTAL/CYP-WEBTEST-01.development.local:schools-portal:8024 - deregister  status: 200
2026-08-25T10:28:09.408+01:00  INFO 24920 --- [schools-portal] [ionShutdownHook] c.n.d.DiscoveryClient                    : Completed shut down of DiscoveryClient
   _____      _                 _       _____           _        _
  / ____|    | |               | |     |  __ \         | |      | |
 | (___   ___| |__   ___   ___ | |___  | |__) |__  _ __| |_ __ _| |
  \___ \ / __| '_ \ / _ \ / _ \| / __| |  ___/ _ \| '__| __/ _` | |
  ____) | (__| | | | (_) | (_) | \__ \ | |  | (_) | |  | || (_| | |
 |_____/ \___|_| |_|\___/ \___/|_|___/ |_|   \___/|_|   \__\__,_|_|

schools-portal - 17.0.1
2026-08-25T10:28:14.909+01:00  INFO 12680 --- [schools-portal] [           main] u.c.c.i.s.p.ImpulseSchoolsPortal         : Starting ImpulseSchoolsPortal v17.0.1 using Java 21.0.12.1 with PID 12680 (D:\CACI\WebTier\Portals\pgTest01\impulse-schools-portal\impulse-schools-portal.war started by CYP-WEBTEST-01$ in D:\CACI\WebTier\Portals\pgTest01\impulse-schools-portal)
2026-08-25T10:28:14.934+01:00  INFO 12680 --- [schools-portal] [           main] u.c.c.i.s.p.ImpulseSchoolsPortal         : The following 2 profiles are active: "postgres", "onsite-pgTest01"
2026-08-25T10:28:16.508+01:00  INFO 12680 --- [schools-portal] [           main] o.s.c.c.s.GenericScope                   : BeanFactory id=9db2cc42-6285-36c4-922f-d5d3c94dc86a
2026-08-25T10:28:16.563+01:00  INFO 12680 --- [schools-portal] [           main] ptablePropertiesBeanFactoryPostProcessor : Post-processing PropertySource instances
2026-08-25T10:28:16.566+01:00  INFO 12680 --- [schools-portal] [           main] c.u.j.EncryptablePropertySourceConverter : Skipping PropertySource configurationProperties [class org.springframework.boot.context.properties.source.ConfigurationPropertySourcesPropertySource
2026-08-25T10:28:16.567+01:00  INFO 12680 --- [schools-portal] [           main] c.u.j.EncryptablePropertySourceConverter : Converting PropertySource commandLineArgs [org.springframework.core.env.SimpleCommandLinePropertySource] to EncryptableEnumerablePropertySourceWrapper
2026-08-25T10:28:16.567+01:00  INFO 12680 --- [schools-portal] [           main] c.u.j.EncryptablePropertySourceConverter : Skipping PropertySource servletConfigInitParams [class org.springframework.core.env.PropertySource$StubPropertySource
2026-08-25T10:28:16.568+01:00  INFO 12680 --- [schools-portal] [           main] c.u.j.EncryptablePropertySourceConverter : Skipping PropertySource servletContextInitParams [class org.springframework.core.env.PropertySource$StubPropertySource
2026-08-25T10:28:16.568+01:00  INFO 12680 --- [schools-portal] [           main] c.u.j.EncryptablePropertySourceConverter : Converting PropertySource systemProperties [org.springframework.core.env.PropertiesPropertySource] to EncryptableMapPropertySourceWrapper
2026-08-25T10:28:16.568+01:00  INFO 12680 --- [schools-portal] [           main] c.u.j.EncryptablePropertySourceConverter : Converting PropertySource systemEnvironment [org.springframework.boot.env.SystemEnvironmentPropertySourceEnvironmentPostProcessor$OriginAwareSystemEnvironmentPropertySource] to EncryptableSystemEnvironmentPropertySourceWrapper
2026-08-25T10:28:16.569+01:00  INFO 12680 --- [schools-portal] [           main] c.u.j.EncryptablePropertySourceConverter : Converting PropertySource random [org.springframework.boot.env.RandomValuePropertySource] to EncryptablePropertySourceWrapper
2026-08-25T10:28:16.569+01:00  INFO 12680 --- [schools-portal] [           main] c.u.j.EncryptablePropertySourceConverter : Converting PropertySource cachedrandom [org.springframework.cloud.util.random.CachedRandomPropertySource] to EncryptablePropertySourceWrapper
2026-08-25T10:28:16.569+01:00  INFO 12680 --- [schools-portal] [           main] c.u.j.EncryptablePropertySourceConverter : Converting PropertySource Config resource 'file [D:\CACI\WebTier\Config\Portals\pgTest01\application-postgres.yml]' via location 'file:///D:/CACI/WebTier/Config/Portals/pgTest01/' [org.springframework.boot.env.OriginTrackedMapPropertySource] to EncryptableMapPropertySourceWrapper
2026-08-25T10:28:16.569+01:00  INFO 12680 --- [schools-portal] [           main] c.u.j.EncryptablePropertySourceConverter : Converting PropertySource Config resource 'file [application-onsite-pgTest01.yml]' via location 'optional:file:./' [org.springframework.boot.env.OriginTrackedMapPropertySource] to EncryptableMapPropertySourceWrapper
2026-08-25T10:28:16.569+01:00  INFO 12680 --- [schools-portal] [           main] c.u.j.EncryptablePropertySourceConverter : Converting PropertySource Config resource 'class path resource [config/application.yml]' via location 'optional:classpath:/config/' [org.springframework.boot.env.OriginTrackedMapPropertySource] to EncryptableMapPropertySourceWrapper
2026-08-25T10:28:16.569+01:00  INFO 12680 --- [schools-portal] [           main] c.u.j.EncryptablePropertySourceConverter : Converting PropertySource springCloudClientHostInfo [org.springframework.core.env.MapPropertySource] to EncryptableMapPropertySourceWrapper
2026-08-25T10:28:16.569+01:00  INFO 12680 --- [schools-portal] [           main] c.u.j.EncryptablePropertySourceConverter : Converting PropertySource applicationInfo [org.springframework.boot.ApplicationInfoPropertySource] to EncryptableMapPropertySourceWrapper
2026-08-25T10:28:16.569+01:00  INFO 12680 --- [schools-portal] [           main] c.u.j.EncryptablePropertySourceConverter : Converting PropertySource defaultProperties [org.springframework.boot.DefaultPropertiesPropertySource] to EncryptableMapPropertySourceWrapper
2026-08-25T10:28:16.995+01:00  INFO 12680 --- [schools-portal] [           main] c.u.j.f.DefaultLazyPropertyFilter        : Property Filter custom Bean not found with name 'encryptablePropertyFilter'. Initializing Default Property Filter
2026-08-25T10:28:17.030+01:00  INFO 12680 --- [schools-portal] [           main] c.u.j.r.DefaultLazyPropertyResolver      : Property Resolver custom Bean not found with name 'encryptablePropertyResolver'. Initializing Default Property Resolver
2026-08-25T10:28:17.034+01:00  INFO 12680 --- [schools-portal] [           main] c.u.j.d.DefaultLazyPropertyDetector      : Property Detector custom Bean not found with name 'encryptablePropertyDetector'. Initializing Default Property Detector
2026-08-25T10:28:17.361+01:00  INFO 12680 --- [schools-portal] [           main] o.s.b.w.e.t.TomcatWebServer              : Tomcat initialized with port 8024 (http)
2026-08-25T10:28:17.554+01:00  INFO 12680 --- [schools-portal] [           main] w.s.c.ServletWebServerApplicationContext : Root WebApplicationContext: initialization completed in 2526 ms
2026-08-25T10:28:17.853+01:00  INFO 12680 --- [schools-portal] [           main] DiscoveryClientOptionalArgsConfiguration : Eureka HTTP Client uses RestTemplate.
2026-08-25T10:28:18.078+01:00  INFO 12680 --- [schools-portal] [           main] o.s.c.n.e.InstanceInfoFactory            : Setting initial instance status as: STARTING
2026-08-25T10:28:18.143+01:00  INFO 12680 --- [schools-portal] [           main] c.n.d.DiscoveryClient                    : Initializing Eureka in region us-east-1
2026-08-25T10:28:18.171+01:00  INFO 12680 --- [schools-portal] [           main] c.n.d.s.r.a.ConfigClusterResolver        : Resolving eureka endpoints via configuration
2026-08-25T10:28:18.234+01:00  INFO 12680 --- [schools-portal] [           main] c.n.d.DiscoveryClient                    : Disable delta property : false
2026-08-25T10:28:18.235+01:00  INFO 12680 --- [schools-portal] [           main] c.n.d.DiscoveryClient                    : Single vip registry refresh property : null
2026-08-25T10:28:18.235+01:00  INFO 12680 --- [schools-portal] [           main] c.n.d.DiscoveryClient                    : Force full registry fetch : false
2026-08-25T10:28:18.235+01:00  INFO 12680 --- [schools-portal] [           main] c.n.d.DiscoveryClient                    : Application is null : false
2026-08-25T10:28:18.235+01:00  INFO 12680 --- [schools-portal] [           main] c.n.d.DiscoveryClient                    : Registered Applications size is zero : true
2026-08-25T10:28:18.236+01:00  INFO 12680 --- [schools-portal] [           main] c.n.d.DiscoveryClient                    : Application version is -1: true
2026-08-25T10:28:18.236+01:00  INFO 12680 --- [schools-portal] [           main] c.n.d.DiscoveryClient                    : Getting all instance registry info from the eureka server
2026-08-25T10:28:19.218+01:00  INFO 12680 --- [schools-portal] [           main] c.n.d.DiscoveryClient                    : The response status is 200
2026-08-25T10:28:19.221+01:00  INFO 12680 --- [schools-portal] [           main] c.n.d.DiscoveryClient                    : Starting heartbeat executor: renew interval is: 30
2026-08-25T10:28:19.224+01:00  INFO 12680 --- [schools-portal] [           main] c.n.d.InstanceInfoReplicator             : InstanceInfoReplicator onDemand update allowed rate per min is 4
2026-08-25T10:28:19.226+01:00  INFO 12680 --- [schools-portal] [           main] c.n.d.DiscoveryClient                    : Discovery Client initialized at timestamp 1787650099225 with initial instances count: 11
2026-08-25T10:28:19.555+01:00  INFO 12680 --- [schools-portal] [           main] o.s.b.a.w.s.WelcomePageHandlerMapping    : Adding welcome page: ServletContext resource [/index.html]
2026-08-25T10:28:19.979+01:00  WARN 12680 --- [schools-portal] [           main] iguration$LoadBalancerCaffeineWarnLogger : Spring Cloud LoadBalancer is currently working with the default cache. While this cache implementation is useful for development and tests, it's recommended to use Caffeine cache in production.You can switch to using Caffeine cache, by adding it and org.springframework.cache.caffeine.CaffeineCacheManager to the classpath.
2026-08-25T10:28:20.011+01:00  INFO 12680 --- [schools-portal] [           main] o.s.c.n.e.s.EurekaServiceRegistry        : Registering application SCHOOLS-PORTAL with eureka with status UP
2026-08-25T10:28:20.012+01:00  INFO 12680 --- [schools-portal] [           main] c.n.d.DiscoveryClient                    : Saw local status change event StatusChangeEvent [timestamp=1787650100012, current=UP, previous=STARTING]
2026-08-25T10:28:20.015+01:00  INFO 12680 --- [schools-portal] [foReplicator-%d] c.n.d.DiscoveryClient                    : DiscoveryClient_SCHOOLS-PORTAL/CYP-WEBTEST-01.development.local:schools-portal:8024: registering service...
2026-08-25T10:28:20.109+01:00  INFO 12680 --- [schools-portal] [           main] o.s.b.w.e.t.TomcatWebServer              : Tomcat started on port 8024 (http) with context path '/'
2026-08-25T10:28:20.110+01:00  INFO 12680 --- [schools-portal] [           main] .s.c.n.e.s.EurekaAutoServiceRegistration : Updating port to 8024
2026-08-25T10:28:20.111+01:00  INFO 12680 --- [schools-portal] [           main] u.j.c.RefreshScopeRefreshedEventListener : Refreshing cached encryptable property sources on ServletWebServerInitializedEvent
2026-08-25T10:28:20.111+01:00  INFO 12680 --- [schools-portal] [           main] CachingDelegateEncryptablePropertySource : Property Source commandLineArgs refreshed
2026-08-25T10:28:20.112+01:00  INFO 12680 --- [schools-portal] [           main] CachingDelegateEncryptablePropertySource : Property Source systemProperties refreshed
2026-08-25T10:28:20.112+01:00  INFO 12680 --- [schools-portal] [           main] CachingDelegateEncryptablePropertySource : Property Source systemEnvironment refreshed
2026-08-25T10:28:20.112+01:00  INFO 12680 --- [schools-portal] [           main] CachingDelegateEncryptablePropertySource : Property Source random refreshed
2026-08-25T10:28:20.112+01:00  INFO 12680 --- [schools-portal] [           main] CachingDelegateEncryptablePropertySource : Property Source cachedrandom refreshed
2026-08-25T10:28:20.112+01:00  INFO 12680 --- [schools-portal] [           main] CachingDelegateEncryptablePropertySource : Property Source Config resource 'file [D:\CACI\WebTier\Config\Portals\pgTest01\application-postgres.yml]' via location 'file:///D:/CACI/WebTier/Config/Portals/pgTest01/' refreshed
2026-08-25T10:28:20.112+01:00  INFO 12680 --- [schools-portal] [           main] CachingDelegateEncryptablePropertySource : Property Source Config resource 'file [application-onsite-pgTest01.yml]' via location 'optional:file:./' refreshed
2026-08-25T10:28:20.112+01:00  INFO 12680 --- [schools-portal] [           main] CachingDelegateEncryptablePropertySource : Property Source Config resource 'class path resource [config/application.yml]' via location 'optional:classpath:/config/' refreshed
2026-08-25T10:28:20.112+01:00  INFO 12680 --- [schools-portal] [           main] CachingDelegateEncryptablePropertySource : Property Source springCloudClientHostInfo refreshed
2026-08-25T10:28:20.112+01:00  INFO 12680 --- [schools-portal] [           main] CachingDelegateEncryptablePropertySource : Property Source applicationInfo refreshed
2026-08-25T10:28:20.112+01:00  INFO 12680 --- [schools-portal] [           main] CachingDelegateEncryptablePropertySource : Property Source defaultProperties refreshed
2026-08-25T10:28:20.113+01:00  INFO 12680 --- [schools-portal] [           main] c.u.j.EncryptablePropertySourceConverter : Skipping PropertySource configurationProperties [class org.springframework.boot.context.properties.source.ConfigurationPropertySourcesPropertySource
2026-08-25T10:28:20.113+01:00  INFO 12680 --- [schools-portal] [           main] c.u.j.EncryptablePropertySourceConverter : Skipping PropertySource servletConfigInitParams [class org.springframework.core.env.PropertySource$StubPropertySource
2026-08-25T10:28:20.113+01:00  INFO 12680 --- [schools-portal] [           main] c.u.j.EncryptablePropertySourceConverter : Converting PropertySource servletContextInitParams [org.springframework.web.context.support.ServletContextPropertySource] to EncryptableEnumerablePropertySourceWrapper
2026-08-25T10:28:20.130+01:00  INFO 12680 --- [schools-portal] [           main] u.c.c.i.s.p.ImpulseSchoolsPortal         : Started ImpulseSchoolsPortal in 6.183 seconds (process running for 8.048)
2026-08-25T10:28:20.137+01:00  INFO 12680 --- [schools-portal] [           main] u.c.c.i.s.p.ImpulseSchoolsPortal         : 
----------------------------------------------------------
	Application 'schools-portal' is running! Access URLs:
	Local: http://localhost:8024
	External: http://10.102.18.72:8024
	Profile(s): [postgres, onsite-pgTest01]
----------------------------------------------------------
2026-08-25T10:28:20.182+01:00  INFO 12680 --- [schools-portal] [foReplicator-%d] c.n.d.DiscoveryClient                    : DiscoveryClient_SCHOOLS-PORTAL/CYP-WEBTEST-01.development.local:schools-portal:8024 - registration status: 204
2026-08-25T10:33:18.243+01:00  INFO 12680 --- [schools-portal] [rap-executor-%d] c.n.d.s.r.a.ConfigClusterResolver        : Resolving eureka endpoints via configuration
2026-08-25T10:38:18.247+01:00  INFO 12680 --- [schools-portal] [rap-executor-%d] c.n.d.s.r.a.ConfigClusterResolver        : Resolving eureka endpoints via configuration
2026-08-25T10:43:18.250+01:00  INFO 12680 --- [schools-portal] [rap-executor-%d] c.n.d.s.r.a.ConfigClusterResolver        : Resolving eureka endpoints via configuration
2026-08-25T10:48:18.253+01:00  INFO 12680 --- [schools-portal] [rap-executor-%d] c.n.d.s.r.a.ConfigClusterResolver        : Resolving eureka endpoints via configuration
2026-08-25T10:53:18.256+01:00  INFO 12680 --- [schools-portal] [rap-executor-%d] c.n.d.s.r.a.ConfigClusterResolver        : Resolving eureka endpoints via configuration
2026-08-25T10:58:18.260+01:00  INFO 12680 --- [schools-portal] [rap-executor-%d] c.n.d.s.r.a.ConfigClusterResolver        : Resolving eureka endpoints via configuration
2026-08-25T11:03:18.264+01:00  INFO 12680 --- [schools-portal] [rap-executor-%d] c.n.d.s.r.a.ConfigClusterResolver        : Resolving eureka endpoints via configuration
2026-08-25T11:08:18.268+01:00  INFO 12680 --- [schools-portal] [rap-executor-%d] c.n.d.s.r.a.ConfigClusterResolver        : Resolving eureka endpoints via configuration
2026-08-25T11:13:18.272+01:00  INFO 12680 --- [schools-portal] [rap-executor-%d] c.n.d.s.r.a.ConfigClusterResolver        : Resolving eureka endpoints via configuration
2026-08-25T11:18:18.275+01:00  INFO 12680 --- [schools-portal] [rap-executor-%d] c.n.d.s.r.a.ConfigClusterResolver        : Resolving eureka endpoints via configuration
2026-08-25T11:23:18.279+01:00  INFO 12680 --- [schools-portal] [rap-executor-%d] c.n.d.s.r.a.ConfigClusterResolver        : Resolving eureka endpoints via configuration
2026-08-25T11:25:09.797+01:00  INFO 12680 --- [schools-portal] [nio-8024-exec-5] o.s.w.s.DispatcherServlet                : Initializing Servlet 'dispatcherServlet'
2026-08-25T11:25:09.799+01:00  INFO 12680 --- [schools-portal] [nio-8024-exec-5] o.s.w.s.DispatcherServlet                : Completed initialization in 1 ms
2026-08-25T11:25:09.919+01:00 ERROR 12680 --- [schools-portal] [nio-8024-exec-4] u.c.c.i.s.p.RequestForwardingInterceptor : A request has been failed to serve due to service is not ready: impulseservices/api/impulse-config/SCH_PR_RES :  
2026-08-25T11:25:09.919+01:00 ERROR 12680 --- [schools-portal] [nio-8024-exec-3] u.c.c.i.s.p.RequestForwardingInterceptor : A request has been failed to serve due to service is not ready: impulseservices/api/user/translations :  
2026-08-25T11:28:18.282+01:00  INFO 12680 --- [schools-portal] [rap-executor-%d] c.n.d.s.r.a.ConfigClusterResolver        : Resolving eureka endpoints via configuration
2026-08-25T11:33:18.286+01:00  INFO 12680 --- [schools-portal] [rap-executor-%d] c.n.d.s.r.a.ConfigClusterResolver        : Resolving eureka endpoints via configuration
2026-08-25T11:38:18.293+01:00  INFO 12680 --- [schools-portal] [rap-executor-%d] c.n.d.s.r.a.ConfigClusterResolver        : Resolving eureka endpoints via configuration
2026-08-25T11:43:18.296+01:00  INFO 12680 --- [schools-portal] [rap-executor-%d] c.n.d.s.r.a.ConfigClusterResolver        : Resolving eureka endpoints via configuration
2026-08-25T11:48:18.301+01:00  INFO 12680 --- [schools-portal] [rap-executor-%d] c.n.d.s.r.a.ConfigClusterResolver        : Resolving eureka endpoints via configuration
2026-08-25T11:53:18.305+01:00  INFO 12680 --- [schools-portal] [rap-executor-%d] c.n.d.s.r.a.ConfigClusterResolver        : Resolving eureka endpoints via configuration
2026-08-25T11:58:18.309+01:00  INFO 12680 --- [schools-portal] [rap-executor-%d] c.n.d.s.r.a.ConfigClusterResolver        : Resolving eureka endpoints via configuration
2026-08-25T11:59:18.569+01:00 ERROR 12680 --- [schools-portal] [nio-8024-exec-9] u.c.c.i.s.p.RequestForwardingInterceptor : A request has been failed from service: impulseservices/api/authenticateMFA : {"message":"Unable to authenticate with these details, please contact your administrator.","timestamp":"2026-08-25T11:59:18.5553773","status":500,"path":"/api/authenticateMFA"} 
2026-08-25T12:03:18.313+01:00  INFO 12680 --- [schools-portal] [rap-executor-%d] c.n.d.s.r.a.ConfigClusterResolver        : Resolving eureka endpoints via configuration
